Script started on 2025-10-02 17:27:55-07:00 [TERM="xterm-256color" TTY="/dev/pts/0" COLUMNS="263" LINES="34"]
[?2004h]0;faiza@birdlab-arl: ~/Documents/NeuralFoil[01;32mfaiza@birdlab-arl[00m:[01;34m~/Documents/NeuralFoil[00m$ sourve[K[Kce venv/bin/activate
[?2004l[?2004h(venv) ]0;faiza@birdlab-arl: ~/Documents/NeuralFoil[01;32mfaiza@birdlab-arl[00m:[01;34m~/Documents/NeuralFoil[00m$ python training/train.py
[?2004lReading /home/faiza/Documents/NeuralFoil/training/training_data/data_xfoil_clean.csv...
	12091474 rows
Nullifying 0 rows with CD <= 0...
Nullifying 0 rows with nonpositive boundary layer thetas...
Nullifying 0 rows with H < 1 (non-physical BL)...
Nullifying 0 rows with non-physical edge velocities...
Nullifying 69 rows with non-physical transition locations...
Dataset:
shape: (12_091_474, 222)
┌────────────────┬────────────────┬────────────────┬────────────────┬───┬─────────────────────┬─────────────────────┬─────────────────────┬─────────────────────┐
│ kulfan_upper_0 ┆ kulfan_upper_1 ┆ kulfan_upper_2 ┆ kulfan_upper_3 ┆ … ┆ lower_bl_ue/vinf_28 ┆ lower_bl_ue/vinf_29 ┆ lower_bl_ue/vinf_30 ┆ lower_bl_ue/vinf_31 │
│ ---            ┆ ---            ┆ ---            ┆ ---            ┆   ┆ ---                 ┆ ---                 ┆ ---                 ┆ ---                 │
│ f32            ┆ f32            ┆ f32            ┆ f32            ┆   ┆ f32                 ┆ f32                 ┆ f32                 ┆ f32                 │
╞════════════════╪════════════════╪════════════════╪════════════════╪═══╪═════════════════════╪═════════════════════╪═════════════════════╪═════════════════════╡
│ -0.000164      ┆ -0.001854      ┆ 0.003349       ┆ -0.005851      ┆ … ┆ null                ┆ null                ┆ null                ┆ null                │
│ -0.000164      ┆ -0.001854      ┆ 0.003349       ┆ -0.005851      ┆ … ┆ null                ┆ null                ┆ null                ┆ null                │
│ -0.000164      ┆ -0.001854      ┆ 0.003349       ┆ -0.005851      ┆ … ┆ null                ┆ null                ┆ null                ┆ null                │
│ -0.000164      ┆ -0.001854      ┆ 0.003349       ┆ -0.005851      ┆ … ┆ null                ┆ null                ┆ null                ┆ null                │
│ -0.000164      ┆ -0.001854      ┆ 0.003349       ┆ -0.005851      ┆ … ┆ null                ┆ null                ┆ null                ┆ null                │
│ …              ┆ …              ┆ …              ┆ …              ┆ … ┆ …                   ┆ …                   ┆ …                   ┆ …                   │
│ -0.000016      ┆ -0.000444      ┆ 0.000937       ┆ -0.001814      ┆ … ┆ null                ┆ null                ┆ null                ┆ null                │
│ -0.000016      ┆ -0.000444      ┆ 0.000937       ┆ -0.001814      ┆ … ┆ null                ┆ null                ┆ null                ┆ null                │
│ -0.000016      ┆ -0.000444      ┆ 0.000937       ┆ -0.001814      ┆ … ┆ null                ┆ null                ┆ null                ┆ null                │
│ -0.000016      ┆ -0.000444      ┆ 0.000937       ┆ -0.001814      ┆ … ┆ null                ┆ null                ┆ null                ┆ null                │
│ -0.000016      ┆ -0.000444      ┆ 0.000937       ┆ -0.001814      ┆ … ┆ null                ┆ null                ┆ null                ┆ null                │
└────────────────┴────────────────┴────────────────┴────────────────┴───┴─────────────────────┴─────────────────────┴─────────────────────┴─────────────────────┘
At calculation now
shape: (12_091_474, 24)
┌─────────────────────┬─────────────────────┬─────────────────────┬─────────────────────┬───┬──────────────────────┬──────────────────────┬──────────────────────┬──────────────────────┐
│ s_upper_first_der_0 ┆ s_upper_first_der_1 ┆ s_upper_first_der_2 ┆ s_upper_first_der_3 ┆ … ┆ s_lower_second_der_2 ┆ s_lower_second_der_3 ┆ s_lower_second_der_4 ┆ s_lower_second_der_5 │
│ ---                 ┆ ---                 ┆ ---                 ┆ ---                 ┆   ┆ ---                  ┆ ---                  ┆ ---                  ┆ ---                  │
│ f64                 ┆ f64                 ┆ f64                 ┆ f64                 ┆   ┆ f64                  ┆ f64                  ┆ f64                  ┆ f64                  │
╞═════════════════════╪═════════════════════╪═════════════════════╪═════════════════════╪═══╪══════════════════════╪══════════════════════╪══════════════════════╪══════════════════════╡
│ -0.000017           ┆ 0.000012            ┆ 6.6090e-7           ┆ -0.000006           ┆ … ┆ -0.000316            ┆ 0.001219             ┆ -0.002171            ┆ 0.005055             │
│ -0.000019           ┆ 0.000014            ┆ 6.9075e-7           ┆ -0.000007           ┆ … ┆ -0.000368            ┆ 0.001401             ┆ -0.002489            ┆ 0.005771             │
│ 0.000095            ┆ -0.000077           ┆ 0.000083            ┆ -0.000095           ┆ … ┆ 0.000306             ┆ -0.000303            ┆ 0.000109             ┆ -0.000673            │
│ 0.00009             ┆ -0.000072           ┆ 0.000083            ┆ -0.000099           ┆ … ┆ 0.000101             ┆ 0.000272             ┆ -0.000852            ┆ 0.001273             │
│ 0.000053            ┆ -0.000042           ┆ 0.000047            ┆ -0.000055           ┆ … ┆ 0.000117             ┆ -0.000015            ┆ -0.0002              ┆ 0.000147             │
│ …                   ┆ …                   ┆ …                   ┆ …                   ┆ … ┆ …                    ┆ …                    ┆ …                    ┆ …                    │
│ 0.000085            ┆ -0.000068           ┆ 0.000075            ┆ -0.000087           ┆ … ┆ 0.000219             ┆ -0.000113            ┆ -0.000172            ┆ -0.000063            │
│ 0.000048            ┆ -0.000038           ┆ 0.000042            ┆ -0.000049           ┆ … ┆ 0.000127             ┆ -0.000075            ┆ -0.000078            ┆ -0.000073            │
│ 0.000446            ┆ -0.000356           ┆ 0.000301            ┆ -0.000272           ┆ … ┆ 0.004738             ┆ -0.010968            ┆ 0.016639             ┆ -0.034851            │
│ -0.000011           ┆ 0.000008            ┆ 3.8864e-7           ┆ -0.000004           ┆ … ┆ -0.000215            ┆ 0.000814             ┆ -0.001444            ┆ 0.003343             │
│ 0.000464            ┆ -0.000369           ┆ 0.000289            ┆ -0.000237           ┆ … ┆ 0.005857             ┆ -0.013954            ┆ 0.021501             ┆ -0.044207            │
└─────────────────────┴─────────────────────┴─────────────────────┴─────────────────────┴───┴──────────────────────┴──────────────────────┴──────────────────────┴──────────────────────┘
Made scaled dataset
found insertion index
cut dataframe at insertion index
stacked inputs using pl.concat
/home/faiza/Documents/NeuralFoil/venv/lib/python3.10/site-packages/polars/series/series.py:1561: RuntimeWarning: divide by zero encountered in log
  lambda out: ufunc(*args, out=out, dtype=dtype_char, **kwargs),
Splitting data between test and train sets has been completed
The input training data is shaped as shape: (9, 50)
┌────────────┬──────────────────┬──────────────────┬──────────────────┬───┬───────────┬───────────┬─────────────┬─────────────┐
│ statistic  ┆ s_kulfan_upper_0 ┆ s_kulfan_upper_1 ┆ s_kulfan_upper_2 ┆ … ┆ s_Re      ┆ s_n_crit  ┆ s_xtr_upper ┆ s_xtr_lower │
│ ---        ┆ ---              ┆ ---              ┆ ---              ┆   ┆ ---       ┆ ---       ┆ ---         ┆ ---         │
│ str        ┆ f64              ┆ f64              ┆ f64              ┆   ┆ f64       ┆ f64       ┆ f64         ┆ f64         │
╞════════════╪══════════════════╪══════════════════╪══════════════════╪═══╪═══════════╪═══════════╪═════════════╪═════════════╡
│ count      ┆ 1.14869e7        ┆ 1.14869e7        ┆ 1.14869e7        ┆ … ┆ 1.14869e7 ┆ 1.14869e7 ┆ 1.14869e7   ┆ 1.14869e7   │
│ null_count ┆ 0.0              ┆ 0.0              ┆ 0.0              ┆ … ┆ 0.0       ┆ 0.0       ┆ 0.0         ┆ 0.0         │
│ mean       ┆ -0.00012         ┆ -0.002374        ┆ 0.004818         ┆ … ┆ 0.041042  ┆ 0.000314  ┆ 0.899974    ┆ 0.900292    │
│ std        ┆ 0.028023         ┆ 0.17943          ┆ 0.241565         ┆ … ┆ 0.985103  ┆ 1.154928  ┆ 0.238228    ┆ 0.237629    │
│ min        ┆ -10.466393       ┆ -48.770702       ┆ -75.41729        ┆ … ┆ -4.838695 ┆ -1.999998 ┆ 5.9839e-7   ┆ 7.6815e-7   │
│ 25%        ┆ -0.000045        ┆ -0.000914        ┆ -0.002013        ┆ … ┆ -0.621547 ┆ -0.999574 ┆ 1.0         ┆ 1.0         │
│ 50%        ┆ 0.000121         ┆ 0.000499         ┆ -0.000031        ┆ … ┆ 0.044808  ┆ 0.000246  ┆ 1.0         ┆ 1.0         │
│ 75%        ┆ 0.000342         ┆ 0.001715         ┆ 0.002011         ┆ … ┆ 0.709958  ┆ 0.999689  ┆ 1.0         ┆ 1.0         │
│ max        ┆ 9.622341         ┆ 53.289459        ┆ 67.198463        ┆ … ┆ 4.693383  ┆ 2.0       ┆ 1.0         ┆ 1.0         │
└────────────┴──────────────────┴──────────────────┴──────────────────┴───┴───────────┴───────────┴─────────────┴─────────────┘ 
The output training data is shaped as shape: (9, 199)
┌────────────┬───────────────────────┬─────────────┬─────────────┬───┬───────────────────────┬───────────────────────┬───────────────────────┬───────────────────────┐
│ statistic  ┆ s_analysis_confidence ┆ s_CL        ┆ s_ln_CD     ┆ … ┆ s_lower_bl_ue/vinf_28 ┆ s_lower_bl_ue/vinf_29 ┆ s_lower_bl_ue/vinf_30 ┆ s_lower_bl_ue/vinf_31 │
│ ---        ┆ ---                   ┆ ---         ┆ ---         ┆   ┆ ---                   ┆ ---                   ┆ ---                   ┆ ---                   │
│ str        ┆ f64                   ┆ f64         ┆ f64         ┆   ┆ f64                   ┆ f64                   ┆ f64                   ┆ f64                   │
╞════════════╪═══════════════════════╪═════════════╪═════════════╪═══╪═══════════════════════╪═══════════════════════╪═══════════════════════╪═══════════════════════╡
│ count      ┆ 1.14869e7             ┆ 128394.0    ┆ 128394.0    ┆ … ┆ 128394.0              ┆ 128394.0              ┆ 128394.0              ┆ 128394.0              │
│ null_count ┆ 0.0                   ┆ 1.1358506e7 ┆ 1.1358506e7 ┆ … ┆ 1.1358506e7           ┆ 1.1358506e7           ┆ 1.1358506e7           ┆ 1.1358506e7           │
│ mean       ┆ 0.011177              ┆ 0.232952    ┆ 0.819108    ┆ … ┆ -1.119265             ┆ -1.124448             ┆ -1.131749             ┆ -1.143869             │
│ std        ┆ 0.105131              ┆ 0.735863    ┆ 0.901056    ┆ … ┆ 0.163172              ┆ 0.162174              ┆ 0.161953              ┆ 0.162589              │
│ min        ┆ 0.0                   ┆ -3.9998     ┆ -1.278549   ┆ … ┆ -2.569015             ┆ -2.566856             ┆ -2.564745             ┆ -2.562694             │
│ 25%        ┆ 0.0                   ┆ -0.0282     ┆ 0.233378    ┆ … ┆ -1.160588             ┆ -1.169034             ┆ -1.184177             ┆ -1.209839             │
│ 50%        ┆ 0.0                   ┆ 0.113       ┆ 1.036039    ┆ … ┆ -1.072157             ┆ -1.08396              ┆ -1.097835             ┆ -1.116125             │
│ 75%        ┆ 0.0                   ┆ 0.6238      ┆ 1.325886    ┆ … ┆ -1.006738             ┆ -1.007989             ┆ -1.009809             ┆ -1.013594             │
│ max        ┆ 1.0                   ┆ 4.2192      ┆ 5.438669    ┆ … ┆ -0.562231             ┆ -0.551524             ┆ -0.544611             ┆ -0.543632             │
└────────────┴───────────────────────┴─────────────┴─────────────┴───┴───────────────────────┴───────────────────────┴───────────────────────┴───────────────────────┘ 
The input test data is shaped as shape: (9, 50)
┌────────────┬──────────────────┬──────────────────┬──────────────────┬───┬───────────┬───────────┬─────────────┬─────────────┐
│ statistic  ┆ s_kulfan_upper_0 ┆ s_kulfan_upper_1 ┆ s_kulfan_upper_2 ┆ … ┆ s_Re      ┆ s_n_crit  ┆ s_xtr_upper ┆ s_xtr_lower │
│ ---        ┆ ---              ┆ ---              ┆ ---              ┆   ┆ ---       ┆ ---       ┆ ---         ┆ ---         │
│ str        ┆ f64              ┆ f64              ┆ f64              ┆   ┆ f64       ┆ f64       ┆ f64         ┆ f64         │
╞════════════╪══════════════════╪══════════════════╪══════════════════╪═══╪═══════════╪═══════════╪═════════════╪═════════════╡
│ count      ┆ 604574.0         ┆ 604574.0         ┆ 604574.0         ┆ … ┆ 604574.0  ┆ 604574.0  ┆ 604574.0    ┆ 604574.0    │
│ null_count ┆ 0.0              ┆ 0.0              ┆ 0.0              ┆ … ┆ 0.0       ┆ 0.0       ┆ 0.0         ┆ 0.0         │
│ mean       ┆ -0.000148        ┆ -0.002496        ┆ 0.004872         ┆ … ┆ 0.038607  ┆ 0.002367  ┆ 0.900102    ┆ 0.900104    │
│ std        ┆ 0.024523         ┆ 0.164289         ┆ 0.232631         ┆ … ┆ 0.986149  ┆ 1.155689  ┆ 0.237947    ┆ 0.237784    │
│ min        ┆ -9.256884        ┆ -44.338943       ┆ -50.349831       ┆ … ┆ -4.58441  ┆ -1.999995 ┆ 5.9839e-7   ┆ 7.6815e-7   │
│ 25%        ┆ -0.000045        ┆ -0.000914        ┆ -0.002011        ┆ … ┆ -0.623579 ┆ -1.000865 ┆ 1.0         ┆ 1.0         │
│ 50%        ┆ 0.000121         ┆ 0.000499         ┆ -0.000053        ┆ … ┆ 0.043554  ┆ 0.003451  ┆ 1.0         ┆ 1.0         │
│ 75%        ┆ 0.000342         ┆ 0.001714         ┆ 0.002011         ┆ … ┆ 0.708834  ┆ 1.00393   ┆ 1.0         ┆ 1.0         │
│ max        ┆ 5.993349         ┆ 37.52737         ┆ 49.768776        ┆ … ┆ 4.693383  ┆ 1.999995  ┆ 1.0         ┆ 1.0         │
└────────────┴──────────────────┴──────────────────┴──────────────────┴───┴───────────┴───────────┴─────────────┴─────────────┘ 
The output test data is shaped as shape: (9, 199)
┌────────────┬───────────────────────┬──────────┬───────────┬───┬───────────────────────┬───────────────────────┬───────────────────────┬───────────────────────┐
│ statistic  ┆ s_analysis_confidence ┆ s_CL     ┆ s_ln_CD   ┆ … ┆ s_lower_bl_ue/vinf_28 ┆ s_lower_bl_ue/vinf_29 ┆ s_lower_bl_ue/vinf_30 ┆ s_lower_bl_ue/vinf_31 │
│ ---        ┆ ---                   ┆ ---      ┆ ---       ┆   ┆ ---                   ┆ ---                   ┆ ---                   ┆ ---                   │
│ str        ┆ f64                   ┆ f64      ┆ f64       ┆   ┆ f64                   ┆ f64                   ┆ f64                   ┆ f64                   │
╞════════════╪═══════════════════════╪══════════╪═══════════╪═══╪═══════════════════════╪═══════════════════════╪═══════════════════════╪═══════════════════════╡
│ count      ┆ 604574.0              ┆ 6705.0   ┆ 6705.0    ┆ … ┆ 6705.0                ┆ 6705.0                ┆ 6705.0                ┆ 6705.0                │
│ null_count ┆ 0.0                   ┆ 597869.0 ┆ 597869.0  ┆ … ┆ 597869.0              ┆ 597869.0              ┆ 597869.0              ┆ 597869.0              │
│ mean       ┆ 0.01109               ┆ 0.243114 ┆ 0.812786  ┆ … ┆ -1.120041             ┆ -1.125373             ┆ -1.132744             ┆ -1.144858             │
│ std        ┆ 0.104726              ┆ 0.735448 ┆ 0.910503  ┆ … ┆ 0.165733              ┆ 0.164747              ┆ 0.164554              ┆ 0.165221              │
│ min        ┆ 0.0                   ┆ -2.6392  ┆ -1.148995 ┆ … ┆ -2.465595             ┆ -2.464752             ┆ -2.463931             ┆ -2.463125             │
│ 25%        ┆ 0.0                   ┆ -0.025   ┆ 0.204305  ┆ … ┆ -1.158286             ┆ -1.166787             ┆ -1.183713             ┆ -1.209499             │
│ 50%        ┆ 0.0                   ┆ 0.1162   ┆ 1.037069  ┆ … ┆ -1.073537             ┆ -1.084622             ┆ -1.097604             ┆ -1.115585             │
│ 75%        ┆ 0.0                   ┆ 0.6436   ┆ 1.323841  ┆ … ┆ -1.007014             ┆ -1.008294             ┆ -1.010139             ┆ -1.013371             │
│ max        ┆ 1.0                   ┆ 2.6944   ┆ 5.288488  ┆ … ┆ -0.933582             ┆ -0.926126             ┆ -0.839854             ┆ -0.919137             │
└────────────┴───────────────────────┴──────────┴───────────┴───┴───────────────────────┴───────────────────────┴───────────────────────┴───────────────────────┘ 
Cache file:  /home/faiza/Documents/NeuralFoil/training/nn-avian-v2.pth
cuda
/home/faiza/Documents/NeuralFoil/venv/lib/python3.10/site-packages/torch/optim/lr_scheduler.py:60: UserWarning: The verbose parameter is deprecated. Please use get_last_lr() to access the learning rate.
  warnings.warn(
/home/faiza/Documents/NeuralFoil/training/train.py:157: FutureWarning: You are using `torch.load` with `weights_only=False` (the current default value), which uses the default pickle module implicitly. It is possible to construct malicious pickle data which will execute arbitrary code during unpickling (See https://github.com/pytorch/pytorch/blob/main/SECURITY.md#untrusted-models for more details). In a future release, the default value for `weights_only` will be flipped to `True`. This limits the functions that could be executed during unpickling. Arbitrary objects will no longer be allowed to be loaded via this mode unless they are explicitly allowlisted by the user via `torch.serialization.add_safe_globals`. We recommend you start setting `weights_only=True` for any use case where you don't have full control of the loaded file. Please open an issue on GitHub for any issues related to this experimental feature.
  checkpoint = torch.load(cache_file)
Model found, resuming training.
Preparing data...
Training...
Epoch: 0 | Train Loss: 0.0482889 | Test Loss: 0.0753447 | analysis_confidence: 0.0119943 | CL: 0.025714 | ln_CD: 0.0727588 | CM: 0.0052362 | Top_Xtr: 0.0307978 | Bot_Xtr: 0.0341184
Loss contributors: 
	s_analysis_confidence    : 0.056842
	s_ln_CD                  : 0.0073563
	s_CL                     : 0.00352467
	s_CM                     : 0.00210559
	s_Bot_Xtr                : 0.000641737
	s_Top_Xtr                : 0.000539517
	s_lower_bl_H_0           : 7.31227e-05
	s_upper_bl_H_0           : 6.84054e-05
	s_lower_bl_H_1           : 6.49622e-05
	s_upper_bl_H_1           : 6.48565e-05
Epoch: 1 | Train Loss: 0.0482896 | Test Loss: 0.0753416 | analysis_confidence: 0.0120121 | CL: 0.0257163 | ln_CD: 0.0727606 | CM: 0.00523629 | Top_Xtr: 0.0307986 | Bot_Xtr: 0.0341178
Loss contributors: 
	s_analysis_confidence    : 0.0568393
	s_ln_CD                  : 0.00735575
	s_CL                     : 0.00352494
	s_CM                     : 0.00210564
	s_Bot_Xtr                : 0.000641715
	s_Top_Xtr                : 0.000539505
	s_lower_bl_H_0           : 7.31225e-05
	s_upper_bl_H_0           : 6.84037e-05
	s_lower_bl_H_1           : 6.496e-05
	s_upper_bl_H_1           : 6.48556e-05
Epoch: 2 | Train Loss: 0.0482885 | Test Loss: 0.0753401 | analysis_confidence: 0.0119813 | CL: 0.0257143 | ln_CD: 0.0727572 | CM: 0.00523614 | Top_Xtr: 0.0307988 | Bot_Xtr: 0.0341188
Loss contributors: 
	s_analysis_confidence    : 0.0568375
	s_ln_CD                  : 0.00735629
	s_CL                     : 0.00352475
	s_CM                     : 0.00210557
	s_Bot_Xtr                : 0.000641711
	s_Top_Xtr                : 0.000539481
	s_lower_bl_H_0           : 7.31223e-05
	s_upper_bl_H_0           : 6.84049e-05
	s_lower_bl_H_1           : 6.49581e-05
	s_upper_bl_H_1           : 6.48567e-05
Epoch: 3 | Train Loss: 0.0482906 | Test Loss: 0.0753428 | analysis_confidence: 0.0120162 | CL: 0.0257126 | ln_CD: 0.072762 | CM: 0.00523597 | Top_Xtr: 0.0307965 | Bot_Xtr: 0.0341199
Loss contributors: 
	s_analysis_confidence    : 0.0568399
	s_ln_CD                  : 0.00735674
	s_CL                     : 0.00352462
	s_CM                     : 0.00210552
	s_Bot_Xtr                : 0.000641722
	s_Top_Xtr                : 0.000539478
	s_lower_bl_H_0           : 7.31222e-05
	s_upper_bl_H_0           : 6.84049e-05
	s_lower_bl_H_1           : 6.49602e-05
	s_upper_bl_H_1           : 6.48558e-05
Epoch: 4 | Train Loss: 0.0482883 | Test Loss: 0.0753437 | analysis_confidence: 0.0120065 | CL: 0.0257144 | ln_CD: 0.0727678 | CM: 0.00523608 | Top_Xtr: 0.0307951 | Bot_Xtr: 0.0341192
Loss contributors: 
	s_analysis_confidence    : 0.0568406
	s_ln_CD                  : 0.00735664
	s_CL                     : 0.0035248
	s_CM                     : 0.00210556
	s_Bot_Xtr                : 0.000641783
	s_Top_Xtr                : 0.000539483
	s_lower_bl_H_0           : 7.31234e-05
	s_upper_bl_H_0           : 6.84076e-05
	s_lower_bl_H_1           : 6.49609e-05
	s_upper_bl_H_1           : 6.48572e-05
Epoch: 5 | Train Loss: 0.0482884 | Test Loss: 0.0753422 | analysis_confidence: 0.0120032 | CL: 0.0257157 | ln_CD: 0.0727652 | CM: 0.00523622 | Top_Xtr: 0.0308 | Bot_Xtr: 0.0341194
Loss contributors: 
	s_analysis_confidence    : 0.0568391
	s_ln_CD                  : 0.00735644
	s_CL                     : 0.00352494
	s_CM                     : 0.00210565
	s_Bot_Xtr                : 0.00064173
	s_Top_Xtr                : 0.00053949
	s_lower_bl_H_0           : 7.31237e-05
	s_upper_bl_H_0           : 6.84057e-05
	s_lower_bl_H_1           : 6.49623e-05
	s_upper_bl_H_1           : 6.48562e-05
Epoch: 6 | Train Loss: 0.0482901 | Test Loss: 0.0753439 | analysis_confidence: 0.0120242 | CL: 0.0257134 | ln_CD: 0.0727714 | CM: 0.0052362 | Top_Xtr: 0.0307983 | Bot_Xtr: 0.0341188
Loss contributors: 
	s_analysis_confidence    : 0.0568408
	s_ln_CD                  : 0.00735661
	s_CL                     : 0.00352468
	s_CM                     : 0.00210561
	s_Bot_Xtr                : 0.00064174
	s_Top_Xtr                : 0.00053949
	s_lower_bl_H_0           : 7.31237e-05
	s_upper_bl_H_0           : 6.84064e-05
	s_lower_bl_H_1           : 6.49622e-05
	s_upper_bl_H_1           : 6.48555e-05
Epoch: 7 | Train Loss: 0.0482885 | Test Loss: 0.0753473 | analysis_confidence: 0.012048 | CL: 0.0257124 | ln_CD: 0.0727659 | CM: 0.00523627 | Top_Xtr: 0.0307985 | Bot_Xtr: 0.0341199
Loss contributors: 
	s_analysis_confidence    : 0.0568446
	s_ln_CD                  : 0.00735619
	s_CL                     : 0.0035246
	s_CM                     : 0.00210563
	s_Bot_Xtr                : 0.000641775
	s_Top_Xtr                : 0.000539486
	s_lower_bl_H_0           : 7.31244e-05
	s_upper_bl_H_0           : 6.84089e-05
	s_lower_bl_H_1           : 6.49638e-05
	s_upper_bl_H_1           : 6.48571e-05
Epoch: 8 | Train Loss: 0.0482881 | Test Loss: 0.0753428 | analysis_confidence: 0.0120497 | CL: 0.0257118 | ln_CD: 0.0727614 | CM: 0.00523619 | Top_Xtr: 0.0307946 | Bot_Xtr: 0.0341199
Loss contributors: 
	s_analysis_confidence    : 0.0568398
	s_ln_CD                  : 0.00735665
	s_CL                     : 0.00352454
	s_CM                     : 0.00210561
	s_Bot_Xtr                : 0.000641822
	s_Top_Xtr                : 0.000539489
	s_lower_bl_H_0           : 7.31221e-05
	s_upper_bl_H_0           : 6.84085e-05
	s_lower_bl_H_1           : 6.49606e-05
	s_upper_bl_H_1           : 6.48575e-05
Epoch: 9 | Train Loss: 0.0482884 | Test Loss: 0.0753408 | analysis_confidence: 0.0120239 | CL: 0.0257121 | ln_CD: 0.0727532 | CM: 0.00523618 | Top_Xtr: 0.0307975 | Bot_Xtr: 0.0341179
Loss contributors: 
	s_analysis_confidence    : 0.0568377
	s_ln_CD                  : 0.00735688
	s_CL                     : 0.00352455
	s_CM                     : 0.0021056
	s_Bot_Xtr                : 0.000641746
	s_Top_Xtr                : 0.000539487
	s_lower_bl_H_0           : 7.31207e-05
	s_upper_bl_H_0           : 6.84068e-05
	s_lower_bl_H_1           : 6.49602e-05
	s_upper_bl_H_1           : 6.48577e-05
Epoch: 10 | Train Loss: 0.0482896 | Test Loss: 0.075341 | analysis_confidence: 0.0120046 | CL: 0.0257098 | ln_CD: 0.0727663 | CM: 0.00523602 | Top_Xtr: 0.0307996 | Bot_Xtr: 0.0341201
Loss contributors: 
	s_analysis_confidence    : 0.0568379
	s_ln_CD                  : 0.00735724
	s_CL                     : 0.00352427
	s_CM                     : 0.0021055
	s_Bot_Xtr                : 0.000641714
	s_Top_Xtr                : 0.000539471
	s_lower_bl_H_0           : 7.31218e-05
	s_upper_bl_H_0           : 6.8407e-05
	s_lower_bl_H_1           : 6.49602e-05
	s_upper_bl_H_1           : 6.48582e-05
Epoch: 11 | Train Loss: 0.0482894 | Test Loss: 0.0753418 | analysis_confidence: 0.0120125 | CL: 0.0257159 | ln_CD: 0.0727585 | CM: 0.00523631 | Top_Xtr: 0.0307968 | Bot_Xtr: 0.0341185
Loss contributors: 
	s_analysis_confidence    : 0.0568389
	s_ln_CD                  : 0.00735632
	s_CL                     : 0.00352487
	s_CM                     : 0.00210564
	s_Bot_Xtr                : 0.000641756
	s_Top_Xtr                : 0.000539519
	s_lower_bl_H_0           : 7.31204e-05
	s_upper_bl_H_0           : 6.84038e-05
	s_lower_bl_H_1           : 6.49604e-05
	s_upper_bl_H_1           : 6.48549e-05
Epoch: 12 | Train Loss: 0.0482886 | Test Loss: 0.0753445 | analysis_confidence: 0.0120229 | CL: 0.0257136 | ln_CD: 0.0727767 | CM: 0.00523636 | Top_Xtr: 0.030799 | Bot_Xtr: 0.0341202
Loss contributors: 
	s_analysis_confidence    : 0.0568404
	s_ln_CD                  : 0.00735766
	s_CL                     : 0.00352467
	s_CM                     : 0.00210564
	s_Bot_Xtr                : 0.000641781
	s_Top_Xtr                : 0.000539496
	s_lower_bl_H_0           : 7.31225e-05
	s_upper_bl_H_0           : 6.84065e-05
	s_lower_bl_H_1           : 6.49628e-05
	s_upper_bl_H_1           : 6.48573e-05
Epoch: 13 | Train Loss: 0.0482883 | Test Loss: 0.0753504 | analysis_confidence: 0.0120359 | CL: 0.0257142 | ln_CD: 0.0727628 | CM: 0.00523634 | Top_Xtr: 0.0307999 | Bot_Xtr: 0.0341182
Loss contributors: 
	s_analysis_confidence    : 0.0568476
	s_ln_CD                  : 0.00735645
	s_CL                     : 0.0035247
	s_CM                     : 0.00210564
	s_Bot_Xtr                : 0.000641695
	s_Top_Xtr                : 0.000539496
	s_lower_bl_H_0           : 7.31207e-05
	s_upper_bl_H_0           : 6.84052e-05
	s_lower_bl_H_1           : 6.49598e-05
	s_upper_bl_H_1           : 6.48535e-05
Epoch: 14 | Train Loss: 0.0482898 | Test Loss: 0.0753471 | analysis_confidence: 0.0120413 | CL: 0.0257127 | ln_CD: 0.0727596 | CM: 0.00523618 | Top_Xtr: 0.0308019 | Bot_Xtr: 0.034119
Loss contributors: 
	s_analysis_confidence    : 0.0568441
	s_ln_CD                  : 0.00735683
	s_CL                     : 0.00352458
	s_CM                     : 0.00210558
	s_Bot_Xtr                : 0.000641684
	s_Top_Xtr                : 0.000539481
	s_lower_bl_H_0           : 7.31211e-05
	s_upper_bl_H_0           : 6.84057e-05
	s_lower_bl_H_1           : 6.49605e-05
	s_upper_bl_H_1           : 6.48559e-05
Epoch: 15 | Train Loss: 0.0482893 | Test Loss: 0.0753423 | analysis_confidence: 0.0119774 | CL: 0.025716 | ln_CD: 0.0727554 | CM: 0.00523633 | Top_Xtr: 0.0308016 | Bot_Xtr: 0.0341195
Loss contributors: 
	s_analysis_confidence    : 0.0568401
	s_ln_CD                  : 0.00735568
	s_CL                     : 0.00352488
	s_CM                     : 0.00210566
	s_Bot_Xtr                : 0.000641724
	s_Top_Xtr                : 0.000539522
	s_lower_bl_H_0           : 7.31204e-05
	s_upper_bl_H_0           : 6.84031e-05
	s_lower_bl_H_1           : 6.49579e-05
	s_upper_bl_H_1           : 6.48526e-05
Epoch: 16 | Train Loss: 0.0482891 | Test Loss: 0.0753443 | analysis_confidence: 0.0120276 | CL: 0.0257145 | ln_CD: 0.0727574 | CM: 0.00523623 | Top_Xtr: 0.0307982 | Bot_Xtr: 0.0341175
Loss contributors: 
	s_analysis_confidence    : 0.0568415
	s_ln_CD                  : 0.00735648
	s_CL                     : 0.00352476
	s_CM                     : 0.00210561
	s_Bot_Xtr                : 0.000641732
	s_Top_Xtr                : 0.000539521
	s_lower_bl_H_0           : 7.31207e-05
	s_upper_bl_H_0           : 6.84038e-05
	s_lower_bl_H_1           : 6.49575e-05
	s_upper_bl_H_1           : 6.48565e-05
Epoch: 17 | Train Loss: 0.0482891 | Test Loss: 0.0753535 | analysis_confidence: 0.0120097 | CL: 0.0257151 | ln_CD: 0.0727581 | CM: 0.00523632 | Top_Xtr: 0.030795 | Bot_Xtr: 0.0341164
Loss contributors: 
	s_analysis_confidence    : 0.056851
	s_ln_CD                  : 0.00735609
	s_CL                     : 0.00352484
	s_CM                     : 0.00210565
	s_Bot_Xtr                : 0.000641749
	s_Top_Xtr                : 0.000539528
	s_lower_bl_H_0           : 7.31204e-05
	s_upper_bl_H_0           : 6.8403e-05
	s_lower_bl_H_1           : 6.49574e-05
	s_upper_bl_H_1           : 6.48527e-05
Epoch: 18 | Train Loss: 0.0482898 | Test Loss: 0.0753532 | analysis_confidence: 0.0120194 | CL: 0.0257156 | ln_CD: 0.072756 | CM: 0.00523638 | Top_Xtr: 0.0307964 | Bot_Xtr: 0.0341187
Loss contributors: 
	s_analysis_confidence    : 0.05685
	s_ln_CD                  : 0.00735673
	s_CL                     : 0.00352489
	s_CM                     : 0.00210566
	s_Bot_Xtr                : 0.000641727
	s_Top_Xtr                : 0.000539503
	s_lower_bl_H_0           : 7.3121e-05
	s_upper_bl_H_0           : 6.84037e-05
	s_lower_bl_H_1           : 6.49595e-05
	s_upper_bl_H_1           : 6.48543e-05
Epoch: 19 | Train Loss: 0.0482897 | Test Loss: 0.0753522 | analysis_confidence: 0.0120365 | CL: 0.0257163 | ln_CD: 0.0727765 | CM: 0.00523646 | Top_Xtr: 0.0307964 | Bot_Xtr: 0.0341204
Loss contributors: 
	s_analysis_confidence    : 0.0568485
	s_ln_CD                  : 0.00735694
	s_CL                     : 0.00352498
	s_CM                     : 0.00210569
	s_Bot_Xtr                : 0.000641758
	s_Top_Xtr                : 0.000539504
	s_lower_bl_H_0           : 7.31217e-05
	s_upper_bl_H_0           : 6.84066e-05
	s_lower_bl_H_1           : 6.49587e-05
	s_upper_bl_H_1           : 6.48562e-05
Epoch: 20 | Train Loss: 0.0482904 | Test Loss: 0.0753482 | analysis_confidence: 0.012029 | CL: 0.0257147 | ln_CD: 0.0727709 | CM: 0.00523644 | Top_Xtr: 0.0307992 | Bot_Xtr: 0.0341188
Loss contributors: 
	s_analysis_confidence    : 0.0568446
	s_ln_CD                  : 0.00735714
	s_CL                     : 0.00352483
	s_CM                     : 0.00210569
	s_Bot_Xtr                : 0.000641677
	s_Top_Xtr                : 0.000539494
	s_lower_bl_H_0           : 7.31218e-05
	s_upper_bl_H_0           : 6.8407e-05
	s_lower_bl_H_1           : 6.49614e-05
	s_upper_bl_H_1           : 6.48571e-05
Epoch: 21 | Train Loss: 0.0482907 | Test Loss: 0.0753478 | analysis_confidence: 0.0120101 | CL: 0.0257124 | ln_CD: 0.0727677 | CM: 0.00523621 | Top_Xtr: 0.0307984 | Bot_Xtr: 0.0341178
Loss contributors: 
	s_analysis_confidence    : 0.056844
	s_ln_CD                  : 0.00735757
	s_CL                     : 0.0035246
	s_CM                     : 0.00210557
	s_Bot_Xtr                : 0.000641702
	s_Top_Xtr                : 0.000539496
	s_lower_bl_H_0           : 7.31243e-05
	s_upper_bl_H_0           : 6.84107e-05
	s_lower_bl_H_1           : 6.49636e-05
	s_upper_bl_H_1           : 6.48603e-05
Epoch: 22 | Train Loss: 0.0482891 | Test Loss: 0.0753465 | analysis_confidence: 0.0120059 | CL: 0.0257143 | ln_CD: 0.0727596 | CM: 0.00523624 | Top_Xtr: 0.0307978 | Bot_Xtr: 0.0341181
Loss contributors: 
	s_analysis_confidence    : 0.0568432
	s_ln_CD                  : 0.00735684
	s_CL                     : 0.00352482
	s_CM                     : 0.00210562
	s_Bot_Xtr                : 0.00064174
	s_Top_Xtr                : 0.000539517
	s_lower_bl_H_0           : 7.31214e-05
	s_upper_bl_H_0           : 6.84067e-05
	s_lower_bl_H_1           : 6.4961e-05
	s_upper_bl_H_1           : 6.48548e-05
Epoch: 23 | Train Loss: 0.0482914 | Test Loss: 0.0753541 | analysis_confidence: 0.0120356 | CL: 0.0257113 | ln_CD: 0.0727585 | CM: 0.00523603 | Top_Xtr: 0.0308009 | Bot_Xtr: 0.034117
Loss contributors: 
	s_analysis_confidence    : 0.0568512
	s_ln_CD                  : 0.00735678
	s_CL                     : 0.00352449
	s_CM                     : 0.00210552
	s_Bot_Xtr                : 0.000641708
	s_Top_Xtr                : 0.000539516
	s_lower_bl_H_0           : 7.31217e-05
	s_upper_bl_H_0           : 6.84067e-05
	s_lower_bl_H_1           : 6.49609e-05
	s_upper_bl_H_1           : 6.48574e-05
Epoch: 24 | Train Loss: 0.0482895 | Test Loss: 0.0753454 | analysis_confidence: 0.0120087 | CL: 0.0257125 | ln_CD: 0.0727677 | CM: 0.00523617 | Top_Xtr: 0.0307992 | Bot_Xtr: 0.0341181
Loss contributors: 
	s_analysis_confidence    : 0.0568423
	s_ln_CD                  : 0.00735703
	s_CL                     : 0.0035246
	s_CM                     : 0.00210555
	s_Bot_Xtr                : 0.000641678
	s_Top_Xtr                : 0.0005395
	s_lower_bl_H_0           : 7.31231e-05
	s_upper_bl_H_0           : 6.84081e-05
	s_lower_bl_H_1           : 6.4961e-05
	s_upper_bl_H_1           : 6.48569e-05
Epoch: 25 | Train Loss: 0.0482898 | Test Loss: 0.075347 | analysis_confidence: 0.0120204 | CL: 0.0257112 | ln_CD: 0.0727753 | CM: 0.00523625 | Top_Xtr: 0.0307989 | Bot_Xtr: 0.034118
Loss contributors: 
	s_analysis_confidence    : 0.0568435
	s_ln_CD                  : 0.00735743
	s_CL                     : 0.00352446
	s_CM                     : 0.00210555
	s_Bot_Xtr                : 0.000641705
	s_Top_Xtr                : 0.000539496
	s_lower_bl_H_0           : 7.31236e-05
	s_upper_bl_H_0           : 6.84093e-05
	s_lower_bl_H_1           : 6.49614e-05
	s_upper_bl_H_1           : 6.48595e-05
Epoch: 26 | Train Loss: 0.0482898 | Test Loss: 0.0753465 | analysis_confidence: 0.012031 | CL: 0.0257122 | ln_CD: 0.0727582 | CM: 0.0052363 | Top_Xtr: 0.0307974 | Bot_Xtr: 0.0341178
Loss contributors: 
	s_analysis_confidence    : 0.0568435
	s_ln_CD                  : 0.00735676
	s_CL                     : 0.00352458
	s_CM                     : 0.0021056
	s_Bot_Xtr                : 0.000641733
	s_Top_Xtr                : 0.00053951
	s_lower_bl_H_0           : 7.31235e-05
	s_upper_bl_H_0           : 6.84073e-05
	s_lower_bl_H_1           : 6.4959e-05
	s_upper_bl_H_1           : 6.48581e-05
Epoch: 27 | Train Loss: 0.0482898 | Test Loss: 0.0753415 | analysis_confidence: 0.0120463 | CL: 0.0257105 | ln_CD: 0.0727642 | CM: 0.00523628 | Top_Xtr: 0.030797 | Bot_Xtr: 0.0341181
Loss contributors: 
	s_analysis_confidence    : 0.0568385
	s_ln_CD                  : 0.00735698
	s_CL                     : 0.00352446
	s_CM                     : 0.00210559
	s_Bot_Xtr                : 0.000641734
	s_Top_Xtr                : 0.000539506
	s_lower_bl_H_0           : 7.3123e-05
	s_upper_bl_H_0           : 6.84081e-05
	s_lower_bl_H_1           : 6.49594e-05
	s_upper_bl_H_1           : 6.48585e-05
Epoch: 28 | Train Loss: 0.0482893 | Test Loss: 0.0753453 | analysis_confidence: 0.0120275 | CL: 0.0257124 | ln_CD: 0.0727829 | CM: 0.00523638 | Top_Xtr: 0.030795 | Bot_Xtr: 0.0341177
Loss contributors: 
	s_analysis_confidence    : 0.0568417
	s_ln_CD                  : 0.00735735
	s_CL                     : 0.00352459
	s_CM                     : 0.00210561
	s_Bot_Xtr                : 0.000641757
	s_Top_Xtr                : 0.000539526
	s_lower_bl_H_0           : 7.31229e-05
	s_upper_bl_H_0           : 6.84093e-05
	s_lower_bl_H_1           : 6.49597e-05
	s_upper_bl_H_1           : 6.48575e-05
Epoch: 29 | Train Loss: 0.0482918 | Test Loss: 0.0753528 | analysis_confidence: 0.0120515 | CL: 0.0257147 | ln_CD: 0.0727622 | CM: 0.00523629 | Top_Xtr: 0.0307967 | Bot_Xtr: 0.0341189
Loss contributors: 
	s_analysis_confidence    : 0.0568495
	s_ln_CD                  : 0.00735684
	s_CL                     : 0.00352484
	s_CM                     : 0.00210562
	s_Bot_Xtr                : 0.000641754
	s_Top_Xtr                : 0.000539512
	s_lower_bl_H_0           : 7.31209e-05
	s_upper_bl_H_0           : 6.8406e-05
	s_lower_bl_H_1           : 6.49593e-05
	s_upper_bl_H_1           : 6.48542e-05
Epoch: 30 | Train Loss: 0.0482901 | Test Loss: 0.0753471 | analysis_confidence: 0.0120092 | CL: 0.0257136 | ln_CD: 0.0727683 | CM: 0.00523634 | Top_Xtr: 0.0307994 | Bot_Xtr: 0.0341178
Loss contributors: 
	s_analysis_confidence    : 0.0568438
	s_ln_CD                  : 0.00735692
	s_CL                     : 0.00352471
	s_CM                     : 0.00210561
	s_Bot_Xtr                : 0.000641731
	s_Top_Xtr                : 0.000539525
	s_lower_bl_H_0           : 7.31223e-05
	s_upper_bl_H_0           : 6.84079e-05
	s_lower_bl_H_1           : 6.49588e-05
	s_upper_bl_H_1           : 6.48572e-05
Epoch: 31 | Train Loss: 0.0482898 | Test Loss: 0.07535 | analysis_confidence: 0.0120442 | CL: 0.0257171 | ln_CD: 0.0727651 | CM: 0.00523649 | Top_Xtr: 0.030796 | Bot_Xtr: 0.0341177
Loss contributors: 
	s_analysis_confidence    : 0.0568461
	s_ln_CD                  : 0.0073571
	s_CL                     : 0.00352507
	s_CM                     : 0.00210567
	s_Bot_Xtr                : 0.000641756
	s_Top_Xtr                : 0.000539515
	s_lower_bl_H_0           : 7.31228e-05
	s_upper_bl_H_0           : 6.84082e-05
	s_lower_bl_H_1           : 6.49598e-05
	s_upper_bl_H_1           : 6.48559e-05
Epoch: 32 | Train Loss: 0.048289 | Test Loss: 0.0753467 | analysis_confidence: 0.0120315 | CL: 0.0257155 | ln_CD: 0.072763 | CM: 0.00523654 | Top_Xtr: 0.0307976 | Bot_Xtr: 0.0341167
Loss contributors: 
	s_analysis_confidence    : 0.0568434
	s_ln_CD                  : 0.00735678
	s_CL                     : 0.00352492
	s_CM                     : 0.00210568
	s_Bot_Xtr                : 0.000641703
	s_Top_Xtr                : 0.000539496
	s_lower_bl_H_0           : 7.31227e-05
	s_upper_bl_H_0           : 6.8408e-05
	s_lower_bl_H_1           : 6.49586e-05
	s_upper_bl_H_1           : 6.48571e-05
Epoch: 33 | Train Loss: 0.0482898 | Test Loss: 0.0753424 | analysis_confidence: 0.0120128 | CL: 0.0257155 | ln_CD: 0.0727629 | CM: 0.00523648 | Top_Xtr: 0.0307965 | Bot_Xtr: 0.0341175
Loss contributors: 
	s_analysis_confidence    : 0.0568386
	s_ln_CD                  : 0.00735727
	s_CL                     : 0.00352491
	s_CM                     : 0.00210564
	s_Bot_Xtr                : 0.000641721
	s_Top_Xtr                : 0.000539487
	s_lower_bl_H_0           : 7.31249e-05
	s_upper_bl_H_0           : 6.84098e-05
	s_lower_bl_H_1           : 6.49608e-05
	s_upper_bl_H_1           : 6.48584e-05
Epoch: 34 | Train Loss: 0.0482903 | Test Loss: 0.0753468 | analysis_confidence: 0.0120324 | CL: 0.0257149 | ln_CD: 0.0727625 | CM: 0.00523636 | Top_Xtr: 0.0307995 | Bot_Xtr: 0.0341186
Loss contributors: 
	s_analysis_confidence    : 0.0568432
	s_ln_CD                  : 0.00735726
	s_CL                     : 0.00352487
	s_CM                     : 0.00210563
	s_Bot_Xtr                : 0.000641719
	s_Top_Xtr                : 0.00053949
	s_lower_bl_H_0           : 7.31221e-05
	s_upper_bl_H_0           : 6.84058e-05
	s_lower_bl_H_1           : 6.49587e-05
	s_upper_bl_H_1           : 6.48549e-05
Epoch: 35 | Train Loss: 0.0482905 | Test Loss: 0.0753527 | analysis_confidence: 0.0120196 | CL: 0.0257155 | ln_CD: 0.0727669 | CM: 0.00523654 | Top_Xtr: 0.0307975 | Bot_Xtr: 0.0341177
Loss contributors: 
	s_analysis_confidence    : 0.0568493
	s_ln_CD                  : 0.00735684
	s_CL                     : 0.00352491
	s_CM                     : 0.00210568
	s_Bot_Xtr                : 0.000641731
	s_Top_Xtr                : 0.000539497
	s_lower_bl_H_0           : 7.31235e-05
	s_upper_bl_H_0           : 6.84071e-05
	s_lower_bl_H_1           : 6.49595e-05
	s_upper_bl_H_1           : 6.48551e-05
Epoch: 36 | Train Loss: 0.0482902 | Test Loss: 0.0753463 | analysis_confidence: 0.0120468 | CL: 0.0257126 | ln_CD: 0.0727605 | CM: 0.00523634 | Top_Xtr: 0.0307935 | Bot_Xtr: 0.0341174
Loss contributors: 
	s_analysis_confidence    : 0.0568434
	s_ln_CD                  : 0.00735683
	s_CL                     : 0.00352465
	s_CM                     : 0.00210562
	s_Bot_Xtr                : 0.000641772
	s_Top_Xtr                : 0.000539504
	s_lower_bl_H_0           : 7.31208e-05
	s_upper_bl_H_0           : 6.84054e-05
	s_lower_bl_H_1           : 6.49557e-05
	s_upper_bl_H_1           : 6.48532e-05
Epoch: 37 | Train Loss: 0.0482907 | Test Loss: 0.0753504 | analysis_confidence: 0.0120173 | CL: 0.0257125 | ln_CD: 0.0727671 | CM: 0.00523628 | Top_Xtr: 0.0307967 | Bot_Xtr: 0.0341184
Loss contributors: 
	s_analysis_confidence    : 0.0568467
	s_ln_CD                  : 0.00735754
	s_CL                     : 0.00352463
	s_CM                     : 0.00210558
	s_Bot_Xtr                : 0.000641741
	s_Top_Xtr                : 0.000539482
	s_lower_bl_H_0           : 7.31215e-05
	s_upper_bl_H_0           : 6.84076e-05
	s_lower_bl_H_1           : 6.49583e-05
	s_upper_bl_H_1           : 6.48565e-05
Epoch: 38 | Train Loss: 0.0482903 | Test Loss: 0.0753499 | analysis_confidence: 0.0120286 | CL: 0.0257115 | ln_CD: 0.0727761 | CM: 0.00523616 | Top_Xtr: 0.030797 | Bot_Xtr: 0.0341168
Loss contributors: 
	s_analysis_confidence    : 0.0568464
	s_ln_CD                  : 0.00735758
	s_CL                     : 0.00352455
	s_CM                     : 0.00210552
	s_Bot_Xtr                : 0.000641712
	s_Top_Xtr                : 0.00053949
	s_lower_bl_H_0           : 7.31219e-05
	s_upper_bl_H_0           : 6.84089e-05
	s_lower_bl_H_1           : 6.49594e-05
	s_upper_bl_H_1           : 6.48553e-05
Epoch: 39 | Train Loss: 0.0482909 | Test Loss: 0.0753438 | analysis_confidence: 0.0120254 | CL: 0.0257132 | ln_CD: 0.0727786 | CM: 0.00523638 | Top_Xtr: 0.0307992 | Bot_Xtr: 0.0341152
Loss contributors: 
	s_analysis_confidence    : 0.0568401
	s_ln_CD                  : 0.00735749
	s_CL                     : 0.00352469
	s_CM                     : 0.00210559
	s_Bot_Xtr                : 0.000641651
	s_Top_Xtr                : 0.000539495
	s_lower_bl_H_0           : 7.31229e-05
	s_upper_bl_H_0           : 6.84085e-05
	s_lower_bl_H_1           : 6.49599e-05
	s_upper_bl_H_1           : 6.48558e-05
Epoch: 40 | Train Loss: 0.0482905 | Test Loss: 0.0753528 | analysis_confidence: 0.0120231 | CL: 0.025713 | ln_CD: 0.0727588 | CM: 0.00523635 | Top_Xtr: 0.0307986 | Bot_Xtr: 0.0341171
Loss contributors: 
	s_analysis_confidence    : 0.0568499
	s_ln_CD                  : 0.00735681
	s_CL                     : 0.00352466
	s_CM                     : 0.0021056
	s_Bot_Xtr                : 0.000641682
	s_Top_Xtr                : 0.000539487
	s_lower_bl_H_0           : 7.31204e-05
	s_upper_bl_H_0           : 6.84036e-05
	s_lower_bl_H_1           : 6.4955e-05
	s_upper_bl_H_1           : 6.48529e-05
Epoch: 41 | Train Loss: 0.0482898 | Test Loss: 0.0753455 | analysis_confidence: 0.0120205 | CL: 0.0257128 | ln_CD: 0.0727605 | CM: 0.0052362 | Top_Xtr: 0.0307989 | Bot_Xtr: 0.0341169
Loss contributors: 
	s_analysis_confidence    : 0.0568422
	s_ln_CD                  : 0.00735707
	s_CL                     : 0.00352467
	s_CM                     : 0.00210555
	s_Bot_Xtr                : 0.000641716
	s_Top_Xtr                : 0.000539483
	s_lower_bl_H_0           : 7.31221e-05
	s_upper_bl_H_0           : 6.8407e-05
	s_lower_bl_H_1           : 6.49592e-05
	s_upper_bl_H_1           : 6.48544e-05
Epoch: 42 | Train Loss: 0.04829 | Test Loss: 0.0753508 | analysis_confidence: 0.0120124 | CL: 0.0257144 | ln_CD: 0.0727612 | CM: 0.00523637 | Top_Xtr: 0.0307968 | Bot_Xtr: 0.0341181
Loss contributors: 
	s_analysis_confidence    : 0.0568477
	s_ln_CD                  : 0.00735687
	s_CL                     : 0.00352485
	s_CM                     : 0.00210562
	s_Bot_Xtr                : 0.000641724
	s_Top_Xtr                : 0.000539471
	s_lower_bl_H_0           : 7.31201e-05
	s_upper_bl_H_0           : 6.84057e-05
	s_lower_bl_H_1           : 6.49545e-05
	s_upper_bl_H_1           : 6.48529e-05
Epoch: 43 | Train Loss: 0.0482905 | Test Loss: 0.0753555 | analysis_confidence: 0.0120537 | CL: 0.0257116 | ln_CD: 0.0727598 | CM: 0.00523614 | Top_Xtr: 0.0307974 | Bot_Xtr: 0.0341169
Loss contributors: 
	s_analysis_confidence    : 0.0568528
	s_ln_CD                  : 0.0073568
	s_CL                     : 0.00352456
	s_CM                     : 0.00210552
	s_Bot_Xtr                : 0.000641719
	s_Top_Xtr                : 0.000539488
	s_lower_bl_H_0           : 7.31197e-05
	s_upper_bl_H_0           : 6.84075e-05
	s_lower_bl_H_1           : 6.49556e-05
	s_upper_bl_H_1           : 6.48534e-05
Epoch: 44 | Train Loss: 0.04829 | Test Loss: 0.0753543 | analysis_confidence: 0.012046 | CL: 0.0257166 | ln_CD: 0.0727837 | CM: 0.00523653 | Top_Xtr: 0.0307968 | Bot_Xtr: 0.0341175
Loss contributors: 
	s_analysis_confidence    : 0.0568506
	s_ln_CD                  : 0.00735716
	s_CL                     : 0.00352505
	s_CM                     : 0.00210568
	s_Bot_Xtr                : 0.00064173
	s_Top_Xtr                : 0.000539512
	s_lower_bl_H_0           : 7.31214e-05
	s_upper_bl_H_0           : 6.84076e-05
	s_lower_bl_H_1           : 6.49568e-05
	s_upper_bl_H_1           : 6.48532e-05
Epoch: 45 | Train Loss: 0.0482902 | Test Loss: 0.0753512 | analysis_confidence: 0.0120027 | CL: 0.0257194 | ln_CD: 0.0727631 | CM: 0.00523668 | Top_Xtr: 0.0307978 | Bot_Xtr: 0.0341155
Loss contributors: 
	s_analysis_confidence    : 0.0568482
	s_ln_CD                  : 0.00735628
	s_CL                     : 0.00352531
	s_CM                     : 0.00210574
	s_Bot_Xtr                : 0.000641691
	s_Top_Xtr                : 0.000539513
	s_lower_bl_H_0           : 7.31225e-05
	s_upper_bl_H_0           : 6.84076e-05
	s_lower_bl_H_1           : 6.49558e-05
	s_upper_bl_H_1           : 6.48513e-05
Epoch: 46 | Train Loss: 0.0482906 | Test Loss: 0.0753548 | analysis_confidence: 0.0120159 | CL: 0.0257175 | ln_CD: 0.0727596 | CM: 0.00523647 | Top_Xtr: 0.0307964 | Bot_Xtr: 0.0341163
Loss contributors: 
	s_analysis_confidence    : 0.0568516
	s_ln_CD                  : 0.00735665
	s_CL                     : 0.00352513
	s_CM                     : 0.00210567
	s_Bot_Xtr                : 0.000641699
	s_Top_Xtr                : 0.000539507
	s_lower_bl_H_0           : 7.31203e-05
	s_upper_bl_H_0           : 6.84056e-05
	s_lower_bl_H_1           : 6.49568e-05
	s_upper_bl_H_1           : 6.48504e-05
Epoch: 47 | Train Loss: 0.0482929 | Test Loss: 0.075353 | analysis_confidence: 0.0120329 | CL: 0.0257153 | ln_CD: 0.0727653 | CM: 0.00523638 | Top_Xtr: 0.030796 | Bot_Xtr: 0.0341188
Loss contributors: 
	s_analysis_confidence    : 0.0568499
	s_ln_CD                  : 0.00735665
	s_CL                     : 0.00352494
	s_CM                     : 0.00210563
	s_Bot_Xtr                : 0.000641711
	s_Top_Xtr                : 0.000539504
	s_lower_bl_H_0           : 7.31217e-05
	s_upper_bl_H_0           : 6.84085e-05
	s_lower_bl_H_1           : 6.49577e-05
	s_upper_bl_H_1           : 6.48514e-05
Epoch: 48 | Train Loss: 0.0482914 | Test Loss: 0.0753489 | analysis_confidence: 0.0120319 | CL: 0.0257132 | ln_CD: 0.0727675 | CM: 0.00523629 | Top_Xtr: 0.0307962 | Bot_Xtr: 0.0341164
Loss contributors: 
	s_analysis_confidence    : 0.0568452
	s_ln_CD                  : 0.00735746
	s_CL                     : 0.00352474
	s_CM                     : 0.00210558
	s_Bot_Xtr                : 0.000641701
	s_Top_Xtr                : 0.000539509
	s_lower_bl_H_0           : 7.31225e-05
	s_upper_bl_H_0           : 6.841e-05
	s_lower_bl_H_1           : 6.49573e-05
	s_upper_bl_H_1           : 6.48536e-05
Epoch: 49 | Train Loss: 0.0482905 | Test Loss: 0.0753494 | analysis_confidence: 0.0120157 | CL: 0.0257139 | ln_CD: 0.0727723 | CM: 0.00523646 | Top_Xtr: 0.0307974 | Bot_Xtr: 0.0341169
Loss contributors: 
	s_analysis_confidence    : 0.0568457
	s_ln_CD                  : 0.00735742
	s_CL                     : 0.0035248
	s_CM                     : 0.00210561
	s_Bot_Xtr                : 0.000641706
	s_Top_Xtr                : 0.000539499
	s_lower_bl_H_0           : 7.31244e-05
	s_upper_bl_H_0           : 6.84098e-05
	s_lower_bl_H_1           : 6.49596e-05
	s_upper_bl_H_1           : 6.48572e-05
Epoch: 50 | Train Loss: 0.04829 | Test Loss: 0.0753546 | analysis_confidence: 0.0120404 | CL: 0.0257175 | ln_CD: 0.0727767 | CM: 0.00523665 | Top_Xtr: 0.0307953 | Bot_Xtr: 0.0341153
Loss contributors: 
	s_analysis_confidence    : 0.0568509
	s_ln_CD                  : 0.00735697
	s_CL                     : 0.00352515
	s_CM                     : 0.00210571
	s_Bot_Xtr                : 0.000641716
	s_Top_Xtr                : 0.000539523
	s_lower_bl_H_0           : 7.31219e-05
	s_upper_bl_H_0           : 6.84062e-05
	s_lower_bl_H_1           : 6.49569e-05
	s_upper_bl_H_1           : 6.48521e-05
Epoch: 51 | Train Loss: 0.0482918 | Test Loss: 0.0753468 | analysis_confidence: 0.0120215 | CL: 0.0257145 | ln_CD: 0.072762 | CM: 0.00523645 | Top_Xtr: 0.0307955 | Bot_Xtr: 0.0341159
Loss contributors: 
	s_analysis_confidence    : 0.0568435
	s_ln_CD                  : 0.00735692
	s_CL                     : 0.00352488
	s_CM                     : 0.00210563
	s_Bot_Xtr                : 0.000641718
	s_Top_Xtr                : 0.000539535
	s_lower_bl_H_0           : 7.31219e-05
	s_upper_bl_H_0           : 6.84068e-05
	s_lower_bl_H_1           : 6.49582e-05
	s_upper_bl_H_1           : 6.4854e-05
Epoch: 52 | Train Loss: 0.04829 | Test Loss: 0.0753486 | analysis_confidence: 0.0120252 | CL: 0.0257182 | ln_CD: 0.0727635 | CM: 0.00523684 | Top_Xtr: 0.030796 | Bot_Xtr: 0.0341162
Loss contributors: 
	s_analysis_confidence    : 0.0568446
	s_ln_CD                  : 0.00735714
	s_CL                     : 0.00352526
	s_CM                     : 0.0021058
	s_Bot_Xtr                : 0.000641695
	s_Top_Xtr                : 0.000539503
	s_lower_bl_H_0           : 7.31217e-05
	s_upper_bl_H_0           : 6.84063e-05
	s_lower_bl_H_1           : 6.49564e-05
	s_upper_bl_H_1           : 6.4852e-05
Epoch: 53 | Train Loss: 0.048292 | Test Loss: 0.07535 | analysis_confidence: 0.0120088 | CL: 0.0257185 | ln_CD: 0.0727652 | CM: 0.00523693 | Top_Xtr: 0.0308002 | Bot_Xtr: 0.0341174
Loss contributors: 
	s_analysis_confidence    : 0.0568467
	s_ln_CD                  : 0.00735635
	s_CL                     : 0.00352526
	s_CM                     : 0.00210582
	s_Bot_Xtr                : 0.000641661
	s_Top_Xtr                : 0.000539523
	s_lower_bl_H_0           : 7.31212e-05
	s_upper_bl_H_0           : 6.84067e-05
	s_lower_bl_H_1           : 6.49561e-05
	s_upper_bl_H_1           : 6.48519e-05
Epoch: 54 | Train Loss: 0.0482898 | Test Loss: 0.0753499 | analysis_confidence: 0.0120214 | CL: 0.0257148 | ln_CD: 0.0727813 | CM: 0.00523677 | Top_Xtr: 0.0307979 | Bot_Xtr: 0.0341163
Loss contributors: 
	s_analysis_confidence    : 0.0568461
	s_ln_CD                  : 0.00735736
	s_CL                     : 0.00352491
	s_CM                     : 0.00210573
	s_Bot_Xtr                : 0.000641678
	s_Top_Xtr                : 0.000539507
	s_lower_bl_H_0           : 7.31229e-05
	s_upper_bl_H_0           : 6.8409e-05
	s_lower_bl_H_1           : 6.49575e-05
	s_upper_bl_H_1           : 6.48545e-05
Epoch: 55 | Train Loss: 0.0482918 | Test Loss: 0.0753488 | analysis_confidence: 0.0120423 | CL: 0.0257137 | ln_CD: 0.0727791 | CM: 0.00523654 | Top_Xtr: 0.0308012 | Bot_Xtr: 0.0341193
Loss contributors: 
	s_analysis_confidence    : 0.056845
	s_ln_CD                  : 0.00735756
	s_CL                     : 0.00352478
	s_CM                     : 0.00210563
	s_Bot_Xtr                : 0.000641674
	s_Top_Xtr                : 0.000539493
	s_lower_bl_H_0           : 7.31225e-05
	s_upper_bl_H_0           : 6.84094e-05
	s_lower_bl_H_1           : 6.4958e-05
	s_upper_bl_H_1           : 6.48555e-05
Epoch: 56 | Train Loss: 0.0482907 | Test Loss: 0.0753498 | analysis_confidence: 0.0120002 | CL: 0.025716 | ln_CD: 0.072772 | CM: 0.0052366 | Top_Xtr: 0.0307944 | Bot_Xtr: 0.0341174
Loss contributors: 
	s_analysis_confidence    : 0.0568458
	s_ln_CD                  : 0.00735758
	s_CL                     : 0.00352498
	s_CM                     : 0.00210565
	s_Bot_Xtr                : 0.000641687
	s_Top_Xtr                : 0.000539502
	s_lower_bl_H_0           : 7.31218e-05
	s_upper_bl_H_0           : 6.84086e-05
	s_lower_bl_H_1           : 6.49566e-05
	s_upper_bl_H_1           : 6.48541e-05
Epoch: 57 | Train Loss: 0.0482906 | Test Loss: 0.0753496 | analysis_confidence: 0.0120212 | CL: 0.0257188 | ln_CD: 0.0727618 | CM: 0.00523671 | Top_Xtr: 0.030798 | Bot_Xtr: 0.0341172
Loss contributors: 
	s_analysis_confidence    : 0.0568464
	s_ln_CD                  : 0.00735651
	s_CL                     : 0.00352523
	s_CM                     : 0.00210574
	s_Bot_Xtr                : 0.000641705
	s_Top_Xtr                : 0.000539516
	s_lower_bl_H_0           : 7.31196e-05
	s_upper_bl_H_0           : 6.8406e-05
	s_lower_bl_H_1           : 6.49537e-05
	s_upper_bl_H_1           : 6.48491e-05
Epoch: 58 | Train Loss: 0.0482908 | Test Loss: 0.0753467 | analysis_confidence: 0.0120237 | CL: 0.0257132 | ln_CD: 0.0727793 | CM: 0.00523657 | Top_Xtr: 0.0307959 | Bot_Xtr: 0.0341172
Loss contributors: 
	s_analysis_confidence    : 0.0568429
	s_ln_CD                  : 0.00735754
	s_CL                     : 0.00352472
	s_CM                     : 0.00210564
	s_Bot_Xtr                : 0.000641755
	s_Top_Xtr                : 0.000539513
	s_lower_bl_H_0           : 7.31214e-05
	s_upper_bl_H_0           : 6.84089e-05
	s_lower_bl_H_1           : 6.49562e-05
	s_upper_bl_H_1           : 6.48548e-05
Epoch: 59 | Train Loss: 0.0482908 | Test Loss: 0.07535 | analysis_confidence: 0.0120596 | CL: 0.0257157 | ln_CD: 0.0727682 | CM: 0.00523655 | Top_Xtr: 0.0307968 | Bot_Xtr: 0.0341159
Loss contributors: 
	s_analysis_confidence    : 0.0568464
	s_ln_CD                  : 0.00735717
	s_CL                     : 0.00352498
	s_CM                     : 0.00210566
	s_Bot_Xtr                : 0.000641722
	s_Top_Xtr                : 0.000539513
	s_lower_bl_H_0           : 7.31209e-05
	s_upper_bl_H_0           : 6.84074e-05
	s_lower_bl_H_1           : 6.49569e-05
	s_upper_bl_H_1           : 6.48527e-05
Epoch: 60 | Train Loss: 0.0482918 | Test Loss: 0.0753512 | analysis_confidence: 0.0120066 | CL: 0.0257155 | ln_CD: 0.0727675 | CM: 0.00523649 | Top_Xtr: 0.0307948 | Bot_Xtr: 0.0341162
Loss contributors: 
	s_analysis_confidence    : 0.056847
	s_ln_CD                  : 0.00735781
	s_CL                     : 0.00352494
	s_CM                     : 0.00210562
	s_Bot_Xtr                : 0.000641754
	s_Top_Xtr                : 0.000539514
	s_lower_bl_H_0           : 7.31224e-05
	s_upper_bl_H_0           : 6.84075e-05
	s_lower_bl_H_1           : 6.49578e-05
	s_upper_bl_H_1           : 6.48538e-05
Epoch: 61 | Train Loss: 0.0482946 | Test Loss: 0.0753497 | analysis_confidence: 0.0120259 | CL: 0.0257154 | ln_CD: 0.0727808 | CM: 0.0052366 | Top_Xtr: 0.0307973 | Bot_Xtr: 0.0341184
Loss contributors: 
	s_analysis_confidence    : 0.0568452
	s_ln_CD                  : 0.007358
	s_CL                     : 0.00352497
	s_CM                     : 0.00210565
	s_Bot_Xtr                : 0.00064172
	s_Top_Xtr                : 0.000539488
	s_lower_bl_H_0           : 7.31243e-05
	s_upper_bl_H_0           : 6.84103e-05
	s_lower_bl_H_1           : 6.49593e-05
	s_upper_bl_H_1           : 6.48568e-05
Epoch: 62 | Train Loss: 0.0482912 | Test Loss: 0.0753539 | analysis_confidence: 0.0120167 | CL: 0.025714 | ln_CD: 0.0727742 | CM: 0.00523639 | Top_Xtr: 0.0307958 | Bot_Xtr: 0.0341168
Loss contributors: 
	s_analysis_confidence    : 0.05685
	s_ln_CD                  : 0.00735762
	s_CL                     : 0.00352484
	s_CM                     : 0.00210557
	s_Bot_Xtr                : 0.000641709
	s_Top_Xtr                : 0.000539501
	s_lower_bl_H_0           : 7.31244e-05
	s_upper_bl_H_0           : 6.84096e-05
	s_lower_bl_H_1           : 6.4957e-05
	s_upper_bl_H_1           : 6.48566e-05
Epoch: 63 | Train Loss: 0.0482917 | Test Loss: 0.0753555 | analysis_confidence: 0.0120309 | CL: 0.0257136 | ln_CD: 0.0727706 | CM: 0.00523656 | Top_Xtr: 0.0307954 | Bot_Xtr: 0.0341163
Loss contributors: 
	s_analysis_confidence    : 0.0568516
	s_ln_CD                  : 0.00735768
	s_CL                     : 0.00352479
	s_CM                     : 0.00210564
	s_Bot_Xtr                : 0.000641713
	s_Top_Xtr                : 0.000539516
	s_lower_bl_H_0           : 7.31228e-05
	s_upper_bl_H_0           : 6.84094e-05
	s_lower_bl_H_1           : 6.49588e-05
	s_upper_bl_H_1           : 6.48546e-05
Epoch: 64 | Train Loss: 0.0482918 | Test Loss: 0.0753555 | analysis_confidence: 0.0120316 | CL: 0.0257156 | ln_CD: 0.0727646 | CM: 0.00523666 | Top_Xtr: 0.0307974 | Bot_Xtr: 0.0341157
Loss contributors: 
	s_analysis_confidence    : 0.0568519
	s_ln_CD                  : 0.00735726
	s_CL                     : 0.00352502
	s_CM                     : 0.0021057
	s_Bot_Xtr                : 0.000641661
	s_Top_Xtr                : 0.000539496
	s_lower_bl_H_0           : 7.31221e-05
	s_upper_bl_H_0           : 6.84089e-05
	s_lower_bl_H_1           : 6.49575e-05
	s_upper_bl_H_1           : 6.48543e-05
Epoch: 65 | Train Loss: 0.0482916 | Test Loss: 0.0753567 | analysis_confidence: 0.012005 | CL: 0.0257159 | ln_CD: 0.0727775 | CM: 0.00523666 | Top_Xtr: 0.0307972 | Bot_Xtr: 0.0341163
Loss contributors: 
	s_analysis_confidence    : 0.0568529
	s_ln_CD                  : 0.00735735
	s_CL                     : 0.00352503
	s_CM                     : 0.00210568
	s_Bot_Xtr                : 0.000641682
	s_Top_Xtr                : 0.000539499
	s_lower_bl_H_0           : 7.3123e-05
	s_upper_bl_H_0           : 6.84087e-05
	s_lower_bl_H_1           : 6.49565e-05
	s_upper_bl_H_1           : 6.48545e-05
Epoch: 66 | Train Loss: 0.0482911 | Test Loss: 0.075356 | analysis_confidence: 0.0120451 | CL: 0.0257146 | ln_CD: 0.0727679 | CM: 0.0052366 | Top_Xtr: 0.0307982 | Bot_Xtr: 0.034116
Loss contributors: 
	s_analysis_confidence    : 0.0568523
	s_ln_CD                  : 0.00735728
	s_CL                     : 0.0035249
	s_CM                     : 0.00210567
	s_Bot_Xtr                : 0.000641687
	s_Top_Xtr                : 0.000539499
	s_lower_bl_H_0           : 7.31211e-05
	s_upper_bl_H_0           : 6.8408e-05
	s_lower_bl_H_1           : 6.49552e-05
	s_upper_bl_H_1           : 6.48537e-05
Epoch: 67 | Train Loss: 0.0482907 | Test Loss: 0.0753501 | analysis_confidence: 0.0119921 | CL: 0.0257143 | ln_CD: 0.0727754 | CM: 0.00523666 | Top_Xtr: 0.0307951 | Bot_Xtr: 0.0341147
Loss contributors: 
	s_analysis_confidence    : 0.0568459
	s_ln_CD                  : 0.00735794
	s_CL                     : 0.00352486
	s_CM                     : 0.00210567
	s_Bot_Xtr                : 0.00064166
	s_Top_Xtr                : 0.000539481
	s_lower_bl_H_0           : 7.31239e-05
	s_upper_bl_H_0           : 6.84111e-05
	s_lower_bl_H_1           : 6.49569e-05
	s_upper_bl_H_1           : 6.4856e-05
Epoch: 68 | Train Loss: 0.0482926 | Test Loss: 0.0753554 | analysis_confidence: 0.0120339 | CL: 0.0257148 | ln_CD: 0.0727725 | CM: 0.00523664 | Top_Xtr: 0.0307958 | Bot_Xtr: 0.0341158
Loss contributors: 
	s_analysis_confidence    : 0.0568521
	s_ln_CD                  : 0.00735705
	s_CL                     : 0.0035249
	s_CM                     : 0.00210567
	s_Bot_Xtr                : 0.000641692
	s_Top_Xtr                : 0.000539493
	s_lower_bl_H_0           : 7.31228e-05
	s_upper_bl_H_0           : 6.84097e-05
	s_lower_bl_H_1           : 6.49571e-05
	s_upper_bl_H_1           : 6.48531e-05
Epoch: 69 | Train Loss: 0.048291 | Test Loss: 0.0753489 | analysis_confidence: 0.0119594 | CL: 0.0257185 | ln_CD: 0.0727605 | CM: 0.00523698 | Top_Xtr: 0.0307951 | Bot_Xtr: 0.0341145
Loss contributors: 
	s_analysis_confidence    : 0.0568456
	s_ln_CD                  : 0.00735652
	s_CL                     : 0.00352528
	s_CM                     : 0.0021058
	s_Bot_Xtr                : 0.000641664
	s_Top_Xtr                : 0.000539495
	s_lower_bl_H_0           : 7.3122e-05
	s_upper_bl_H_0           : 6.84086e-05
	s_lower_bl_H_1           : 6.49551e-05
	s_upper_bl_H_1           : 6.48511e-05
Epoch: 70 | Train Loss: 0.0482923 | Test Loss: 0.0753524 | analysis_confidence: 0.0120335 | CL: 0.0257149 | ln_CD: 0.0727709 | CM: 0.00523656 | Top_Xtr: 0.0307959 | Bot_Xtr: 0.0341159
Loss contributors: 
	s_analysis_confidence    : 0.0568488
	s_ln_CD                  : 0.0073572
	s_CL                     : 0.00352492
	s_CM                     : 0.00210564
	s_Bot_Xtr                : 0.000641703
	s_Top_Xtr                : 0.000539509
	s_lower_bl_H_0           : 7.3123e-05
	s_upper_bl_H_0           : 6.84103e-05
	s_lower_bl_H_1           : 6.49573e-05
	s_upper_bl_H_1           : 6.48549e-05
Epoch: 71 | Train Loss: 0.0482906 | Test Loss: 0.0753601 | analysis_confidence: 0.0120296 | CL: 0.0257169 | ln_CD: 0.0727784 | CM: 0.00523675 | Top_Xtr: 0.0307966 | Bot_Xtr: 0.034117
Loss contributors: 
	s_analysis_confidence    : 0.0568562
	s_ln_CD                  : 0.00735724
	s_CL                     : 0.00352512
	s_CM                     : 0.0021057
	s_Bot_Xtr                : 0.0006417
	s_Top_Xtr                : 0.000539488
	s_lower_bl_H_0           : 7.31248e-05
	s_upper_bl_H_0           : 6.84123e-05
	s_lower_bl_H_1           : 6.49585e-05
	s_upper_bl_H_1           : 6.48558e-05
Epoch: 72 | Train Loss: 0.0482939 | Test Loss: 0.0753597 | analysis_confidence: 0.0120274 | CL: 0.0257156 | ln_CD: 0.0727924 | CM: 0.00523665 | Top_Xtr: 0.0307973 | Bot_Xtr: 0.0341155
Loss contributors: 
	s_analysis_confidence    : 0.0568556
	s_ln_CD                  : 0.00735754
	s_CL                     : 0.00352499
	s_CM                     : 0.00210566
	s_Bot_Xtr                : 0.000641674
	s_Top_Xtr                : 0.000539497
	s_lower_bl_H_0           : 7.31241e-05
	s_upper_bl_H_0           : 6.84138e-05
	s_lower_bl_H_1           : 6.49577e-05
	s_upper_bl_H_1           : 6.48556e-05
Epoch: 73 | Train Loss: 0.0482922 | Test Loss: 0.0753529 | analysis_confidence: 0.0120191 | CL: 0.0257143 | ln_CD: 0.0727686 | CM: 0.00523658 | Top_Xtr: 0.0307981 | Bot_Xtr: 0.0341158
Loss contributors: 
	s_analysis_confidence    : 0.056849
	s_ln_CD                  : 0.00735764
	s_CL                     : 0.00352483
	s_CM                     : 0.00210563
	s_Bot_Xtr                : 0.00064169
	s_Top_Xtr                : 0.0005395
	s_lower_bl_H_0           : 7.31212e-05
	s_upper_bl_H_0           : 6.84105e-05
	s_lower_bl_H_1           : 6.49553e-05
	s_upper_bl_H_1           : 6.48538e-05
Epoch: 74 | Train Loss: 0.0482923 | Test Loss: 0.0753539 | analysis_confidence: 0.0120058 | CL: 0.025715 | ln_CD: 0.0727704 | CM: 0.00523662 | Top_Xtr: 0.0307975 | Bot_Xtr: 0.0341153
Loss contributors: 
	s_analysis_confidence    : 0.0568501
	s_ln_CD                  : 0.00735754
	s_CL                     : 0.0035249
	s_CM                     : 0.00210564
	s_Bot_Xtr                : 0.000641633
	s_Top_Xtr                : 0.000539482
	s_lower_bl_H_0           : 7.31215e-05
	s_upper_bl_H_0           : 6.84105e-05
	s_lower_bl_H_1           : 6.49557e-05
	s_upper_bl_H_1           : 6.48534e-05
Epoch: 75 | Train Loss: 0.0482911 | Test Loss: 0.0753669 | analysis_confidence: 0.0120272 | CL: 0.0257163 | ln_CD: 0.072787 | CM: 0.00523672 | Top_Xtr: 0.0307979 | Bot_Xtr: 0.0341155
Loss contributors: 
	s_analysis_confidence    : 0.0568617
	s_ln_CD                  : 0.00735884
	s_CL                     : 0.00352502
	s_CM                     : 0.00210567
	s_Bot_Xtr                : 0.00064165
	s_Top_Xtr                : 0.000539483
	s_lower_bl_H_0           : 7.31206e-05
	s_upper_bl_H_0           : 6.84097e-05
	s_lower_bl_H_1           : 6.49559e-05
	s_upper_bl_H_1           : 6.48531e-05
Epoch: 76 | Train Loss: 0.0482921 | Test Loss: 0.0753592 | analysis_confidence: 0.0119938 | CL: 0.0257173 | ln_CD: 0.0727615 | CM: 0.00523668 | Top_Xtr: 0.0307973 | Bot_Xtr: 0.0341161
Loss contributors: 
	s_analysis_confidence    : 0.0568557
	s_ln_CD                  : 0.00735704
	s_CL                     : 0.00352513
	s_CM                     : 0.00210568
	s_Bot_Xtr                : 0.000641681
	s_Top_Xtr                : 0.000539491
	s_lower_bl_H_0           : 7.31213e-05
	s_upper_bl_H_0           : 6.84092e-05
	s_lower_bl_H_1           : 6.49546e-05
	s_upper_bl_H_1           : 6.48516e-05
Epoch: 77 | Train Loss: 0.0482917 | Test Loss: 0.0753624 | analysis_confidence: 0.0120436 | CL: 0.0257185 | ln_CD: 0.0727674 | CM: 0.00523674 | Top_Xtr: 0.0307924 | Bot_Xtr: 0.0341165
Loss contributors: 
	s_analysis_confidence    : 0.0568587
	s_ln_CD                  : 0.00735699
	s_CL                     : 0.00352527
	s_CM                     : 0.0021057
	s_Bot_Xtr                : 0.000641751
	s_Top_Xtr                : 0.000539514
	s_lower_bl_H_0           : 7.31215e-05
	s_upper_bl_H_0           : 6.84107e-05
	s_lower_bl_H_1           : 6.49558e-05
	s_upper_bl_H_1           : 6.48525e-05
Epoch: 78 | Train Loss: 0.0482942 | Test Loss: 0.0753503 | analysis_confidence: 0.0119682 | CL: 0.0257172 | ln_CD: 0.0727598 | CM: 0.00523668 | Top_Xtr: 0.0308016 | Bot_Xtr: 0.0341152
Loss contributors: 
	s_analysis_confidence    : 0.0568472
	s_ln_CD                  : 0.0073568
	s_CL                     : 0.00352512
	s_CM                     : 0.00210566
	s_Bot_Xtr                : 0.000641631
	s_Top_Xtr                : 0.000539488
	s_lower_bl_H_0           : 7.31202e-05
	s_upper_bl_H_0           : 6.84091e-05
	s_lower_bl_H_1           : 6.49554e-05
	s_upper_bl_H_1           : 6.48524e-05
Epoch: 79 | Train Loss: 0.048293 | Test Loss: 0.0753531 | analysis_confidence: 0.0119989 | CL: 0.0257181 | ln_CD: 0.0727697 | CM: 0.00523675 | Top_Xtr: 0.0307976 | Bot_Xtr: 0.0341133
Loss contributors: 
	s_analysis_confidence    : 0.0568496
	s_ln_CD                  : 0.00735686
	s_CL                     : 0.00352521
	s_CM                     : 0.0021057
	s_Bot_Xtr                : 0.0006417
	s_Top_Xtr                : 0.000539495
	s_lower_bl_H_0           : 7.31207e-05
	s_upper_bl_H_0           : 6.84089e-05
	s_lower_bl_H_1           : 6.49565e-05
	s_upper_bl_H_1           : 6.48524e-05
Epoch: 80 | Train Loss: 0.0482915 | Test Loss: 0.0753595 | analysis_confidence: 0.0120444 | CL: 0.0257176 | ln_CD: 0.0727687 | CM: 0.00523671 | Top_Xtr: 0.0307933 | Bot_Xtr: 0.0341136
Loss contributors: 
	s_analysis_confidence    : 0.0568554
	s_ln_CD                  : 0.00735754
	s_CL                     : 0.00352516
	s_CM                     : 0.00210567
	s_Bot_Xtr                : 0.000641728
	s_Top_Xtr                : 0.000539501
	s_lower_bl_H_0           : 7.31213e-05
	s_upper_bl_H_0           : 6.84098e-05
	s_lower_bl_H_1           : 6.49547e-05
	s_upper_bl_H_1           : 6.48522e-05
Epoch: 81 | Train Loss: 0.0482915 | Test Loss: 0.0753563 | analysis_confidence: 0.011987 | CL: 0.0257193 | ln_CD: 0.0727723 | CM: 0.0052368 | Top_Xtr: 0.0307961 | Bot_Xtr: 0.0341176
Loss contributors: 
	s_analysis_confidence    : 0.0568524
	s_ln_CD                  : 0.00735732
	s_CL                     : 0.00352528
	s_CM                     : 0.00210572
	s_Bot_Xtr                : 0.00064171
	s_Top_Xtr                : 0.000539491
	s_lower_bl_H_0           : 7.312e-05
	s_upper_bl_H_0           : 6.84067e-05
	s_lower_bl_H_1           : 6.49532e-05
	s_upper_bl_H_1           : 6.48495e-05
Epoch: 82 | Train Loss: 0.0482922 | Test Loss: 0.0753606 | analysis_confidence: 0.0120396 | CL: 0.0257153 | ln_CD: 0.072769 | CM: 0.00523661 | Top_Xtr: 0.0307938 | Bot_Xtr: 0.0341153
Loss contributors: 
	s_analysis_confidence    : 0.0568569
	s_ln_CD                  : 0.00735754
	s_CL                     : 0.00352492
	s_CM                     : 0.00210563
	s_Bot_Xtr                : 0.000641671
	s_Top_Xtr                : 0.000539482
	s_lower_bl_H_0           : 7.31198e-05
	s_upper_bl_H_0           : 6.84064e-05
	s_lower_bl_H_1           : 6.49539e-05
	s_upper_bl_H_1           : 6.48501e-05
Epoch: 83 | Train Loss: 0.0482965 | Test Loss: 0.0753519 | analysis_confidence: 0.0119987 | CL: 0.0257204 | ln_CD: 0.0727731 | CM: 0.00523709 | Top_Xtr: 0.0307948 | Bot_Xtr: 0.0341155
Loss contributors: 
	s_analysis_confidence    : 0.0568479
	s_ln_CD                  : 0.00735717
	s_CL                     : 0.00352543
	s_CM                     : 0.00210579
	s_Bot_Xtr                : 0.000641653
	s_Top_Xtr                : 0.000539486
	s_lower_bl_H_0           : 7.31219e-05
	s_upper_bl_H_0           : 6.84094e-05
	s_lower_bl_H_1           : 6.49548e-05
	s_upper_bl_H_1           : 6.48531e-05
Epoch: 84 | Train Loss: 0.0482919 | Test Loss: 0.0753555 | analysis_confidence: 0.012025 | CL: 0.0257198 | ln_CD: 0.0727788 | CM: 0.00523698 | Top_Xtr: 0.0307982 | Bot_Xtr: 0.0341156
Loss contributors: 
	s_analysis_confidence    : 0.056851
	s_ln_CD                  : 0.00735773
	s_CL                     : 0.00352536
	s_CM                     : 0.00210577
	s_Bot_Xtr                : 0.000641647
	s_Top_Xtr                : 0.000539484
	s_lower_bl_H_0           : 7.31215e-05
	s_upper_bl_H_0           : 6.84095e-05
	s_lower_bl_H_1           : 6.4953e-05
	s_upper_bl_H_1           : 6.4852e-05
Epoch: 85 | Train Loss: 0.0482934 | Test Loss: 0.0753559 | analysis_confidence: 0.0120072 | CL: 0.0257178 | ln_CD: 0.0727774 | CM: 0.00523683 | Top_Xtr: 0.030796 | Bot_Xtr: 0.0341153
Loss contributors: 
	s_analysis_confidence    : 0.0568516
	s_ln_CD                  : 0.00735774
	s_CL                     : 0.00352515
	s_CM                     : 0.00210569
	s_Bot_Xtr                : 0.000641693
	s_Top_Xtr                : 0.000539497
	s_lower_bl_H_0           : 7.31229e-05
	s_upper_bl_H_0           : 6.84111e-05
	s_lower_bl_H_1           : 6.49535e-05
	s_upper_bl_H_1           : 6.4853e-05
Epoch: 86 | Train Loss: 0.0482918 | Test Loss: 0.0753598 | analysis_confidence: 0.0120419 | CL: 0.0257154 | ln_CD: 0.0727697 | CM: 0.00523665 | Top_Xtr: 0.0307944 | Bot_Xtr: 0.0341164
Loss contributors: 
	s_analysis_confidence    : 0.0568556
	s_ln_CD                  : 0.00735788
	s_CL                     : 0.00352496
	s_CM                     : 0.00210564
	s_Bot_Xtr                : 0.000641696
	s_Top_Xtr                : 0.000539496
	s_lower_bl_H_0           : 7.31214e-05
	s_upper_bl_H_0           : 6.84102e-05
	s_lower_bl_H_1           : 6.49529e-05
	s_upper_bl_H_1           : 6.48546e-05
Epoch: 87 | Train Loss: 0.0482924 | Test Loss: 0.0753568 | analysis_confidence: 0.0120093 | CL: 0.0257169 | ln_CD: 0.0727744 | CM: 0.00523678 | Top_Xtr: 0.0307958 | Bot_Xtr: 0.0341168
Loss contributors: 
	s_analysis_confidence    : 0.0568528
	s_ln_CD                  : 0.00735758
	s_CL                     : 0.00352508
	s_CM                     : 0.00210568
	s_Bot_Xtr                : 0.000641694
	s_Top_Xtr                : 0.000539498
	s_lower_bl_H_0           : 7.31206e-05
	s_upper_bl_H_0           : 6.84098e-05
	s_lower_bl_H_1           : 6.49526e-05
	s_upper_bl_H_1           : 6.48531e-05
Epoch: 88 | Train Loss: 0.0482935 | Test Loss: 0.0753506 | analysis_confidence: 0.0119972 | CL: 0.0257176 | ln_CD: 0.072777 | CM: 0.0052369 | Top_Xtr: 0.0307964 | Bot_Xtr: 0.0341151
Loss contributors: 
	s_analysis_confidence    : 0.0568465
	s_ln_CD                  : 0.00735752
	s_CL                     : 0.00352516
	s_CM                     : 0.00210571
	s_Bot_Xtr                : 0.000641656
	s_Top_Xtr                : 0.000539503
	s_lower_bl_H_0           : 7.31211e-05
	s_upper_bl_H_0           : 6.84103e-05
	s_lower_bl_H_1           : 6.49535e-05
	s_upper_bl_H_1           : 6.48529e-05
Epoch: 89 | Train Loss: 0.0482922 | Test Loss: 0.0753578 | analysis_confidence: 0.0119929 | CL: 0.0257194 | ln_CD: 0.0727769 | CM: 0.00523694 | Top_Xtr: 0.0307938 | Bot_Xtr: 0.0341141
Loss contributors: 
	s_analysis_confidence    : 0.0568532
	s_ln_CD                  : 0.00735787
	s_CL                     : 0.00352537
	s_CM                     : 0.00210574
	s_Bot_Xtr                : 0.000641689
	s_Top_Xtr                : 0.000539494
	s_lower_bl_H_0           : 7.31203e-05
	s_upper_bl_H_0           : 6.84096e-05
	s_lower_bl_H_1           : 6.49521e-05
	s_upper_bl_H_1           : 6.48511e-05
Epoch: 90 | Train Loss: 0.048294 | Test Loss: 0.0753589 | analysis_confidence: 0.0120385 | CL: 0.025716 | ln_CD: 0.0727759 | CM: 0.00523674 | Top_Xtr: 0.0307942 | Bot_Xtr: 0.0341153
Loss contributors: 
	s_analysis_confidence    : 0.0568546
	s_ln_CD                  : 0.00735802
	s_CL                     : 0.00352499
	s_CM                     : 0.00210566
	s_Bot_Xtr                : 0.000641673
	s_Top_Xtr                : 0.000539469
	s_lower_bl_H_0           : 7.31216e-05
	s_upper_bl_H_0           : 6.84108e-05
	s_lower_bl_H_1           : 6.49543e-05
	s_upper_bl_H_1           : 6.48538e-05
Epoch: 91 | Train Loss: 0.0482922 | Test Loss: 0.0753551 | analysis_confidence: 0.0120112 | CL: 0.0257197 | ln_CD: 0.0727835 | CM: 0.00523688 | Top_Xtr: 0.0307934 | Bot_Xtr: 0.0341126
Loss contributors: 
	s_analysis_confidence    : 0.056851
	s_ln_CD                  : 0.00735752
	s_CL                     : 0.0035253
	s_CM                     : 0.00210572
	s_Bot_Xtr                : 0.000641652
	s_Top_Xtr                : 0.000539498
	s_lower_bl_H_0           : 7.31208e-05
	s_upper_bl_H_0           : 6.84092e-05
	s_lower_bl_H_1           : 6.49517e-05
	s_upper_bl_H_1           : 6.48508e-05
Epoch: 92 | Train Loss: 0.0482924 | Test Loss: 0.0753625 | analysis_confidence: 0.0120451 | CL: 0.0257194 | ln_CD: 0.0727749 | CM: 0.00523684 | Top_Xtr: 0.0307943 | Bot_Xtr: 0.0341129
Loss contributors: 
	s_analysis_confidence    : 0.0568584
	s_ln_CD                  : 0.00735746
	s_CL                     : 0.00352529
	s_CM                     : 0.00210571
	s_Bot_Xtr                : 0.000641658
	s_Top_Xtr                : 0.000539475
	s_lower_bl_H_0           : 7.3121e-05
	s_upper_bl_H_0           : 6.84084e-05
	s_lower_bl_H_1           : 6.49533e-05
	s_upper_bl_H_1           : 6.48529e-05
Epoch: 93 | Train Loss: 0.0482936 | Test Loss: 0.0753506 | analysis_confidence: 0.0119968 | CL: 0.0257187 | ln_CD: 0.0727791 | CM: 0.00523699 | Top_Xtr: 0.030794 | Bot_Xtr: 0.0341142
Loss contributors: 
	s_analysis_confidence    : 0.0568458
	s_ln_CD                  : 0.00735815
	s_CL                     : 0.00352525
	s_CM                     : 0.00210573
	s_Bot_Xtr                : 0.000641656
	s_Top_Xtr                : 0.000539463
	s_lower_bl_H_0           : 7.31239e-05
	s_upper_bl_H_0           : 6.84131e-05
	s_lower_bl_H_1           : 6.49546e-05
	s_upper_bl_H_1           : 6.48548e-05
Epoch: 94 | Train Loss: 0.048293 | Test Loss: 0.0753524 | analysis_confidence: 0.0120284 | CL: 0.0257174 | ln_CD: 0.0727825 | CM: 0.00523675 | Top_Xtr: 0.0307953 | Bot_Xtr: 0.0341152
Loss contributors: 
	s_analysis_confidence    : 0.0568479
	s_ln_CD                  : 0.00735802
	s_CL                     : 0.00352509
	s_CM                     : 0.00210565
	s_Bot_Xtr                : 0.000641662
	s_Top_Xtr                : 0.000539469
	s_lower_bl_H_0           : 7.31235e-05
	s_upper_bl_H_0           : 6.84111e-05
	s_lower_bl_H_1           : 6.4954e-05
	s_upper_bl_H_1           : 6.48531e-05
Epoch: 95 | Train Loss: 0.0482932 | Test Loss: 0.0753591 | analysis_confidence: 0.0120286 | CL: 0.025717 | ln_CD: 0.0727687 | CM: 0.00523666 | Top_Xtr: 0.0307944 | Bot_Xtr: 0.0341149
Loss contributors: 
	s_analysis_confidence    : 0.0568554
	s_ln_CD                  : 0.00735731
	s_CL                     : 0.0035251
	s_CM                     : 0.00210564
	s_Bot_Xtr                : 0.000641675
	s_Top_Xtr                : 0.000539477
	s_lower_bl_H_0           : 7.31215e-05
	s_upper_bl_H_0           : 6.84099e-05
	s_lower_bl_H_1           : 6.49531e-05
	s_upper_bl_H_1           : 6.48526e-05
Epoch: 96 | Train Loss: 0.048293 | Test Loss: 0.0753544 | analysis_confidence: 0.0119695 | CL: 0.0257168 | ln_CD: 0.0727683 | CM: 0.00523675 | Top_Xtr: 0.0307952 | Bot_Xtr: 0.0341156
Loss contributors: 
	s_analysis_confidence    : 0.0568505
	s_ln_CD                  : 0.00735751
	s_CL                     : 0.00352508
	s_CM                     : 0.00210565
	s_Bot_Xtr                : 0.000641669
	s_Top_Xtr                : 0.000539454
	s_lower_bl_H_0           : 7.3121e-05
	s_upper_bl_H_0           : 6.84105e-05
	s_lower_bl_H_1           : 6.49544e-05
	s_upper_bl_H_1           : 6.48522e-05
Epoch: 97 | Train Loss: 0.0482926 | Test Loss: 0.0753579 | analysis_confidence: 0.0120274 | CL: 0.0257171 | ln_CD: 0.0727792 | CM: 0.00523675 | Top_Xtr: 0.0307967 | Bot_Xtr: 0.0341154
Loss contributors: 
	s_analysis_confidence    : 0.0568535
	s_ln_CD                  : 0.00735799
	s_CL                     : 0.00352514
	s_CM                     : 0.00210568
	s_Bot_Xtr                : 0.00064164
	s_Top_Xtr                : 0.000539468
	s_lower_bl_H_0           : 7.3121e-05
	s_upper_bl_H_0           : 6.84104e-05
	s_lower_bl_H_1           : 6.49531e-05
	s_upper_bl_H_1           : 6.48515e-05
Epoch: 98 | Train Loss: 0.0482935 | Test Loss: 0.0753545 | analysis_confidence: 0.0120154 | CL: 0.0257177 | ln_CD: 0.0727744 | CM: 0.00523681 | Top_Xtr: 0.0307936 | Bot_Xtr: 0.0341134
Loss contributors: 
	s_analysis_confidence    : 0.0568499
	s_ln_CD                  : 0.00735807
	s_CL                     : 0.00352518
	s_CM                     : 0.00210569
	s_Bot_Xtr                : 0.000641649
	s_Top_Xtr                : 0.000539474
	s_lower_bl_H_0           : 7.31225e-05
	s_upper_bl_H_0           : 6.84113e-05
	s_lower_bl_H_1           : 6.49528e-05
	s_upper_bl_H_1           : 6.48527e-05
Epoch: 99 | Train Loss: 0.0482939 | Test Loss: 0.075357 | analysis_confidence: 0.01205 | CL: 0.0257165 | ln_CD: 0.0727753 | CM: 0.00523667 | Top_Xtr: 0.0307924 | Bot_Xtr: 0.0341151
Loss contributors: 
	s_analysis_confidence    : 0.0568523
	s_ln_CD                  : 0.0073583
	s_CL                     : 0.00352502
	s_CM                     : 0.00210563
	s_Bot_Xtr                : 0.000641715
	s_Top_Xtr                : 0.000539493
	s_lower_bl_H_0           : 7.31211e-05
	s_upper_bl_H_0           : 6.84112e-05
	s_lower_bl_H_1           : 6.49518e-05
	s_upper_bl_H_1           : 6.48529e-05
Epoch: 100 | Train Loss: 0.0482926 | Test Loss: 0.0753516 | analysis_confidence: 0.0120047 | CL: 0.0257176 | ln_CD: 0.0727802 | CM: 0.00523679 | Top_Xtr: 0.0307971 | Bot_Xtr: 0.0341139
Loss contributors: 
	s_analysis_confidence    : 0.0568477
	s_ln_CD                  : 0.00735755
	s_CL                     : 0.00352513
	s_CM                     : 0.00210569
	s_Bot_Xtr                : 0.000641612
	s_Top_Xtr                : 0.000539488
	s_lower_bl_H_0           : 7.31206e-05
	s_upper_bl_H_0           : 6.84102e-05
	s_lower_bl_H_1           : 6.49528e-05
	s_upper_bl_H_1           : 6.48499e-05
Epoch: 101 | Train Loss: 0.0482934 | Test Loss: 0.0753608 | analysis_confidence: 0.0120097 | CL: 0.0257175 | ln_CD: 0.0727784 | CM: 0.00523684 | Top_Xtr: 0.030792 | Bot_Xtr: 0.0341139
Loss contributors: 
	s_analysis_confidence    : 0.0568564
	s_ln_CD                  : 0.00735805
	s_CL                     : 0.00352512
	s_CM                     : 0.0021057
	s_Bot_Xtr                : 0.000641673
	s_Top_Xtr                : 0.000539485
	s_lower_bl_H_0           : 7.3122e-05
	s_upper_bl_H_0           : 6.841e-05
	s_lower_bl_H_1           : 6.49525e-05
	s_upper_bl_H_1           : 6.48517e-05
Epoch: 102 | Train Loss: 0.0482939 | Test Loss: 0.0753542 | analysis_confidence: 0.012009 | CL: 0.0257176 | ln_CD: 0.072781 | CM: 0.00523684 | Top_Xtr: 0.0307923 | Bot_Xtr: 0.0341154
Loss contributors: 
	s_analysis_confidence    : 0.0568494
	s_ln_CD                  : 0.00735835
	s_CL                     : 0.00352514
	s_CM                     : 0.00210569
	s_Bot_Xtr                : 0.000641705
	s_Top_Xtr                : 0.000539468
	s_lower_bl_H_0           : 7.31216e-05
	s_upper_bl_H_0           : 6.84108e-05
	s_lower_bl_H_1           : 6.49521e-05
	s_upper_bl_H_1           : 6.48507e-05
Epoch: 103 | Train Loss: 0.048293 | Test Loss: 0.0753508 | analysis_confidence: 0.0120158 | CL: 0.0257145 | ln_CD: 0.0727793 | CM: 0.00523678 | Top_Xtr: 0.0307943 | Bot_Xtr: 0.0341153
Loss contributors: 
	s_analysis_confidence    : 0.0568471
	s_ln_CD                  : 0.00735755
	s_CL                     : 0.00352489
	s_CM                     : 0.00210565
	s_Bot_Xtr                : 0.000641664
	s_Top_Xtr                : 0.000539469
	s_lower_bl_H_0           : 7.3122e-05
	s_upper_bl_H_0           : 6.84115e-05
	s_lower_bl_H_1           : 6.49537e-05
	s_upper_bl_H_1           : 6.48546e-05
Epoch: 104 | Train Loss: 0.0482942 | Test Loss: 0.0753579 | analysis_confidence: 0.0120077 | CL: 0.0257185 | ln_CD: 0.0727663 | CM: 0.00523697 | Top_Xtr: 0.0307957 | Bot_Xtr: 0.0341144
Loss contributors: 
	s_analysis_confidence    : 0.0568534
	s_ln_CD                  : 0.00735792
	s_CL                     : 0.0035253
	s_CM                     : 0.00210572
	s_Bot_Xtr                : 0.000641662
	s_Top_Xtr                : 0.000539472
	s_lower_bl_H_0           : 7.31195e-05
	s_upper_bl_H_0           : 6.84089e-05
	s_lower_bl_H_1           : 6.49531e-05
	s_upper_bl_H_1           : 6.48517e-05
Epoch: 105 | Train Loss: 0.0482939 | Test Loss: 0.0753545 | analysis_confidence: 0.0120046 | CL: 0.0257181 | ln_CD: 0.0727794 | CM: 0.0052369 | Top_Xtr: 0.0307961 | Bot_Xtr: 0.0341161
Loss contributors: 
	s_analysis_confidence    : 0.0568505
	s_ln_CD                  : 0.00735748
	s_CL                     : 0.00352519
	s_CM                     : 0.00210569
	s_Bot_Xtr                : 0.000641676
	s_Top_Xtr                : 0.000539488
	s_lower_bl_H_0           : 7.31233e-05
	s_upper_bl_H_0           : 6.84121e-05
	s_lower_bl_H_1           : 6.4955e-05
	s_upper_bl_H_1           : 6.48527e-05
Epoch: 106 | Train Loss: 0.048293 | Test Loss: 0.0753577 | analysis_confidence: 0.0120119 | CL: 0.0257168 | ln_CD: 0.072781 | CM: 0.00523683 | Top_Xtr: 0.0307944 | Bot_Xtr: 0.0341149
Loss contributors: 
	s_analysis_confidence    : 0.0568533
	s_ln_CD                  : 0.00735804
	s_CL                     : 0.00352504
	s_CM                     : 0.00210566
	s_Bot_Xtr                : 0.000641671
	s_Top_Xtr                : 0.000539481
	s_lower_bl_H_0           : 7.31218e-05
	s_upper_bl_H_0           : 6.84122e-05
	s_lower_bl_H_1           : 6.49527e-05
	s_upper_bl_H_1           : 6.48539e-05
Epoch: 107 | Train Loss: 0.0482934 | Test Loss: 0.0753618 | analysis_confidence: 0.0120289 | CL: 0.0257186 | ln_CD: 0.072779 | CM: 0.00523689 | Top_Xtr: 0.0307961 | Bot_Xtr: 0.0341127
Loss contributors: 
	s_analysis_confidence    : 0.0568577
	s_ln_CD                  : 0.00735754
	s_CL                     : 0.00352526
	s_CM                     : 0.00210571
	s_Bot_Xtr                : 0.000641608
	s_Top_Xtr                : 0.000539496
	s_lower_bl_H_0           : 7.31216e-05
	s_upper_bl_H_0           : 6.84112e-05
	s_lower_bl_H_1           : 6.4953e-05
	s_upper_bl_H_1           : 6.48523e-05
Epoch: 108 | Train Loss: 0.0482934 | Test Loss: 0.0753625 | analysis_confidence: 0.0120268 | CL: 0.0257187 | ln_CD: 0.0727717 | CM: 0.00523687 | Top_Xtr: 0.0307933 | Bot_Xtr: 0.034112
Loss contributors: 
	s_analysis_confidence    : 0.0568585
	s_ln_CD                  : 0.00735746
	s_CL                     : 0.00352526
	s_CM                     : 0.00210568
	s_Bot_Xtr                : 0.000641658
	s_Top_Xtr                : 0.000539503
	s_lower_bl_H_0           : 7.3123e-05
	s_upper_bl_H_0           : 6.84126e-05
	s_lower_bl_H_1           : 6.49544e-05
	s_upper_bl_H_1           : 6.48534e-05
Epoch: 109 | Train Loss: 0.0482968 | Test Loss: 0.0753629 | analysis_confidence: 0.0120336 | CL: 0.0257188 | ln_CD: 0.0727751 | CM: 0.00523696 | Top_Xtr: 0.0307958 | Bot_Xtr: 0.0341142
Loss contributors: 
	s_analysis_confidence    : 0.0568585
	s_ln_CD                  : 0.00735796
	s_CL                     : 0.00352525
	s_CM                     : 0.00210572
	s_Bot_Xtr                : 0.000641629
	s_Top_Xtr                : 0.000539468
	s_lower_bl_H_0           : 7.31224e-05
	s_upper_bl_H_0           : 6.84118e-05
	s_lower_bl_H_1           : 6.49526e-05
	s_upper_bl_H_1           : 6.48521e-05
Epoch: 110 | Train Loss: 0.048294 | Test Loss: 0.0753581 | analysis_confidence: 0.0120032 | CL: 0.0257196 | ln_CD: 0.0727947 | CM: 0.00523705 | Top_Xtr: 0.0307945 | Bot_Xtr: 0.0341137
Loss contributors: 
	s_analysis_confidence    : 0.0568534
	s_ln_CD                  : 0.00735824
	s_CL                     : 0.00352534
	s_CM                     : 0.00210575
	s_Bot_Xtr                : 0.000641625
	s_Top_Xtr                : 0.000539469
	s_lower_bl_H_0           : 7.31224e-05
	s_upper_bl_H_0           : 6.84118e-05
	s_lower_bl_H_1           : 6.49514e-05
	s_upper_bl_H_1           : 6.48519e-05
Epoch: 111 | Train Loss: 0.0482943 | Test Loss: 0.0753605 | analysis_confidence: 0.0119839 | CL: 0.0257204 | ln_CD: 0.0727868 | CM: 0.0052369 | Top_Xtr: 0.0307919 | Bot_Xtr: 0.034112
Loss contributors: 
	s_analysis_confidence    : 0.0568562
	s_ln_CD                  : 0.00735775
	s_CL                     : 0.00352537
	s_CM                     : 0.0021057
	s_Bot_Xtr                : 0.000641673
	s_Top_Xtr                : 0.000539504
	s_lower_bl_H_0           : 7.31211e-05
	s_upper_bl_H_0           : 6.84099e-05
	s_lower_bl_H_1           : 6.49504e-05
	s_upper_bl_H_1           : 6.48499e-05
Epoch: 112 | Train Loss: 0.0482937 | Test Loss: 0.0753589 | analysis_confidence: 0.0120274 | CL: 0.0257139 | ln_CD: 0.0727928 | CM: 0.00523659 | Top_Xtr: 0.0307949 | Bot_Xtr: 0.0341125
Loss contributors: 
	s_analysis_confidence    : 0.056854
	s_ln_CD                  : 0.00735896
	s_CL                     : 0.0035248
	s_CM                     : 0.00210555
	s_Bot_Xtr                : 0.000641641
	s_Top_Xtr                : 0.000539472
	s_lower_bl_H_0           : 7.31232e-05
	s_upper_bl_H_0           : 6.84134e-05
	s_lower_bl_H_1           : 6.49533e-05
	s_upper_bl_H_1           : 6.48555e-05
Epoch: 113 | Train Loss: 0.0482942 | Test Loss: 0.0753559 | analysis_confidence: 0.0119811 | CL: 0.0257187 | ln_CD: 0.0727674 | CM: 0.00523677 | Top_Xtr: 0.0307936 | Bot_Xtr: 0.0341133
Loss contributors: 
	s_analysis_confidence    : 0.0568517
	s_ln_CD                  : 0.00735789
	s_CL                     : 0.00352526
	s_CM                     : 0.00210564
	s_Bot_Xtr                : 0.00064164
	s_Top_Xtr                : 0.000539461
	s_lower_bl_H_0           : 7.31221e-05
	s_upper_bl_H_0           : 6.84115e-05
	s_lower_bl_H_1           : 6.49499e-05
	s_upper_bl_H_1           : 6.4851e-05
Epoch: 114 | Train Loss: 0.0482932 | Test Loss: 0.0753583 | analysis_confidence: 0.0119856 | CL: 0.0257167 | ln_CD: 0.0727903 | CM: 0.00523677 | Top_Xtr: 0.0307938 | Bot_Xtr: 0.0341143
Loss contributors: 
	s_analysis_confidence    : 0.0568533
	s_ln_CD                  : 0.00735875
	s_CL                     : 0.00352506
	s_CM                     : 0.00210561
	s_Bot_Xtr                : 0.000641617
	s_Top_Xtr                : 0.000539451
	s_lower_bl_H_0           : 7.31215e-05
	s_upper_bl_H_0           : 6.8413e-05
	s_lower_bl_H_1           : 6.49535e-05
	s_upper_bl_H_1           : 6.48525e-05
Epoch: 115 | Train Loss: 0.0482952 | Test Loss: 0.0753636 | analysis_confidence: 0.012016 | CL: 0.0257202 | ln_CD: 0.0727767 | CM: 0.00523681 | Top_Xtr: 0.0307931 | Bot_Xtr: 0.0341139
Loss contributors: 
	s_analysis_confidence    : 0.0568592
	s_ln_CD                  : 0.00735772
	s_CL                     : 0.00352543
	s_CM                     : 0.00210565
	s_Bot_Xtr                : 0.000641692
	s_Top_Xtr                : 0.000539475
	s_lower_bl_H_0           : 7.31217e-05
	s_upper_bl_H_0           : 6.84115e-05
	s_lower_bl_H_1           : 6.49507e-05
	s_upper_bl_H_1           : 6.48514e-05
Epoch: 116 | Train Loss: 0.048295 | Test Loss: 0.0753641 | analysis_confidence: 0.0120348 | CL: 0.0257164 | ln_CD: 0.0727727 | CM: 0.00523668 | Top_Xtr: 0.0307941 | Bot_Xtr: 0.0341151
Loss contributors: 
	s_analysis_confidence    : 0.0568594
	s_ln_CD                  : 0.00735841
	s_CL                     : 0.00352508
	s_CM                     : 0.00210559
	s_Bot_Xtr                : 0.000641688
	s_Top_Xtr                : 0.000539462
	s_lower_bl_H_0           : 7.31214e-05
	s_upper_bl_H_0           : 6.84112e-05
	s_lower_bl_H_1           : 6.49516e-05
	s_upper_bl_H_1           : 6.48533e-05
Epoch: 117 | Train Loss: 0.0482944 | Test Loss: 0.0753652 | analysis_confidence: 0.0120364 | CL: 0.0257179 | ln_CD: 0.0727717 | CM: 0.00523676 | Top_Xtr: 0.0307963 | Bot_Xtr: 0.0341135
Loss contributors: 
	s_analysis_confidence    : 0.0568604
	s_ln_CD                  : 0.00735848
	s_CL                     : 0.00352523
	s_CM                     : 0.00210563
	s_Bot_Xtr                : 0.000641674
	s_Top_Xtr                : 0.000539464
	s_lower_bl_H_0           : 7.31212e-05
	s_upper_bl_H_0           : 6.84113e-05
	s_lower_bl_H_1           : 6.49508e-05
	s_upper_bl_H_1           : 6.48531e-05
Epoch: 118 | Train Loss: 0.0482938 | Test Loss: 0.0753613 | analysis_confidence: 0.011993 | CL: 0.0257209 | ln_CD: 0.0727746 | CM: 0.00523708 | Top_Xtr: 0.0307946 | Bot_Xtr: 0.0341125
Loss contributors: 
	s_analysis_confidence    : 0.056857
	s_ln_CD                  : 0.00735768
	s_CL                     : 0.0035255
	s_CM                     : 0.00210575
	s_Bot_Xtr                : 0.000641646
	s_Top_Xtr                : 0.000539484
	s_lower_bl_H_0           : 7.31202e-05
	s_upper_bl_H_0           : 6.84102e-05
	s_lower_bl_H_1           : 6.49501e-05
	s_upper_bl_H_1           : 6.48504e-05
Epoch: 119 | Train Loss: 0.0482941 | Test Loss: 0.0753605 | analysis_confidence: 0.0120135 | CL: 0.0257183 | ln_CD: 0.0727815 | CM: 0.00523694 | Top_Xtr: 0.0307911 | Bot_Xtr: 0.0341141
Loss contributors: 
	s_analysis_confidence    : 0.0568557
	s_ln_CD                  : 0.00735827
	s_CL                     : 0.00352526
	s_CM                     : 0.0021057
	s_Bot_Xtr                : 0.000641689
	s_Top_Xtr                : 0.000539484
	s_lower_bl_H_0           : 7.31213e-05
	s_upper_bl_H_0           : 6.84127e-05
	s_lower_bl_H_1           : 6.49522e-05
	s_upper_bl_H_1           : 6.4851e-05
Epoch: 120 | Train Loss: 0.0482969 | Test Loss: 0.0753556 | analysis_confidence: 0.0120189 | CL: 0.0257187 | ln_CD: 0.072783 | CM: 0.00523678 | Top_Xtr: 0.0307927 | Bot_Xtr: 0.0341157
Loss contributors: 
	s_analysis_confidence    : 0.0568506
	s_ln_CD                  : 0.00735856
	s_CL                     : 0.00352525
	s_CM                     : 0.00210564
	s_Bot_Xtr                : 0.000641681
	s_Top_Xtr                : 0.000539467
	s_lower_bl_H_0           : 7.31211e-05
	s_upper_bl_H_0           : 6.84133e-05
	s_lower_bl_H_1           : 6.49516e-05
	s_upper_bl_H_1           : 6.48515e-05
Epoch: 121 | Train Loss: 0.0482944 | Test Loss: 0.0753551 | analysis_confidence: 0.0119926 | CL: 0.0257159 | ln_CD: 0.0727897 | CM: 0.00523679 | Top_Xtr: 0.0307913 | Bot_Xtr: 0.0341147
Loss contributors: 
	s_analysis_confidence    : 0.0568495
	s_ln_CD                  : 0.00735937
	s_CL                     : 0.00352502
	s_CM                     : 0.00210561
	s_Bot_Xtr                : 0.000641702
	s_Top_Xtr                : 0.000539459
	s_lower_bl_H_0           : 7.31219e-05
	s_upper_bl_H_0           : 6.8414e-05
	s_lower_bl_H_1           : 6.49527e-05
	s_upper_bl_H_1           : 6.48544e-05
Epoch: 122 | Train Loss: 0.0482941 | Test Loss: 0.0753587 | analysis_confidence: 0.0120405 | CL: 0.0257162 | ln_CD: 0.0727748 | CM: 0.00523673 | Top_Xtr: 0.0307938 | Bot_Xtr: 0.0341142
Loss contributors: 
	s_analysis_confidence    : 0.0568541
	s_ln_CD                  : 0.00735844
	s_CL                     : 0.00352504
	s_CM                     : 0.00210563
	s_Bot_Xtr                : 0.000641653
	s_Top_Xtr                : 0.000539449
	s_lower_bl_H_0           : 7.31196e-05
	s_upper_bl_H_0           : 6.84111e-05
	s_lower_bl_H_1           : 6.49512e-05
	s_upper_bl_H_1           : 6.48517e-05
Epoch: 123 | Train Loss: 0.0482958 | Test Loss: 0.075364 | analysis_confidence: 0.0120206 | CL: 0.0257182 | ln_CD: 0.0727858 | CM: 0.0052369 | Top_Xtr: 0.0307956 | Bot_Xtr: 0.0341121
Loss contributors: 
	s_analysis_confidence    : 0.0568594
	s_ln_CD                  : 0.00735837
	s_CL                     : 0.00352521
	s_CM                     : 0.00210568
	s_Bot_Xtr                : 0.000641604
	s_Top_Xtr                : 0.000539471
	s_lower_bl_H_0           : 7.31194e-05
	s_upper_bl_H_0           : 6.84104e-05
	s_lower_bl_H_1           : 6.49502e-05
	s_upper_bl_H_1           : 6.48494e-05
Epoch: 124 | Train Loss: 0.048295 | Test Loss: 0.0753574 | analysis_confidence: 0.0120125 | CL: 0.0257204 | ln_CD: 0.0727796 | CM: 0.00523703 | Top_Xtr: 0.0307926 | Bot_Xtr: 0.0341138
Loss contributors: 
	s_analysis_confidence    : 0.0568527
	s_ln_CD                  : 0.00735793
	s_CL                     : 0.00352549
	s_CM                     : 0.00210575
	s_Bot_Xtr                : 0.000641659
	s_Top_Xtr                : 0.000539478
	s_lower_bl_H_0           : 7.31227e-05
	s_upper_bl_H_0           : 6.84127e-05
	s_lower_bl_H_1           : 6.49532e-05
	s_upper_bl_H_1           : 6.48507e-05
Epoch: 125 | Train Loss: 0.0482939 | Test Loss: 0.0753585 | analysis_confidence: 0.0120399 | CL: 0.0257188 | ln_CD: 0.0727754 | CM: 0.00523693 | Top_Xtr: 0.0307952 | Bot_Xtr: 0.0341145
Loss contributors: 
	s_analysis_confidence    : 0.0568536
	s_ln_CD                  : 0.00735839
	s_CL                     : 0.00352533
	s_CM                     : 0.0021057
	s_Bot_Xtr                : 0.00064163
	s_Top_Xtr                : 0.000539469
	s_lower_bl_H_0           : 7.31246e-05
	s_upper_bl_H_0           : 6.84154e-05
	s_lower_bl_H_1           : 6.49548e-05
	s_upper_bl_H_1           : 6.48544e-05
Epoch: 126 | Train Loss: 0.0482937 | Test Loss: 0.0753631 | analysis_confidence: 0.0120512 | CL: 0.0257213 | ln_CD: 0.0727876 | CM: 0.0052371 | Top_Xtr: 0.0307954 | Bot_Xtr: 0.0341145
Loss contributors: 
	s_analysis_confidence    : 0.0568577
	s_ln_CD                  : 0.00735854
	s_CL                     : 0.00352552
	s_CM                     : 0.00210575
	s_Bot_Xtr                : 0.000641657
	s_Top_Xtr                : 0.00053949
	s_lower_bl_H_0           : 7.31227e-05
	s_upper_bl_H_0           : 6.84128e-05
	s_lower_bl_H_1           : 6.49524e-05
	s_upper_bl_H_1           : 6.48523e-05
Epoch: 127 | Train Loss: 0.0482981 | Test Loss: 0.0753585 | analysis_confidence: 0.0120186 | CL: 0.025719 | ln_CD: 0.072784 | CM: 0.00523705 | Top_Xtr: 0.0307948 | Bot_Xtr: 0.0341137
Loss contributors: 
	s_analysis_confidence    : 0.0568533
	s_ln_CD                  : 0.00735877
	s_CL                     : 0.00352528
	s_CM                     : 0.00210571
	s_Bot_Xtr                : 0.000641607
	s_Top_Xtr                : 0.000539475
	s_lower_bl_H_0           : 7.31223e-05
	s_upper_bl_H_0           : 6.84142e-05
	s_lower_bl_H_1           : 6.49531e-05
	s_upper_bl_H_1           : 6.48549e-05
Epoch: 128 | Train Loss: 0.0482943 | Test Loss: 0.0753649 | analysis_confidence: 0.0120208 | CL: 0.0257167 | ln_CD: 0.0727807 | CM: 0.00523686 | Top_Xtr: 0.0307959 | Bot_Xtr: 0.0341138
Loss contributors: 
	s_analysis_confidence    : 0.0568604
	s_ln_CD                  : 0.00735829
	s_CL                     : 0.00352509
	s_CM                     : 0.00210565
	s_Bot_Xtr                : 0.000641632
	s_Top_Xtr                : 0.000539478
	s_lower_bl_H_0           : 7.31228e-05
	s_upper_bl_H_0           : 6.84134e-05
	s_lower_bl_H_1           : 6.49542e-05
	s_upper_bl_H_1           : 6.48561e-05
Epoch: 129 | Train Loss: 0.0482956 | Test Loss: 0.0753583 | analysis_confidence: 0.0119897 | CL: 0.0257205 | ln_CD: 0.0727737 | CM: 0.00523697 | Top_Xtr: 0.030793 | Bot_Xtr: 0.0341115
Loss contributors: 
	s_analysis_confidence    : 0.0568538
	s_ln_CD                  : 0.00735797
	s_CL                     : 0.00352542
	s_CM                     : 0.0021057
	s_Bot_Xtr                : 0.000641623
	s_Top_Xtr                : 0.000539484
	s_lower_bl_H_0           : 7.31215e-05
	s_upper_bl_H_0           : 6.84117e-05
	s_lower_bl_H_1           : 6.49514e-05
	s_upper_bl_H_1           : 6.48501e-05
Epoch: 130 | Train Loss: 0.0482947 | Test Loss: 0.0753555 | analysis_confidence: 0.0120014 | CL: 0.0257178 | ln_CD: 0.0727732 | CM: 0.00523692 | Top_Xtr: 0.0307962 | Bot_Xtr: 0.0341115
Loss contributors: 
	s_analysis_confidence    : 0.0568511
	s_ln_CD                  : 0.00735822
	s_CL                     : 0.00352517
	s_CM                     : 0.00210566
	s_Bot_Xtr                : 0.000641572
	s_Top_Xtr                : 0.000539481
	s_lower_bl_H_0           : 7.31211e-05
	s_upper_bl_H_0           : 6.84125e-05
	s_lower_bl_H_1           : 6.49516e-05
	s_upper_bl_H_1           : 6.48522e-05
Epoch: 131 | Train Loss: 0.0482947 | Test Loss: 0.0753641 | analysis_confidence: 0.0120244 | CL: 0.0257206 | ln_CD: 0.0727781 | CM: 0.00523707 | Top_Xtr: 0.030793 | Bot_Xtr: 0.0341128
Loss contributors: 
	s_analysis_confidence    : 0.0568592
	s_ln_CD                  : 0.00735812
	s_CL                     : 0.00352548
	s_CM                     : 0.00210573
	s_Bot_Xtr                : 0.000641647
	s_Top_Xtr                : 0.000539478
	s_lower_bl_H_0           : 7.31214e-05
	s_upper_bl_H_0           : 6.84124e-05
	s_lower_bl_H_1           : 6.49519e-05
	s_upper_bl_H_1           : 6.48508e-05
Epoch: 132 | Train Loss: 0.0482957 | Test Loss: 0.0753586 | analysis_confidence: 0.0119976 | CL: 0.0257186 | ln_CD: 0.0727838 | CM: 0.00523709 | Top_Xtr: 0.0307949 | Bot_Xtr: 0.0341128
Loss contributors: 
	s_analysis_confidence    : 0.0568533
	s_ln_CD                  : 0.00735884
	s_CL                     : 0.00352528
	s_CM                     : 0.00210571
	s_Bot_Xtr                : 0.000641611
	s_Top_Xtr                : 0.000539475
	s_lower_bl_H_0           : 7.31243e-05
	s_upper_bl_H_0           : 6.84162e-05
	s_lower_bl_H_1           : 6.49533e-05
	s_upper_bl_H_1           : 6.48552e-05
Epoch: 133 | Train Loss: 0.0482968 | Test Loss: 0.0753657 | analysis_confidence: 0.0120306 | CL: 0.0257195 | ln_CD: 0.0727717 | CM: 0.0052369 | Top_Xtr: 0.0307998 | Bot_Xtr: 0.0341156
Loss contributors: 
	s_analysis_confidence    : 0.0568616
	s_ln_CD                  : 0.00735773
	s_CL                     : 0.00352533
	s_CM                     : 0.0021057
	s_Bot_Xtr                : 0.000641626
	s_Top_Xtr                : 0.000539498
	s_lower_bl_H_0           : 7.31205e-05
	s_upper_bl_H_0           : 6.84118e-05
	s_lower_bl_H_1           : 6.49498e-05
	s_upper_bl_H_1           : 6.48493e-05
Epoch: 134 | Train Loss: 0.0482944 | Test Loss: 0.0753634 | analysis_confidence: 0.0120197 | CL: 0.0257176 | ln_CD: 0.0727814 | CM: 0.00523695 | Top_Xtr: 0.030797 | Bot_Xtr: 0.0341146
Loss contributors: 
	s_analysis_confidence    : 0.056858
	s_ln_CD                  : 0.00735909
	s_CL                     : 0.00352519
	s_CM                     : 0.00210569
	s_Bot_Xtr                : 0.000641637
	s_Top_Xtr                : 0.000539471
	s_lower_bl_H_0           : 7.31221e-05
	s_upper_bl_H_0           : 6.84149e-05
	s_lower_bl_H_1           : 6.4952e-05
	s_upper_bl_H_1           : 6.4854e-05
Epoch: 135 | Train Loss: 0.0482953 | Test Loss: 0.0753545 | analysis_confidence: 0.0120274 | CL: 0.0257187 | ln_CD: 0.0727928 | CM: 0.00523686 | Top_Xtr: 0.0307964 | Bot_Xtr: 0.0341118
Loss contributors: 
	s_analysis_confidence    : 0.0568489
	s_ln_CD                  : 0.00735904
	s_CL                     : 0.00352532
	s_CM                     : 0.00210566
	s_Bot_Xtr                : 0.000641647
	s_Top_Xtr                : 0.000539497
	s_lower_bl_H_0           : 7.31241e-05
	s_upper_bl_H_0           : 6.84163e-05
	s_lower_bl_H_1           : 6.49528e-05
	s_upper_bl_H_1           : 6.4854e-05
Epoch: 136 | Train Loss: 0.0482947 | Test Loss: 0.0753604 | analysis_confidence: 0.0120167 | CL: 0.0257175 | ln_CD: 0.0727912 | CM: 0.00523684 | Top_Xtr: 0.0307929 | Bot_Xtr: 0.034113
Loss contributors: 
	s_analysis_confidence    : 0.0568554
	s_ln_CD                  : 0.00735871
	s_CL                     : 0.00352519
	s_CM                     : 0.00210564
	s_Bot_Xtr                : 0.000641643
	s_Top_Xtr                : 0.000539483
	s_lower_bl_H_0           : 7.31231e-05
	s_upper_bl_H_0           : 6.84145e-05
	s_lower_bl_H_1           : 6.49537e-05
	s_upper_bl_H_1           : 6.48525e-05
Epoch: 137 | Train Loss: 0.0482958 | Test Loss: 0.075367 | analysis_confidence: 0.0120375 | CL: 0.0257171 | ln_CD: 0.0727886 | CM: 0.00523686 | Top_Xtr: 0.0307921 | Bot_Xtr: 0.034112
Loss contributors: 
	s_analysis_confidence    : 0.0568615
	s_ln_CD                  : 0.00735911
	s_CL                     : 0.00352516
	s_CM                     : 0.00210563
	s_Bot_Xtr                : 0.000641652
	s_Top_Xtr                : 0.000539482
	s_lower_bl_H_0           : 7.31253e-05
	s_upper_bl_H_0           : 6.84155e-05
	s_lower_bl_H_1           : 6.49536e-05
	s_upper_bl_H_1           : 6.48542e-05
Epoch: 138 | Train Loss: 0.0482955 | Test Loss: 0.0753626 | analysis_confidence: 0.0120358 | CL: 0.0257205 | ln_CD: 0.0727759 | CM: 0.00523706 | Top_Xtr: 0.030794 | Bot_Xtr: 0.0341117
Loss contributors: 
	s_analysis_confidence    : 0.0568579
	s_ln_CD                  : 0.00735813
	s_CL                     : 0.00352546
	s_CM                     : 0.00210574
	s_Bot_Xtr                : 0.000641622
	s_Top_Xtr                : 0.000539497
	s_lower_bl_H_0           : 7.31213e-05
	s_upper_bl_H_0           : 6.84114e-05
	s_lower_bl_H_1           : 6.49498e-05
	s_upper_bl_H_1           : 6.48502e-05
Epoch: 139 | Train Loss: 0.0482948 | Test Loss: 0.0753689 | analysis_confidence: 0.0120358 | CL: 0.0257199 | ln_CD: 0.0727854 | CM: 0.00523716 | Top_Xtr: 0.0307917 | Bot_Xtr: 0.0341133
Loss contributors: 
	s_analysis_confidence    : 0.0568633
	s_ln_CD                  : 0.00735897
	s_CL                     : 0.00352544
	s_CM                     : 0.00210575
	s_Bot_Xtr                : 0.000641659
	s_Top_Xtr                : 0.000539453
	s_lower_bl_H_0           : 7.3121e-05
	s_upper_bl_H_0           : 6.84139e-05
	s_lower_bl_H_1           : 6.49508e-05
	s_upper_bl_H_1           : 6.48519e-05
Epoch: 140 | Train Loss: 0.0482972 | Test Loss: 0.0753621 | analysis_confidence: 0.0119848 | CL: 0.0257189 | ln_CD: 0.0727765 | CM: 0.00523706 | Top_Xtr: 0.0307926 | Bot_Xtr: 0.0341121
Loss contributors: 
	s_analysis_confidence    : 0.0568575
	s_ln_CD                  : 0.00735816
	s_CL                     : 0.00352528
	s_CM                     : 0.00210571
	s_Bot_Xtr                : 0.000641689
	s_Top_Xtr                : 0.000539494
	s_lower_bl_H_0           : 7.31216e-05
	s_upper_bl_H_0           : 6.84132e-05
	s_lower_bl_H_1           : 6.49504e-05
	s_upper_bl_H_1           : 6.48502e-05
Epoch: 141 | Train Loss: 0.0482951 | Test Loss: 0.0753694 | analysis_confidence: 0.0120395 | CL: 0.0257164 | ln_CD: 0.0727812 | CM: 0.00523698 | Top_Xtr: 0.0307948 | Bot_Xtr: 0.034113
Loss contributors: 
	s_analysis_confidence    : 0.0568644
	s_ln_CD                  : 0.00735881
	s_CL                     : 0.00352509
	s_CM                     : 0.00210568
	s_Bot_Xtr                : 0.000641616
	s_Top_Xtr                : 0.000539471
	s_lower_bl_H_0           : 7.31215e-05
	s_upper_bl_H_0           : 6.84128e-05
	s_lower_bl_H_1           : 6.49511e-05
	s_upper_bl_H_1           : 6.4852e-05
Epoch: 142 | Train Loss: 0.0482953 | Test Loss: 0.075361 | analysis_confidence: 0.0120228 | CL: 0.0257182 | ln_CD: 0.0727749 | CM: 0.00523703 | Top_Xtr: 0.0307931 | Bot_Xtr: 0.0341128
Loss contributors: 
	s_analysis_confidence    : 0.0568553
	s_ln_CD                  : 0.00735937
	s_CL                     : 0.0035253
	s_CM                     : 0.0021057
	s_Bot_Xtr                : 0.000641587
	s_Top_Xtr                : 0.000539473
	s_lower_bl_H_0           : 7.31221e-05
	s_upper_bl_H_0           : 6.84137e-05
	s_lower_bl_H_1           : 6.4953e-05
	s_upper_bl_H_1           : 6.4852e-05
Epoch: 143 | Train Loss: 0.0482957 | Test Loss: 0.0753677 | analysis_confidence: 0.0120124 | CL: 0.0257164 | ln_CD: 0.0727854 | CM: 0.00523706 | Top_Xtr: 0.0307933 | Bot_Xtr: 0.0341131
Loss contributors: 
	s_analysis_confidence    : 0.0568625
	s_ln_CD                  : 0.00735899
	s_CL                     : 0.00352508
	s_CM                     : 0.00210569
	s_Bot_Xtr                : 0.000641683
	s_Top_Xtr                : 0.000539486
	s_lower_bl_H_0           : 7.31213e-05
	s_upper_bl_H_0           : 6.84134e-05
	s_lower_bl_H_1           : 6.4951e-05
	s_upper_bl_H_1           : 6.4852e-05
Epoch: 144 | Train Loss: 0.0482957 | Test Loss: 0.0753639 | analysis_confidence: 0.0120279 | CL: 0.0257162 | ln_CD: 0.0727881 | CM: 0.00523696 | Top_Xtr: 0.0307963 | Bot_Xtr: 0.0341142
Loss contributors: 
	s_analysis_confidence    : 0.0568584
	s_ln_CD                  : 0.00735939
	s_CL                     : 0.00352509
	s_CM                     : 0.00210568
	s_Bot_Xtr                : 0.000641634
	s_Top_Xtr                : 0.000539466
	s_lower_bl_H_0           : 7.31215e-05
	s_upper_bl_H_0           : 6.84132e-05
	s_lower_bl_H_1           : 6.4949e-05
	s_upper_bl_H_1           : 6.48522e-05
Epoch: 145 | Train Loss: 0.0482962 | Test Loss: 0.0753602 | analysis_confidence: 0.011985 | CL: 0.0257198 | ln_CD: 0.0727789 | CM: 0.00523709 | Top_Xtr: 0.0307963 | Bot_Xtr: 0.0341129
Loss contributors: 
	s_analysis_confidence    : 0.0568554
	s_ln_CD                  : 0.00735835
	s_CL                     : 0.00352543
	s_CM                     : 0.00210575
	s_Bot_Xtr                : 0.000641621
	s_Top_Xtr                : 0.000539481
	s_lower_bl_H_0           : 7.31226e-05
	s_upper_bl_H_0           : 6.84134e-05
	s_lower_bl_H_1           : 6.495e-05
	s_upper_bl_H_1           : 6.48492e-05
Epoch: 146 | Train Loss: 0.0482957 | Test Loss: 0.0753716 | analysis_confidence: 0.0120266 | CL: 0.0257169 | ln_CD: 0.0727742 | CM: 0.00523691 | Top_Xtr: 0.030793 | Bot_Xtr: 0.0341145
Loss contributors: 
	s_analysis_confidence    : 0.0568674
	s_ln_CD                  : 0.00735805
	s_CL                     : 0.00352516
	s_CM                     : 0.00210569
	s_Bot_Xtr                : 0.000641652
	s_Top_Xtr                : 0.000539466
	s_lower_bl_H_0           : 7.31206e-05
	s_upper_bl_H_0           : 6.84121e-05
	s_lower_bl_H_1           : 6.49469e-05
	s_upper_bl_H_1           : 6.48497e-05
Epoch: 147 | Train Loss: 0.0482957 | Test Loss: 0.0753669 | analysis_confidence: 0.0119855 | CL: 0.0257188 | ln_CD: 0.0727771 | CM: 0.0052372 | Top_Xtr: 0.0307932 | Bot_Xtr: 0.0341127
Loss contributors: 
	s_analysis_confidence    : 0.0568622
	s_ln_CD                  : 0.00735823
	s_CL                     : 0.00352536
	s_CM                     : 0.00210578
	s_Bot_Xtr                : 0.000641629
	s_Top_Xtr                : 0.000539462
	s_lower_bl_H_0           : 7.31213e-05
	s_upper_bl_H_0           : 6.84132e-05
	s_lower_bl_H_1           : 6.49471e-05
	s_upper_bl_H_1           : 6.48507e-05
Epoch: 148 | Train Loss: 0.0482956 | Test Loss: 0.0753723 | analysis_confidence: 0.0120481 | CL: 0.025719 | ln_CD: 0.0727854 | CM: 0.0052372 | Top_Xtr: 0.030793 | Bot_Xtr: 0.0341113
Loss contributors: 
	s_analysis_confidence    : 0.0568672
	s_ln_CD                  : 0.00735858
	s_CL                     : 0.00352539
	s_CM                     : 0.00210577
	s_Bot_Xtr                : 0.000641642
	s_Top_Xtr                : 0.000539472
	s_lower_bl_H_0           : 7.3123e-05
	s_upper_bl_H_0           : 6.84164e-05
	s_lower_bl_H_1           : 6.495e-05
	s_upper_bl_H_1           : 6.48525e-05
Epoch: 149 | Train Loss: 0.0482958 | Test Loss: 0.0753641 | analysis_confidence: 0.0120219 | CL: 0.0257196 | ln_CD: 0.0727716 | CM: 0.00523703 | Top_Xtr: 0.0307941 | Bot_Xtr: 0.0341126
Loss contributors: 
	s_analysis_confidence    : 0.0568591
	s_ln_CD                  : 0.00735858
	s_CL                     : 0.00352542
	s_CM                     : 0.00210571
	s_Bot_Xtr                : 0.000641632
	s_Top_Xtr                : 0.000539461
	s_lower_bl_H_0           : 7.31216e-05
	s_upper_bl_H_0           : 6.84132e-05
	s_lower_bl_H_1           : 6.49483e-05
	s_upper_bl_H_1           : 6.4852e-05
Epoch: 150 | Train Loss: 0.0482964 | Test Loss: 0.0753656 | analysis_confidence: 0.0120166 | CL: 0.0257205 | ln_CD: 0.0727948 | CM: 0.00523719 | Top_Xtr: 0.0307941 | Bot_Xtr: 0.0341128
Loss contributors: 
	s_analysis_confidence    : 0.0568604
	s_ln_CD                  : 0.00735841
	s_CL                     : 0.00352553
	s_CM                     : 0.00210576
	s_Bot_Xtr                : 0.000641652
	s_Top_Xtr                : 0.000539468
	s_lower_bl_H_0           : 7.31234e-05
	s_upper_bl_H_0           : 6.84169e-05
	s_lower_bl_H_1           : 6.49507e-05
	s_upper_bl_H_1           : 6.48522e-05
Epoch: 151 | Train Loss: 0.048296 | Test Loss: 0.0753681 | analysis_confidence: 0.0120483 | CL: 0.0257195 | ln_CD: 0.0727861 | CM: 0.00523722 | Top_Xtr: 0.0307909 | Bot_Xtr: 0.0341117
Loss contributors: 
	s_analysis_confidence    : 0.056863
	s_ln_CD                  : 0.00735838
	s_CL                     : 0.00352543
	s_CM                     : 0.00210576
	s_Bot_Xtr                : 0.000641707
	s_Top_Xtr                : 0.000539494
	s_lower_bl_H_0           : 7.31228e-05
	s_upper_bl_H_0           : 6.84158e-05
	s_lower_bl_H_1           : 6.4951e-05
	s_upper_bl_H_1           : 6.48526e-05
Epoch: 152 | Train Loss: 0.0482969 | Test Loss: 0.0753669 | analysis_confidence: 0.0120107 | CL: 0.0257182 | ln_CD: 0.0727782 | CM: 0.00523716 | Top_Xtr: 0.0307946 | Bot_Xtr: 0.0341097
Loss contributors: 
	s_analysis_confidence    : 0.0568624
	s_ln_CD                  : 0.0073582
	s_CL                     : 0.00352527
	s_CM                     : 0.00210572
	s_Bot_Xtr                : 0.000641596
	s_Top_Xtr                : 0.000539446
	s_lower_bl_H_0           : 7.3123e-05
	s_upper_bl_H_0           : 6.84159e-05
	s_lower_bl_H_1           : 6.49496e-05
	s_upper_bl_H_1           : 6.48524e-05
Epoch: 153 | Train Loss: 0.048296 | Test Loss: 0.0753636 | analysis_confidence: 0.0120436 | CL: 0.0257169 | ln_CD: 0.0727714 | CM: 0.00523706 | Top_Xtr: 0.0307907 | Bot_Xtr: 0.0341115
Loss contributors: 
	s_analysis_confidence    : 0.0568586
	s_ln_CD                  : 0.00735872
	s_CL                     : 0.00352522
	s_CM                     : 0.00210571
	s_Bot_Xtr                : 0.00064164
	s_Top_Xtr                : 0.000539438
	s_lower_bl_H_0           : 7.31206e-05
	s_upper_bl_H_0           : 6.84145e-05
	s_lower_bl_H_1           : 6.49501e-05
	s_upper_bl_H_1           : 6.4852e-05
Epoch: 154 | Train Loss: 0.0482962 | Test Loss: 0.075366 | analysis_confidence: 0.0120274 | CL: 0.0257206 | ln_CD: 0.0727883 | CM: 0.00523723 | Top_Xtr: 0.0307908 | Bot_Xtr: 0.0341106
Loss contributors: 
	s_analysis_confidence    : 0.0568609
	s_ln_CD                  : 0.00735845
	s_CL                     : 0.00352555
	s_CM                     : 0.00210577
	s_Bot_Xtr                : 0.00064164
	s_Top_Xtr                : 0.000539468
	s_lower_bl_H_0           : 7.31212e-05
	s_upper_bl_H_0           : 6.84132e-05
	s_lower_bl_H_1           : 6.4948e-05
	s_upper_bl_H_1           : 6.48491e-05
Epoch: 155 | Train Loss: 0.0482956 | Test Loss: 0.0753686 | analysis_confidence: 0.0120528 | CL: 0.0257213 | ln_CD: 0.0727761 | CM: 0.00523729 | Top_Xtr: 0.0307956 | Bot_Xtr: 0.0341128
Loss contributors: 
	s_analysis_confidence    : 0.0568642
	s_ln_CD                  : 0.00735778
	s_CL                     : 0.00352561
	s_CM                     : 0.00210582
	s_Bot_Xtr                : 0.000641608
	s_Top_Xtr                : 0.000539456
	s_lower_bl_H_0           : 7.3121e-05
	s_upper_bl_H_0           : 6.84116e-05
	s_lower_bl_H_1           : 6.49481e-05
	s_upper_bl_H_1           : 6.48497e-05
Epoch: 156 | Train Loss: 0.0482962 | Test Loss: 0.0753641 | analysis_confidence: 0.0120071 | CL: 0.0257193 | ln_CD: 0.0727803 | CM: 0.00523711 | Top_Xtr: 0.0307951 | Bot_Xtr: 0.034113
Loss contributors: 
	s_analysis_confidence    : 0.0568596
	s_ln_CD                  : 0.00735816
	s_CL                     : 0.00352538
	s_CM                     : 0.00210572
	s_Bot_Xtr                : 0.000641592
	s_Top_Xtr                : 0.000539442
	s_lower_bl_H_0           : 7.31217e-05
	s_upper_bl_H_0           : 6.84128e-05
	s_lower_bl_H_1           : 6.49489e-05
	s_upper_bl_H_1           : 6.48497e-05
Epoch: 157 | Train Loss: 0.0482975 | Test Loss: 0.0753652 | analysis_confidence: 0.0120337 | CL: 0.0257211 | ln_CD: 0.0727879 | CM: 0.00523735 | Top_Xtr: 0.0307946 | Bot_Xtr: 0.0341124
Loss contributors: 
	s_analysis_confidence    : 0.0568602
	s_ln_CD                  : 0.00735834
	s_CL                     : 0.00352557
	s_CM                     : 0.0021058
	s_Bot_Xtr                : 0.000641602
	s_Top_Xtr                : 0.000539456
	s_lower_bl_H_0           : 7.31233e-05
	s_upper_bl_H_0           : 6.84158e-05
	s_lower_bl_H_1           : 6.49508e-05
	s_upper_bl_H_1           : 6.48522e-05
Epoch: 158 | Train Loss: 0.0482961 | Test Loss: 0.0753722 | analysis_confidence: 0.012033 | CL: 0.0257176 | ln_CD: 0.0727836 | CM: 0.00523712 | Top_Xtr: 0.0307929 | Bot_Xtr: 0.0341123
Loss contributors: 
	s_analysis_confidence    : 0.0568674
	s_ln_CD                  : 0.00735857
	s_CL                     : 0.00352524
	s_CM                     : 0.00210571
	s_Bot_Xtr                : 0.000641592
	s_Top_Xtr                : 0.000539457
	s_lower_bl_H_0           : 7.31225e-05
	s_upper_bl_H_0           : 6.8414e-05
	s_lower_bl_H_1           : 6.49493e-05
	s_upper_bl_H_1           : 6.48516e-05
Epoch: 159 | Train Loss: 0.0482971 | Test Loss: 0.0753633 | analysis_confidence: 0.0120203 | CL: 0.0257211 | ln_CD: 0.0727824 | CM: 0.0052373 | Top_Xtr: 0.0307925 | Bot_Xtr: 0.0341127
Loss contributors: 
	s_analysis_confidence    : 0.0568583
	s_ln_CD                  : 0.00735835
	s_CL                     : 0.00352553
	s_CM                     : 0.00210578
	s_Bot_Xtr                : 0.00064161
	s_Top_Xtr                : 0.000539467
	s_lower_bl_H_0           : 7.31222e-05
	s_upper_bl_H_0           : 6.84137e-05
	s_lower_bl_H_1           : 6.49485e-05
	s_upper_bl_H_1           : 6.4851e-05
Epoch: 160 | Train Loss: 0.0482962 | Test Loss: 0.0753667 | analysis_confidence: 0.012006 | CL: 0.0257221 | ln_CD: 0.0727811 | CM: 0.00523741 | Top_Xtr: 0.0307902 | Bot_Xtr: 0.034113
Loss contributors: 
	s_analysis_confidence    : 0.0568609
	s_ln_CD                  : 0.00735907
	s_CL                     : 0.00352569
	s_CM                     : 0.00210582
	s_Bot_Xtr                : 0.000641626
	s_Top_Xtr                : 0.000539438
	s_lower_bl_H_0           : 7.31222e-05
	s_upper_bl_H_0           : 6.84144e-05
	s_lower_bl_H_1           : 6.49472e-05
	s_upper_bl_H_1           : 6.48511e-05
Epoch: 161 | Train Loss: 0.0482964 | Test Loss: 0.0753718 | analysis_confidence: 0.0120196 | CL: 0.0257199 | ln_CD: 0.0727971 | CM: 0.00523731 | Top_Xtr: 0.0307909 | Bot_Xtr: 0.0341113
Loss contributors: 
	s_analysis_confidence    : 0.0568661
	s_ln_CD                  : 0.00735915
	s_CL                     : 0.00352546
	s_CM                     : 0.00210578
	s_Bot_Xtr                : 0.000641649
	s_Top_Xtr                : 0.000539456
	s_lower_bl_H_0           : 7.31225e-05
	s_upper_bl_H_0           : 6.84157e-05
	s_lower_bl_H_1           : 6.49498e-05
	s_upper_bl_H_1           : 6.48519e-05
Epoch: 162 | Train Loss: 0.0482971 | Test Loss: 0.0753656 | analysis_confidence: 0.0120076 | CL: 0.0257238 | ln_CD: 0.0727835 | CM: 0.00523745 | Top_Xtr: 0.0307925 | Bot_Xtr: 0.0341113
Loss contributors: 
	s_analysis_confidence    : 0.0568607
	s_ln_CD                  : 0.00735811
	s_CL                     : 0.00352581
	s_CM                     : 0.00210586
	s_Bot_Xtr                : 0.000641636
	s_Top_Xtr                : 0.000539478
	s_lower_bl_H_0           : 7.31197e-05
	s_upper_bl_H_0           : 6.84121e-05
	s_lower_bl_H_1           : 6.49456e-05
	s_upper_bl_H_1           : 6.48474e-05
Epoch: 163 | Train Loss: 0.0482972 | Test Loss: 0.0753654 | analysis_confidence: 0.0120184 | CL: 0.0257228 | ln_CD: 0.0727869 | CM: 0.00523743 | Top_Xtr: 0.0307946 | Bot_Xtr: 0.0341133
Loss contributors: 
	s_analysis_confidence    : 0.0568597
	s_ln_CD                  : 0.00735901
	s_CL                     : 0.00352573
	s_CM                     : 0.00210584
	s_Bot_Xtr                : 0.000641651
	s_Top_Xtr                : 0.000539448
	s_lower_bl_H_0           : 7.31196e-05
	s_upper_bl_H_0           : 6.84123e-05
	s_lower_bl_H_1           : 6.49457e-05
	s_upper_bl_H_1           : 6.48487e-05
Epoch: 164 | Train Loss: 0.0482967 | Test Loss: 0.0753744 | analysis_confidence: 0.0120319 | CL: 0.0257206 | ln_CD: 0.0727895 | CM: 0.00523733 | Top_Xtr: 0.0307933 | Bot_Xtr: 0.034113
Loss contributors: 
	s_analysis_confidence    : 0.0568691
	s_ln_CD                  : 0.00735871
	s_CL                     : 0.00352552
	s_CM                     : 0.0021058
	s_Bot_Xtr                : 0.000641647
	s_Top_Xtr                : 0.000539452
	s_lower_bl_H_0           : 7.31212e-05
	s_upper_bl_H_0           : 6.84137e-05
	s_lower_bl_H_1           : 6.49483e-05
	s_upper_bl_H_1           : 6.48499e-05
Epoch: 165 | Train Loss: 0.0482967 | Test Loss: 0.0753674 | analysis_confidence: 0.0120406 | CL: 0.0257183 | ln_CD: 0.0727972 | CM: 0.00523733 | Top_Xtr: 0.0307935 | Bot_Xtr: 0.0341143
Loss contributors: 
	s_analysis_confidence    : 0.056862
	s_ln_CD                  : 0.00735896
	s_CL                     : 0.00352524
	s_CM                     : 0.00210576
	s_Bot_Xtr                : 0.000641643
	s_Top_Xtr                : 0.000539464
	s_lower_bl_H_0           : 7.3123e-05
	s_upper_bl_H_0           : 6.84157e-05
	s_lower_bl_H_1           : 6.49504e-05
	s_upper_bl_H_1           : 6.48525e-05
Epoch: 166 | Train Loss: 0.0482973 | Test Loss: 0.0753675 | analysis_confidence: 0.0120212 | CL: 0.0257191 | ln_CD: 0.0727973 | CM: 0.00523731 | Top_Xtr: 0.0307934 | Bot_Xtr: 0.0341133
Loss contributors: 
	s_analysis_confidence    : 0.0568617
	s_ln_CD                  : 0.00735936
	s_CL                     : 0.00352531
	s_CM                     : 0.00210575
	s_Bot_Xtr                : 0.000641646
	s_Top_Xtr                : 0.000539469
	s_lower_bl_H_0           : 7.3124e-05
	s_upper_bl_H_0           : 6.84168e-05
	s_lower_bl_H_1           : 6.49511e-05
	s_upper_bl_H_1           : 6.48536e-05
Epoch: 167 | Train Loss: 0.048297 | Test Loss: 0.0753741 | analysis_confidence: 0.0120293 | CL: 0.0257212 | ln_CD: 0.0727942 | CM: 0.00523733 | Top_Xtr: 0.0307909 | Bot_Xtr: 0.0341127
Loss contributors: 
	s_analysis_confidence    : 0.0568682
	s_ln_CD                  : 0.0073593
	s_CL                     : 0.00352556
	s_CM                     : 0.0021058
	s_Bot_Xtr                : 0.000641674
	s_Top_Xtr                : 0.00053947
	s_lower_bl_H_0           : 7.31217e-05
	s_upper_bl_H_0           : 6.84134e-05
	s_lower_bl_H_1           : 6.49462e-05
	s_upper_bl_H_1           : 6.48495e-05
Epoch: 168 | Train Loss: 0.0482975 | Test Loss: 0.0753686 | analysis_confidence: 0.0119966 | CL: 0.0257216 | ln_CD: 0.0727865 | CM: 0.00523739 | Top_Xtr: 0.0307945 | Bot_Xtr: 0.0341147
Loss contributors: 
	s_analysis_confidence    : 0.0568632
	s_ln_CD                  : 0.0073587
	s_CL                     : 0.00352558
	s_CM                     : 0.00210582
	s_Bot_Xtr                : 0.00064167
	s_Top_Xtr                : 0.000539469
	s_lower_bl_H_0           : 7.31227e-05
	s_upper_bl_H_0           : 6.8414e-05
	s_lower_bl_H_1           : 6.49468e-05
	s_upper_bl_H_1           : 6.4849e-05
Epoch: 169 | Train Loss: 0.0482968 | Test Loss: 0.07537 | analysis_confidence: 0.0120345 | CL: 0.0257194 | ln_CD: 0.0727792 | CM: 0.00523714 | Top_Xtr: 0.0307926 | Bot_Xtr: 0.0341152
Loss contributors: 
	s_analysis_confidence    : 0.0568653
	s_ln_CD                  : 0.00735846
	s_CL                     : 0.00352529
	s_CM                     : 0.00210571
	s_Bot_Xtr                : 0.000641697
	s_Top_Xtr                : 0.000539479
	s_lower_bl_H_0           : 7.31223e-05
	s_upper_bl_H_0           : 6.84143e-05
	s_lower_bl_H_1           : 6.49502e-05
	s_upper_bl_H_1           : 6.48487e-05
Epoch: 170 | Train Loss: 0.0482967 | Test Loss: 0.0753648 | analysis_confidence: 0.0120092 | CL: 0.0257205 | ln_CD: 0.0728029 | CM: 0.00523731 | Top_Xtr: 0.0307932 | Bot_Xtr: 0.0341144
Loss contributors: 
	s_analysis_confidence    : 0.0568595
	s_ln_CD                  : 0.00735884
	s_CL                     : 0.00352549
	s_CM                     : 0.00210578
	s_Bot_Xtr                : 0.000641663
	s_Top_Xtr                : 0.000539455
	s_lower_bl_H_0           : 7.31228e-05
	s_upper_bl_H_0           : 6.84167e-05
	s_lower_bl_H_1           : 6.4949e-05
	s_upper_bl_H_1           : 6.48491e-05
Epoch: 171 | Train Loss: 0.0482967 | Test Loss: 0.0753677 | analysis_confidence: 0.0120075 | CL: 0.0257193 | ln_CD: 0.0727751 | CM: 0.00523711 | Top_Xtr: 0.0307954 | Bot_Xtr: 0.0341146
Loss contributors: 
	s_analysis_confidence    : 0.0568623
	s_ln_CD                  : 0.00735898
	s_CL                     : 0.0035254
	s_CM                     : 0.00210573
	s_Bot_Xtr                : 0.00064165
	s_Top_Xtr                : 0.000539454
	s_lower_bl_H_0           : 7.3121e-05
	s_upper_bl_H_0           : 6.84138e-05
	s_lower_bl_H_1           : 6.49496e-05
	s_upper_bl_H_1           : 6.48485e-05
Epoch: 172 | Train Loss: 0.0482993 | Test Loss: 0.0753618 | analysis_confidence: 0.011991 | CL: 0.0257223 | ln_CD: 0.0727843 | CM: 0.00523742 | Top_Xtr: 0.03079 | Bot_Xtr: 0.0341123
Loss contributors: 
	s_analysis_confidence    : 0.0568562
	s_ln_CD                  : 0.00735884
	s_CL                     : 0.00352571
	s_CM                     : 0.00210584
	s_Bot_Xtr                : 0.000641653
	s_Top_Xtr                : 0.000539465
	s_lower_bl_H_0           : 7.31228e-05
	s_upper_bl_H_0           : 6.84149e-05
	s_lower_bl_H_1           : 6.49483e-05
	s_upper_bl_H_1           : 6.48486e-05
Epoch: 173 | Train Loss: 0.0482969 | Test Loss: 0.075368 | analysis_confidence: 0.012022 | CL: 0.025721 | ln_CD: 0.0727883 | CM: 0.00523732 | Top_Xtr: 0.0307925 | Bot_Xtr: 0.0341135
Loss contributors: 
	s_analysis_confidence    : 0.0568626
	s_ln_CD                  : 0.00735895
	s_CL                     : 0.00352552
	s_CM                     : 0.00210579
	s_Bot_Xtr                : 0.000641605
	s_Top_Xtr                : 0.000539462
	s_lower_bl_H_0           : 7.31221e-05
	s_upper_bl_H_0           : 6.84134e-05
	s_lower_bl_H_1           : 6.4948e-05
	s_upper_bl_H_1           : 6.48485e-05
Epoch: 174 | Train Loss: 0.0482963 | Test Loss: 0.0753673 | analysis_confidence: 0.0120547 | CL: 0.0257205 | ln_CD: 0.0727891 | CM: 0.00523727 | Top_Xtr: 0.0307904 | Bot_Xtr: 0.0341124
Loss contributors: 
	s_analysis_confidence    : 0.0568616
	s_ln_CD                  : 0.00735901
	s_CL                     : 0.0035255
	s_CM                     : 0.00210577
	s_Bot_Xtr                : 0.000641661
	s_Top_Xtr                : 0.00053947
	s_lower_bl_H_0           : 7.31239e-05
	s_upper_bl_H_0           : 6.84164e-05
	s_lower_bl_H_1           : 6.49491e-05
	s_upper_bl_H_1           : 6.48516e-05
Epoch: 175 | Train Loss: 0.0482983 | Test Loss: 0.0753669 | analysis_confidence: 0.0120114 | CL: 0.025718 | ln_CD: 0.0727915 | CM: 0.00523726 | Top_Xtr: 0.0307932 | Bot_Xtr: 0.0341137
Loss contributors: 
	s_analysis_confidence    : 0.0568614
	s_ln_CD                  : 0.00735922
	s_CL                     : 0.00352523
	s_CM                     : 0.00210572
	s_Bot_Xtr                : 0.000641665
	s_Top_Xtr                : 0.000539453
	s_lower_bl_H_0           : 7.31247e-05
	s_upper_bl_H_0           : 6.84188e-05
	s_lower_bl_H_1           : 6.49493e-05
	s_upper_bl_H_1           : 6.48542e-05
Epoch: 176 | Train Loss: 0.0482982 | Test Loss: 0.0753611 | analysis_confidence: 0.01201 | CL: 0.0257204 | ln_CD: 0.0727871 | CM: 0.00523738 | Top_Xtr: 0.030795 | Bot_Xtr: 0.0341134
Loss contributors: 
	s_analysis_confidence    : 0.0568557
	s_ln_CD                  : 0.00735895
	s_CL                     : 0.00352545
	s_CM                     : 0.00210578
	s_Bot_Xtr                : 0.000641641
	s_Top_Xtr                : 0.000539443
	s_lower_bl_H_0           : 7.31227e-05
	s_upper_bl_H_0           : 6.84163e-05
	s_lower_bl_H_1           : 6.49487e-05
	s_upper_bl_H_1           : 6.48504e-05
Epoch: 177 | Train Loss: 0.048298 | Test Loss: 0.0753638 | analysis_confidence: 0.012025 | CL: 0.0257214 | ln_CD: 0.07278 | CM: 0.00523725 | Top_Xtr: 0.0307935 | Bot_Xtr: 0.0341161
Loss contributors: 
	s_analysis_confidence    : 0.0568584
	s_ln_CD                  : 0.00735875
	s_CL                     : 0.00352555
	s_CM                     : 0.00210576
	s_Bot_Xtr                : 0.00064169
	s_Top_Xtr                : 0.000539465
	s_lower_bl_H_0           : 7.31216e-05
	s_upper_bl_H_0           : 6.84148e-05
	s_lower_bl_H_1           : 6.49489e-05
	s_upper_bl_H_1           : 6.48499e-05
Epoch: 178 | Train Loss: 0.0482985 | Test Loss: 0.0753654 | analysis_confidence: 0.0120213 | CL: 0.0257211 | ln_CD: 0.0727852 | CM: 0.00523724 | Top_Xtr: 0.0307933 | Bot_Xtr: 0.0341131
Loss contributors: 
	s_analysis_confidence    : 0.0568601
	s_ln_CD                  : 0.00735866
	s_CL                     : 0.00352556
	s_CM                     : 0.00210576
	s_Bot_Xtr                : 0.000641639
	s_Top_Xtr                : 0.000539468
	s_lower_bl_H_0           : 7.31228e-05
	s_upper_bl_H_0           : 6.8416e-05
	s_lower_bl_H_1           : 6.49485e-05
	s_upper_bl_H_1           : 6.48513e-05
Epoch: 179 | Train Loss: 0.0482985 | Test Loss: 0.0753643 | analysis_confidence: 0.0120239 | CL: 0.0257238 | ln_CD: 0.0727943 | CM: 0.00523735 | Top_Xtr: 0.0307934 | Bot_Xtr: 0.0341128
Loss contributors: 
	s_analysis_confidence    : 0.0568586
	s_ln_CD                  : 0.00735882
	s_CL                     : 0.00352584
	s_CM                     : 0.00210581
	s_Bot_Xtr                : 0.00064166
	s_Top_Xtr                : 0.000539471
	s_lower_bl_H_0           : 7.31234e-05
	s_upper_bl_H_0           : 6.84173e-05
	s_lower_bl_H_1           : 6.49508e-05
	s_upper_bl_H_1           : 6.48502e-05
Epoch: 180 | Train Loss: 0.0482971 | Test Loss: 0.0753729 | analysis_confidence: 0.0119978 | CL: 0.0257203 | ln_CD: 0.0727843 | CM: 0.0052372 | Top_Xtr: 0.0307922 | Bot_Xtr: 0.0341127
Loss contributors: 
	s_analysis_confidence    : 0.056868
	s_ln_CD                  : 0.00735842
	s_CL                     : 0.00352545
	s_CM                     : 0.00210573
	s_Bot_Xtr                : 0.000641645
	s_Top_Xtr                : 0.000539473
	s_lower_bl_H_0           : 7.31242e-05
	s_upper_bl_H_0           : 6.84176e-05
	s_lower_bl_H_1           : 6.49499e-05
	s_upper_bl_H_1           : 6.48512e-05
Epoch: 181 | Train Loss: 0.0482998 | Test Loss: 0.0753681 | analysis_confidence: 0.0120048 | CL: 0.0257208 | ln_CD: 0.072778 | CM: 0.0052372 | Top_Xtr: 0.0307925 | Bot_Xtr: 0.0341146
Loss contributors: 
	s_analysis_confidence    : 0.0568626
	s_ln_CD                  : 0.007359
	s_CL                     : 0.00352553
	s_CM                     : 0.00210573
	s_Bot_Xtr                : 0.000641641
	s_Top_Xtr                : 0.000539441
	s_lower_bl_H_0           : 7.31229e-05
	s_upper_bl_H_0           : 6.84158e-05
	s_lower_bl_H_1           : 6.49487e-05
	s_upper_bl_H_1           : 6.4851e-05
Epoch: 182 | Train Loss: 0.0482968 | Test Loss: 0.0753753 | analysis_confidence: 0.0119893 | CL: 0.0257193 | ln_CD: 0.0727838 | CM: 0.00523717 | Top_Xtr: 0.0307986 | Bot_Xtr: 0.0341174
Loss contributors: 
	s_analysis_confidence    : 0.05687
	s_ln_CD                  : 0.00735901
	s_CL                     : 0.00352539
	s_CM                     : 0.00210573
	s_Bot_Xtr                : 0.000641606
	s_Top_Xtr                : 0.000539442
	s_lower_bl_H_0           : 7.31205e-05
	s_upper_bl_H_0           : 6.84137e-05
	s_lower_bl_H_1           : 6.49479e-05
	s_upper_bl_H_1           : 6.48493e-05
Epoch: 183 | Train Loss: 0.0482991 | Test Loss: 0.0753752 | analysis_confidence: 0.0120022 | CL: 0.0257218 | ln_CD: 0.0727932 | CM: 0.00523726 | Top_Xtr: 0.0307913 | Bot_Xtr: 0.0341116
Loss contributors: 
	s_analysis_confidence    : 0.0568696
	s_ln_CD                  : 0.00735889
	s_CL                     : 0.00352563
	s_CM                     : 0.00210577
	s_Bot_Xtr                : 0.000641679
	s_Top_Xtr                : 0.000539491
	s_lower_bl_H_0           : 7.31228e-05
	s_upper_bl_H_0           : 6.8418e-05
	s_lower_bl_H_1           : 6.49481e-05
	s_upper_bl_H_1           : 6.48518e-05
Epoch: 184 | Train Loss: 0.0482985 | Test Loss: 0.0753686 | analysis_confidence: 0.0119847 | CL: 0.0257228 | ln_CD: 0.072794 | CM: 0.00523733 | Top_Xtr: 0.0307934 | Bot_Xtr: 0.0341138
Loss contributors: 
	s_analysis_confidence    : 0.0568629
	s_ln_CD                  : 0.00735898
	s_CL                     : 0.00352574
	s_CM                     : 0.0021058
	s_Bot_Xtr                : 0.000641644
	s_Top_Xtr                : 0.000539456
	s_lower_bl_H_0           : 7.3123e-05
	s_upper_bl_H_0           : 6.84161e-05
	s_lower_bl_H_1           : 6.49474e-05
	s_upper_bl_H_1           : 6.48503e-05
Epoch: 185 | Train Loss: 0.0482984 | Test Loss: 0.0753713 | analysis_confidence: 0.0120223 | CL: 0.0257231 | ln_CD: 0.0727797 | CM: 0.00523741 | Top_Xtr: 0.0307913 | Bot_Xtr: 0.0341131
Loss contributors: 
	s_analysis_confidence    : 0.0568664
	s_ln_CD                  : 0.00735811
	s_CL                     : 0.00352576
	s_CM                     : 0.00210584
	s_Bot_Xtr                : 0.000641649
	s_Top_Xtr                : 0.000539473
	s_lower_bl_H_0           : 7.31213e-05
	s_upper_bl_H_0           : 6.84145e-05
	s_lower_bl_H_1           : 6.49476e-05
	s_upper_bl_H_1           : 6.48472e-05
Epoch: 186 | Train Loss: 0.0482977 | Test Loss: 0.0753644 | analysis_confidence: 0.0119825 | CL: 0.0257186 | ln_CD: 0.0727994 | CM: 0.00523718 | Top_Xtr: 0.0307923 | Bot_Xtr: 0.0341137
Loss contributors: 
	s_analysis_confidence    : 0.0568593
	s_ln_CD                  : 0.00735883
	s_CL                     : 0.0035253
	s_CM                     : 0.00210572
	s_Bot_Xtr                : 0.000641644
	s_Top_Xtr                : 0.000539471
	s_lower_bl_H_0           : 7.31235e-05
	s_upper_bl_H_0           : 6.84184e-05
	s_lower_bl_H_1           : 6.49499e-05
	s_upper_bl_H_1           : 6.48515e-05
Epoch: 187 | Train Loss: 0.0482984 | Test Loss: 0.0753684 | analysis_confidence: 0.0120023 | CL: 0.0257186 | ln_CD: 0.0727863 | CM: 0.00523719 | Top_Xtr: 0.0307923 | Bot_Xtr: 0.0341114
Loss contributors: 
	s_analysis_confidence    : 0.0568633
	s_ln_CD                  : 0.00735871
	s_CL                     : 0.00352535
	s_CM                     : 0.00210572
	s_Bot_Xtr                : 0.000641631
	s_Top_Xtr                : 0.000539468
	s_lower_bl_H_0           : 7.3124e-05
	s_upper_bl_H_0           : 6.84184e-05
	s_lower_bl_H_1           : 6.49507e-05
	s_upper_bl_H_1           : 6.48508e-05
Epoch: 188 | Train Loss: 0.048299 | Test Loss: 0.0753677 | analysis_confidence: 0.0120069 | CL: 0.025722 | ln_CD: 0.0727809 | CM: 0.0052375 | Top_Xtr: 0.0307924 | Bot_Xtr: 0.0341126
Loss contributors: 
	s_analysis_confidence    : 0.056863
	s_ln_CD                  : 0.00735817
	s_CL                     : 0.00352563
	s_CM                     : 0.00210585
	s_Bot_Xtr                : 0.000641639
	s_Top_Xtr                : 0.000539482
	s_lower_bl_H_0           : 7.31212e-05
	s_upper_bl_H_0           : 6.84138e-05
	s_lower_bl_H_1           : 6.49487e-05
	s_upper_bl_H_1           : 6.48477e-05
Epoch: 189 | Train Loss: 0.0482987 | Test Loss: 0.0753695 | analysis_confidence: 0.0120072 | CL: 0.0257224 | ln_CD: 0.0727865 | CM: 0.00523762 | Top_Xtr: 0.0307933 | Bot_Xtr: 0.0341146
Loss contributors: 
	s_analysis_confidence    : 0.0568633
	s_ln_CD                  : 0.00735928
	s_CL                     : 0.00352569
	s_CM                     : 0.00210589
	s_Bot_Xtr                : 0.000641674
	s_Top_Xtr                : 0.000539461
	s_lower_bl_H_0           : 7.31223e-05
	s_upper_bl_H_0           : 6.84159e-05
	s_lower_bl_H_1           : 6.49488e-05
	s_upper_bl_H_1           : 6.48502e-05
Epoch: 190 | Train Loss: 0.048298 | Test Loss: 0.0753681 | analysis_confidence: 0.0119907 | CL: 0.0257235 | ln_CD: 0.0727877 | CM: 0.00523768 | Top_Xtr: 0.030795 | Bot_Xtr: 0.0341126
Loss contributors: 
	s_analysis_confidence    : 0.0568626
	s_ln_CD                  : 0.00735854
	s_CL                     : 0.00352577
	s_CM                     : 0.00210591
	s_Bot_Xtr                : 0.000641617
	s_Top_Xtr                : 0.000539464
	s_lower_bl_H_0           : 7.3122e-05
	s_upper_bl_H_0           : 6.84132e-05
	s_lower_bl_H_1           : 6.49483e-05
	s_upper_bl_H_1           : 6.485e-05
Epoch: 191 | Train Loss: 0.0483005 | Test Loss: 0.0753717 | analysis_confidence: 0.0120329 | CL: 0.0257189 | ln_CD: 0.0727884 | CM: 0.00523754 | Top_Xtr: 0.0307927 | Bot_Xtr: 0.034112
Loss contributors: 
	s_analysis_confidence    : 0.056866
	s_ln_CD                  : 0.00735925
	s_CL                     : 0.00352535
	s_CM                     : 0.00210584
	s_Bot_Xtr                : 0.000641586
	s_Top_Xtr                : 0.000539444
	s_lower_bl_H_0           : 7.31248e-05
	s_upper_bl_H_0           : 6.84173e-05
	s_lower_bl_H_1           : 6.49513e-05
	s_upper_bl_H_1           : 6.48532e-05
Epoch: 192 | Train Loss: 0.0482992 | Test Loss: 0.0753767 | analysis_confidence: 0.0120067 | CL: 0.0257227 | ln_CD: 0.0727854 | CM: 0.00523747 | Top_Xtr: 0.0307929 | Bot_Xtr: 0.0341138
Loss contributors: 
	s_analysis_confidence    : 0.056871
	s_ln_CD                  : 0.00735904
	s_CL                     : 0.0035257
	s_CM                     : 0.00210584
	s_Bot_Xtr                : 0.000641622
	s_Top_Xtr                : 0.000539451
	s_lower_bl_H_0           : 7.31229e-05
	s_upper_bl_H_0           : 6.84134e-05
	s_lower_bl_H_1           : 6.49487e-05
	s_upper_bl_H_1           : 6.48487e-05
Epoch: 193 | Train Loss: 0.0482984 | Test Loss: 0.0753717 | analysis_confidence: 0.0120286 | CL: 0.0257216 | ln_CD: 0.0727787 | CM: 0.00523749 | Top_Xtr: 0.030791 | Bot_Xtr: 0.0341127
Loss contributors: 
	s_analysis_confidence    : 0.0568665
	s_ln_CD                  : 0.00735868
	s_CL                     : 0.00352559
	s_CM                     : 0.00210583
	s_Bot_Xtr                : 0.000641645
	s_Top_Xtr                : 0.000539465
	s_lower_bl_H_0           : 7.31233e-05
	s_upper_bl_H_0           : 6.84146e-05
	s_lower_bl_H_1           : 6.4949e-05
	s_upper_bl_H_1           : 6.48494e-05
Epoch: 194 | Train Loss: 0.0482984 | Test Loss: 0.0753729 | analysis_confidence: 0.0120478 | CL: 0.0257211 | ln_CD: 0.0727884 | CM: 0.00523742 | Top_Xtr: 0.0307932 | Bot_Xtr: 0.0341124
Loss contributors: 
	s_analysis_confidence    : 0.0568672
	s_ln_CD                  : 0.00735904
	s_CL                     : 0.00352557
	s_CM                     : 0.00210581
	s_Bot_Xtr                : 0.000641618
	s_Top_Xtr                : 0.000539462
	s_lower_bl_H_0           : 7.31246e-05
	s_upper_bl_H_0           : 6.84162e-05
	s_lower_bl_H_1           : 6.49503e-05
	s_upper_bl_H_1           : 6.48517e-05
Epoch: 195 | Train Loss: 0.0482982 | Test Loss: 0.0753727 | analysis_confidence: 0.0119903 | CL: 0.025724 | ln_CD: 0.0727877 | CM: 0.00523761 | Top_Xtr: 0.0307929 | Bot_Xtr: 0.0341128
Loss contributors: 
	s_analysis_confidence    : 0.0568671
	s_ln_CD                  : 0.00735877
	s_CL                     : 0.00352585
	s_CM                     : 0.00210588
	s_Bot_Xtr                : 0.000641631
	s_Top_Xtr                : 0.000539455
	s_lower_bl_H_0           : 7.31235e-05
	s_upper_bl_H_0           : 6.84143e-05
	s_lower_bl_H_1           : 6.4948e-05
	s_upper_bl_H_1           : 6.48503e-05
Epoch: 196 | Train Loss: 0.0483005 | Test Loss: 0.0753695 | analysis_confidence: 0.0120029 | CL: 0.0257202 | ln_CD: 0.0727836 | CM: 0.00523743 | Top_Xtr: 0.0307921 | Bot_Xtr: 0.0341134
Loss contributors: 
	s_analysis_confidence    : 0.0568641
	s_ln_CD                  : 0.00735901
	s_CL                     : 0.00352546
	s_CM                     : 0.00210578
	s_Bot_Xtr                : 0.000641592
	s_Top_Xtr                : 0.000539449
	s_lower_bl_H_0           : 7.31236e-05
	s_upper_bl_H_0           : 6.84148e-05
	s_lower_bl_H_1           : 6.49484e-05
	s_upper_bl_H_1           : 6.48518e-05
Epoch: 197 | Train Loss: 0.0482986 | Test Loss: 0.0753739 | analysis_confidence: 0.0120136 | CL: 0.0257235 | ln_CD: 0.0728002 | CM: 0.00523761 | Top_Xtr: 0.0307948 | Bot_Xtr: 0.0341151
Loss contributors: 
	s_analysis_confidence    : 0.0568674
	s_ln_CD                  : 0.00735959
	s_CL                     : 0.00352578
	s_CM                     : 0.00210586
	s_Bot_Xtr                : 0.000641627
	s_Top_Xtr                : 0.000539447
	s_lower_bl_H_0           : 7.31239e-05
	s_upper_bl_H_0           : 6.84156e-05
	s_lower_bl_H_1           : 6.49488e-05
	s_upper_bl_H_1           : 6.48523e-05
Epoch: 198 | Train Loss: 0.048298 | Test Loss: 0.0753759 | analysis_confidence: 0.0119871 | CL: 0.0257237 | ln_CD: 0.0727878 | CM: 0.00523747 | Top_Xtr: 0.0307983 | Bot_Xtr: 0.0341137
Loss contributors: 
	s_analysis_confidence    : 0.0568697
	s_ln_CD                  : 0.00735941
	s_CL                     : 0.00352582
	s_CM                     : 0.00210584
	s_Bot_Xtr                : 0.000641558
	s_Top_Xtr                : 0.000539444
	s_lower_bl_H_0           : 7.31221e-05
	s_upper_bl_H_0           : 6.84127e-05
	s_lower_bl_H_1           : 6.4946e-05
	s_upper_bl_H_1           : 6.48491e-05
Epoch: 199 | Train Loss: 0.0482983 | Test Loss: 0.0753672 | analysis_confidence: 0.0119964 | CL: 0.0257221 | ln_CD: 0.072777 | CM: 0.00523748 | Top_Xtr: 0.0307911 | Bot_Xtr: 0.0341113
Loss contributors: 
	s_analysis_confidence    : 0.0568614
	s_ln_CD                  : 0.00735912
	s_CL                     : 0.00352567
	s_CM                     : 0.00210582
	s_Bot_Xtr                : 0.000641625
	s_Top_Xtr                : 0.000539454
	s_lower_bl_H_0           : 7.31226e-05
	s_upper_bl_H_0           : 6.8415e-05
	s_lower_bl_H_1           : 6.49473e-05
	s_upper_bl_H_1           : 6.48493e-05
Epoch: 200 | Train Loss: 0.0483016 | Test Loss: 0.0753713 | analysis_confidence: 0.0120168 | CL: 0.0257207 | ln_CD: 0.0727852 | CM: 0.0052374 | Top_Xtr: 0.030793 | Bot_Xtr: 0.0341118
Loss contributors: 
	s_analysis_confidence    : 0.0568659
	s_ln_CD                  : 0.00735899
	s_CL                     : 0.00352553
	s_CM                     : 0.0021058
	s_Bot_Xtr                : 0.000641627
	s_Top_Xtr                : 0.000539463
	s_lower_bl_H_0           : 7.31213e-05
	s_upper_bl_H_0           : 6.84129e-05
	s_lower_bl_H_1           : 6.49465e-05
	s_upper_bl_H_1           : 6.48475e-05
Epoch: 201 | Train Loss: 0.0483002 | Test Loss: 0.0753748 | analysis_confidence: 0.0120176 | CL: 0.025721 | ln_CD: 0.072782 | CM: 0.00523736 | Top_Xtr: 0.0307923 | Bot_Xtr: 0.0341148
Loss contributors: 
	s_analysis_confidence    : 0.0568693
	s_ln_CD                  : 0.00735898
	s_CL                     : 0.00352555
	s_CM                     : 0.00210577
	s_Bot_Xtr                : 0.000641672
	s_Top_Xtr                : 0.000539458
	s_lower_bl_H_0           : 7.31222e-05
	s_upper_bl_H_0           : 6.84146e-05
	s_lower_bl_H_1           : 6.49466e-05
	s_upper_bl_H_1           : 6.48493e-05
Epoch: 202 | Train Loss: 0.0482983 | Test Loss: 0.0753764 | analysis_confidence: 0.0120207 | CL: 0.0257201 | ln_CD: 0.0727943 | CM: 0.0052375 | Top_Xtr: 0.030796 | Bot_Xtr: 0.0341156
Loss contributors: 
	s_analysis_confidence    : 0.0568699
	s_ln_CD                  : 0.00735995
	s_CL                     : 0.00352548
	s_CM                     : 0.0021058
	s_Bot_Xtr                : 0.000641668
	s_Top_Xtr                : 0.000539455
	s_lower_bl_H_0           : 7.31233e-05
	s_upper_bl_H_0           : 6.84168e-05
	s_lower_bl_H_1           : 6.4949e-05
	s_upper_bl_H_1           : 6.48526e-05
Epoch: 203 | Train Loss: 0.0483013 | Test Loss: 0.0753715 | analysis_confidence: 0.0120242 | CL: 0.0257223 | ln_CD: 0.0727891 | CM: 0.00523745 | Top_Xtr: 0.0307928 | Bot_Xtr: 0.0341138
Loss contributors: 
	s_analysis_confidence    : 0.056865
	s_ln_CD                  : 0.00735973
	s_CL                     : 0.00352571
	s_CM                     : 0.00210581
	s_Bot_Xtr                : 0.00064164
	s_Top_Xtr                : 0.000539465
	s_lower_bl_H_0           : 7.31223e-05
	s_upper_bl_H_0           : 6.84146e-05
	s_lower_bl_H_1           : 6.49476e-05
	s_upper_bl_H_1           : 6.48492e-05
Epoch: 204 | Train Loss: 0.0482993 | Test Loss: 0.0753783 | analysis_confidence: 0.0120489 | CL: 0.0257219 | ln_CD: 0.0727966 | CM: 0.00523743 | Top_Xtr: 0.0307931 | Bot_Xtr: 0.034116
Loss contributors: 
	s_analysis_confidence    : 0.0568721
	s_ln_CD                  : 0.0073596
	s_CL                     : 0.00352563
	s_CM                     : 0.00210578
	s_Bot_Xtr                : 0.00064163
	s_Top_Xtr                : 0.000539466
	s_lower_bl_H_0           : 7.31236e-05
	s_upper_bl_H_0           : 6.84163e-05
	s_lower_bl_H_1           : 6.49483e-05
	s_upper_bl_H_1           : 6.48514e-05
Epoch: 205 | Train Loss: 0.0482992 | Test Loss: 0.0753717 | analysis_confidence: 0.0119762 | CL: 0.0257229 | ln_CD: 0.0728094 | CM: 0.00523754 | Top_Xtr: 0.0307917 | Bot_Xtr: 0.0341133
Loss contributors: 
	s_analysis_confidence    : 0.0568651
	s_ln_CD                  : 0.00735998
	s_CL                     : 0.0035257
	s_CM                     : 0.00210582
	s_Bot_Xtr                : 0.000641606
	s_Top_Xtr                : 0.000539482
	s_lower_bl_H_0           : 7.31239e-05
	s_upper_bl_H_0           : 6.84156e-05
	s_lower_bl_H_1           : 6.49478e-05
	s_upper_bl_H_1           : 6.48497e-05
Epoch: 206 | Train Loss: 0.0483005 | Test Loss: 0.0753723 | analysis_confidence: 0.0119982 | CL: 0.0257223 | ln_CD: 0.0727827 | CM: 0.00523733 | Top_Xtr: 0.030794 | Bot_Xtr: 0.0341137
Loss contributors: 
	s_analysis_confidence    : 0.0568666
	s_ln_CD                  : 0.00735933
	s_CL                     : 0.00352563
	s_CM                     : 0.00210577
	s_Bot_Xtr                : 0.000641583
	s_Top_Xtr                : 0.000539461
	s_lower_bl_H_0           : 7.31203e-05
	s_upper_bl_H_0           : 6.8412e-05
	s_lower_bl_H_1           : 6.49456e-05
	s_upper_bl_H_1           : 6.48462e-05
Epoch: 207 | Train Loss: 0.0482991 | Test Loss: 0.0753699 | analysis_confidence: 0.0120079 | CL: 0.0257224 | ln_CD: 0.072795 | CM: 0.00523763 | Top_Xtr: 0.0307889 | Bot_Xtr: 0.0341121
Loss contributors: 
	s_analysis_confidence    : 0.056864
	s_ln_CD                  : 0.00735915
	s_CL                     : 0.0035257
	s_CM                     : 0.00210586
	s_Bot_Xtr                : 0.000641645
	s_Top_Xtr                : 0.000539494
	s_lower_bl_H_0           : 7.31232e-05
	s_upper_bl_H_0           : 6.84154e-05
	s_lower_bl_H_1           : 6.49473e-05
	s_upper_bl_H_1           : 6.48494e-05
Epoch: 208 | Train Loss: 0.0482997 | Test Loss: 0.0753828 | analysis_confidence: 0.0120211 | CL: 0.0257204 | ln_CD: 0.0727893 | CM: 0.00523745 | Top_Xtr: 0.0307928 | Bot_Xtr: 0.0341155
Loss contributors: 
	s_analysis_confidence    : 0.0568768
	s_ln_CD                  : 0.00735952
	s_CL                     : 0.00352551
	s_CM                     : 0.00210578
	s_Bot_Xtr                : 0.000641637
	s_Top_Xtr                : 0.000539468
	s_lower_bl_H_0           : 7.31232e-05
	s_upper_bl_H_0           : 6.8415e-05
	s_lower_bl_H_1           : 6.49497e-05
	s_upper_bl_H_1           : 6.48512e-05
Epoch: 209 | Train Loss: 0.0482997 | Test Loss: 0.0753732 | analysis_confidence: 0.0120091 | CL: 0.0257219 | ln_CD: 0.072793 | CM: 0.00523764 | Top_Xtr: 0.030796 | Bot_Xtr: 0.0341178
Loss contributors: 
	s_analysis_confidence    : 0.0568673
	s_ln_CD                  : 0.00735906
	s_CL                     : 0.00352565
	s_CM                     : 0.00210587
	s_Bot_Xtr                : 0.000641643
	s_Top_Xtr                : 0.000539474
	s_lower_bl_H_0           : 7.31228e-05
	s_upper_bl_H_0           : 6.84142e-05
	s_lower_bl_H_1           : 6.495e-05
	s_upper_bl_H_1           : 6.48497e-05
Epoch: 210 | Train Loss: 0.0482998 | Test Loss: 0.0753701 | analysis_confidence: 0.012007 | CL: 0.0257196 | ln_CD: 0.0727957 | CM: 0.00523745 | Top_Xtr: 0.0307911 | Bot_Xtr: 0.0341137
Loss contributors: 
	s_analysis_confidence    : 0.0568642
	s_ln_CD                  : 0.00735949
	s_CL                     : 0.00352541
	s_CM                     : 0.00210577
	s_Bot_Xtr                : 0.00064165
	s_Top_Xtr                : 0.000539485
	s_lower_bl_H_0           : 7.31235e-05
	s_upper_bl_H_0           : 6.84159e-05
	s_lower_bl_H_1           : 6.49494e-05
	s_upper_bl_H_1           : 6.48515e-05
Epoch: 211 | Train Loss: 0.0483003 | Test Loss: 0.0753758 | analysis_confidence: 0.0120142 | CL: 0.0257236 | ln_CD: 0.0727888 | CM: 0.00523761 | Top_Xtr: 0.0307935 | Bot_Xtr: 0.0341151
Loss contributors: 
	s_analysis_confidence    : 0.0568698
	s_ln_CD                  : 0.00735924
	s_CL                     : 0.00352578
	s_CM                     : 0.00210584
	s_Bot_Xtr                : 0.000641655
	s_Top_Xtr                : 0.000539486
	s_lower_bl_H_0           : 7.31216e-05
	s_upper_bl_H_0           : 6.84135e-05
	s_lower_bl_H_1           : 6.49468e-05
	s_upper_bl_H_1           : 6.48487e-05
Epoch: 212 | Train Loss: 0.0482993 | Test Loss: 0.0753686 | analysis_confidence: 0.0120188 | CL: 0.0257244 | ln_CD: 0.0727843 | CM: 0.00523775 | Top_Xtr: 0.030792 | Bot_Xtr: 0.0341117
Loss contributors: 
	s_analysis_confidence    : 0.0568633
	s_ln_CD                  : 0.00735861
	s_CL                     : 0.0035258
	s_CM                     : 0.0021059
	s_Bot_Xtr                : 0.000641615
	s_Top_Xtr                : 0.000539497
	s_lower_bl_H_0           : 7.3121e-05
	s_upper_bl_H_0           : 6.8412e-05
	s_lower_bl_H_1           : 6.49452e-05
	s_upper_bl_H_1           : 6.48469e-05
Epoch: 213 | Train Loss: 0.0482996 | Test Loss: 0.0753723 | analysis_confidence: 0.0120051 | CL: 0.0257238 | ln_CD: 0.0727927 | CM: 0.00523789 | Top_Xtr: 0.0307948 | Bot_Xtr: 0.0341124
Loss contributors: 
	s_analysis_confidence    : 0.0568668
	s_ln_CD                  : 0.00735858
	s_CL                     : 0.00352577
	s_CM                     : 0.00210593
	s_Bot_Xtr                : 0.000641614
	s_Top_Xtr                : 0.00053949
	s_lower_bl_H_0           : 7.31254e-05
	s_upper_bl_H_0           : 6.84164e-05
	s_lower_bl_H_1           : 6.49485e-05
	s_upper_bl_H_1           : 6.485e-05
Epoch: 214 | Train Loss: 0.048303 | Test Loss: 0.075373 | analysis_confidence: 0.0120512 | CL: 0.0257205 | ln_CD: 0.0727933 | CM: 0.00523744 | Top_Xtr: 0.0307927 | Bot_Xtr: 0.0341105
Loss contributors: 
	s_analysis_confidence    : 0.0568675
	s_ln_CD                  : 0.00735919
	s_CL                     : 0.00352546
	s_CM                     : 0.00210578
	s_Bot_Xtr                : 0.000641562
	s_Top_Xtr                : 0.000539479
	s_lower_bl_H_0           : 7.31231e-05
	s_upper_bl_H_0           : 6.84165e-05
	s_lower_bl_H_1           : 6.49464e-05
	s_upper_bl_H_1           : 6.48504e-05
Epoch: 215 | Train Loss: 0.0482997 | Test Loss: 0.0753678 | analysis_confidence: 0.0119896 | CL: 0.0257196 | ln_CD: 0.0728019 | CM: 0.00523751 | Top_Xtr: 0.0307963 | Bot_Xtr: 0.0341131
Loss contributors: 
	s_analysis_confidence    : 0.0568624
	s_ln_CD                  : 0.00735915
	s_CL                     : 0.00352534
	s_CM                     : 0.00210578
	s_Bot_Xtr                : 0.000641586
	s_Top_Xtr                : 0.000539471
	s_lower_bl_H_0           : 7.31247e-05
	s_upper_bl_H_0           : 6.84173e-05
	s_lower_bl_H_1           : 6.49492e-05
	s_upper_bl_H_1           : 6.48513e-05
Epoch: 216 | Train Loss: 0.0483002 | Test Loss: 0.0753748 | analysis_confidence: 0.0120133 | CL: 0.0257205 | ln_CD: 0.0728057 | CM: 0.00523758 | Top_Xtr: 0.0307938 | Bot_Xtr: 0.0341115
Loss contributors: 
	s_analysis_confidence    : 0.0568694
	s_ln_CD                  : 0.00735905
	s_CL                     : 0.00352548
	s_CM                     : 0.00210579
	s_Bot_Xtr                : 0.000641593
	s_Top_Xtr                : 0.000539453
	s_lower_bl_H_0           : 7.3126e-05
	s_upper_bl_H_0           : 6.84188e-05
	s_lower_bl_H_1           : 6.49486e-05
	s_upper_bl_H_1           : 6.48518e-05
Epoch: 217 | Train Loss: 0.0483006 | Test Loss: 0.0753749 | analysis_confidence: 0.012017 | CL: 0.0257203 | ln_CD: 0.07279 | CM: 0.00523745 | Top_Xtr: 0.0307928 | Bot_Xtr: 0.0341114
Loss contributors: 
	s_analysis_confidence    : 0.0568691
	s_ln_CD                  : 0.00735945
	s_CL                     : 0.00352548
	s_CM                     : 0.00210577
	s_Bot_Xtr                : 0.00064161
	s_Top_Xtr                : 0.000539454
	s_lower_bl_H_0           : 7.31225e-05
	s_upper_bl_H_0           : 6.84166e-05
	s_lower_bl_H_1           : 6.49482e-05
	s_upper_bl_H_1           : 6.48499e-05
Epoch: 218 | Train Loss: 0.0482995 | Test Loss: 0.0753811 | analysis_confidence: 0.0120386 | CL: 0.0257223 | ln_CD: 0.0728146 | CM: 0.00523774 | Top_Xtr: 0.0307933 | Bot_Xtr: 0.0341127
Loss contributors: 
	s_analysis_confidence    : 0.0568737
	s_ln_CD                  : 0.00736062
	s_CL                     : 0.00352567
	s_CM                     : 0.00210585
	s_Bot_Xtr                : 0.000641588
	s_Top_Xtr                : 0.000539442
	s_lower_bl_H_0           : 7.31272e-05
	s_upper_bl_H_0           : 6.84206e-05
	s_lower_bl_H_1           : 6.49517e-05
	s_upper_bl_H_1           : 6.48537e-05
Epoch: 219 | Train Loss: 0.0483011 | Test Loss: 0.0753832 | analysis_confidence: 0.012026 | CL: 0.0257212 | ln_CD: 0.0727931 | CM: 0.00523759 | Top_Xtr: 0.0307905 | Bot_Xtr: 0.0341128
Loss contributors: 
	s_analysis_confidence    : 0.0568769
	s_ln_CD                  : 0.0073598
	s_CL                     : 0.00352558
	s_CM                     : 0.00210579
	s_Bot_Xtr                : 0.000641597
	s_Top_Xtr                : 0.000539427
	s_lower_bl_H_0           : 7.31255e-05
	s_upper_bl_H_0           : 6.84191e-05
	s_lower_bl_H_1           : 6.49506e-05
	s_upper_bl_H_1           : 6.48531e-05
Epoch: 220 | Train Loss: 0.0482993 | Test Loss: 0.0753704 | analysis_confidence: 0.0119954 | CL: 0.0257199 | ln_CD: 0.0727791 | CM: 0.00523742 | Top_Xtr: 0.0307942 | Bot_Xtr: 0.0341134
Loss contributors: 
	s_analysis_confidence    : 0.0568654
	s_ln_CD                  : 0.00735869
	s_CL                     : 0.00352545
	s_CM                     : 0.00210576
	s_Bot_Xtr                : 0.000641572
	s_Top_Xtr                : 0.000539431
	s_lower_bl_H_0           : 7.31228e-05
	s_upper_bl_H_0           : 6.84167e-05
	s_lower_bl_H_1           : 6.49467e-05
	s_upper_bl_H_1           : 6.4851e-05
Epoch: 221 | Train Loss: 0.0483006 | Test Loss: 0.0753811 | analysis_confidence: 0.0120403 | CL: 0.02572 | ln_CD: 0.0727962 | CM: 0.00523737 | Top_Xtr: 0.0307949 | Bot_Xtr: 0.0341129
Loss contributors: 
	s_analysis_confidence    : 0.0568752
	s_ln_CD                  : 0.00735962
	s_CL                     : 0.0035255
	s_CM                     : 0.00210575
	s_Bot_Xtr                : 0.00064156
	s_Top_Xtr                : 0.000539433
	s_lower_bl_H_0           : 7.31241e-05
	s_upper_bl_H_0           : 6.84174e-05
	s_lower_bl_H_1           : 6.49474e-05
	s_upper_bl_H_1           : 6.48523e-05
Epoch: 222 | Train Loss: 0.0482998 | Test Loss: 0.0753779 | analysis_confidence: 0.0120571 | CL: 0.0257217 | ln_CD: 0.0728022 | CM: 0.00523754 | Top_Xtr: 0.0307958 | Bot_Xtr: 0.0341142
Loss contributors: 
	s_analysis_confidence    : 0.0568715
	s_ln_CD                  : 0.00735984
	s_CL                     : 0.00352566
	s_CM                     : 0.00210579
	s_Bot_Xtr                : 0.0006416
	s_Top_Xtr                : 0.000539438
	s_lower_bl_H_0           : 7.31252e-05
	s_upper_bl_H_0           : 6.84193e-05
	s_lower_bl_H_1           : 6.4951e-05
	s_upper_bl_H_1           : 6.48546e-05
Epoch: 223 | Train Loss: 0.0483001 | Test Loss: 0.0753808 | analysis_confidence: 0.0120238 | CL: 0.0257245 | ln_CD: 0.0727894 | CM: 0.00523756 | Top_Xtr: 0.0307945 | Bot_Xtr: 0.034113
Loss contributors: 
	s_analysis_confidence    : 0.0568749
	s_ln_CD                  : 0.00735907
	s_CL                     : 0.0035259
	s_CM                     : 0.00210582
	s_Bot_Xtr                : 0.000641579
	s_Top_Xtr                : 0.000539448
	s_lower_bl_H_0           : 7.31232e-05
	s_upper_bl_H_0           : 6.84171e-05
	s_lower_bl_H_1           : 6.49472e-05
	s_upper_bl_H_1           : 6.48497e-05
Epoch: 224 | Train Loss: 0.0483003 | Test Loss: 0.0753753 | analysis_confidence: 0.0119961 | CL: 0.025722 | ln_CD: 0.0727821 | CM: 0.00523756 | Top_Xtr: 0.0307942 | Bot_Xtr: 0.0341133
Loss contributors: 
	s_analysis_confidence    : 0.0568695
	s_ln_CD                  : 0.00735931
	s_CL                     : 0.00352566
	s_CM                     : 0.00210581
	s_Bot_Xtr                : 0.000641591
	s_Top_Xtr                : 0.000539449
	s_lower_bl_H_0           : 7.31213e-05
	s_upper_bl_H_0           : 6.84163e-05
	s_lower_bl_H_1           : 6.49459e-05
	s_upper_bl_H_1           : 6.48488e-05
Epoch: 225 | Train Loss: 0.0482999 | Test Loss: 0.0753812 | analysis_confidence: 0.0120452 | CL: 0.0257229 | ln_CD: 0.0727879 | CM: 0.0052376 | Top_Xtr: 0.0307911 | Bot_Xtr: 0.0341152
Loss contributors: 
	s_analysis_confidence    : 0.0568751
	s_ln_CD                  : 0.00735934
	s_CL                     : 0.00352575
	s_CM                     : 0.00210583
	s_Bot_Xtr                : 0.000641644
	s_Top_Xtr                : 0.000539456
	s_lower_bl_H_0           : 7.31218e-05
	s_upper_bl_H_0           : 6.84178e-05
	s_lower_bl_H_1           : 6.49475e-05
	s_upper_bl_H_1           : 6.48503e-05
Epoch: 226 | Train Loss: 0.0483011 | Test Loss: 0.0753795 | analysis_confidence: 0.0120262 | CL: 0.0257229 | ln_CD: 0.0727848 | CM: 0.00523753 | Top_Xtr: 0.0307924 | Bot_Xtr: 0.034112
Loss contributors: 
	s_analysis_confidence    : 0.0568743
	s_ln_CD                  : 0.00735866
	s_CL                     : 0.00352573
	s_CM                     : 0.00210581
	s_Bot_Xtr                : 0.00064161
	s_Top_Xtr                : 0.000539477
	s_lower_bl_H_0           : 7.31221e-05
	s_upper_bl_H_0           : 6.84167e-05
	s_lower_bl_H_1           : 6.49467e-05
	s_upper_bl_H_1           : 6.48493e-05
Epoch: 227 | Train Loss: 0.0483002 | Test Loss: 0.0753727 | analysis_confidence: 0.0120114 | CL: 0.0257229 | ln_CD: 0.0727909 | CM: 0.00523763 | Top_Xtr: 0.03079 | Bot_Xtr: 0.0341106
Loss contributors: 
	s_analysis_confidence    : 0.0568669
	s_ln_CD                  : 0.00735917
	s_CL                     : 0.00352573
	s_CM                     : 0.00210583
	s_Bot_Xtr                : 0.000641627
	s_Top_Xtr                : 0.000539481
	s_lower_bl_H_0           : 7.31218e-05
	s_upper_bl_H_0           : 6.84168e-05
	s_lower_bl_H_1           : 6.49457e-05
	s_upper_bl_H_1           : 6.48493e-05
Epoch: 228 | Train Loss: 0.0483006 | Test Loss: 0.0753723 | analysis_confidence: 0.0119994 | CL: 0.0257209 | ln_CD: 0.0727905 | CM: 0.00523746 | Top_Xtr: 0.0307937 | Bot_Xtr: 0.0341125
Loss contributors: 
	s_analysis_confidence    : 0.0568665
	s_ln_CD                  : 0.00735947
	s_CL                     : 0.0035255
	s_CM                     : 0.00210575
	s_Bot_Xtr                : 0.000641575
	s_Top_Xtr                : 0.000539467
	s_lower_bl_H_0           : 7.31238e-05
	s_upper_bl_H_0           : 6.84173e-05
	s_lower_bl_H_1           : 6.49463e-05
	s_upper_bl_H_1           : 6.48514e-05
Epoch: 229 | Train Loss: 0.0482997 | Test Loss: 0.075383 | analysis_confidence: 0.0120294 | CL: 0.0257222 | ln_CD: 0.0727945 | CM: 0.00523755 | Top_Xtr: 0.0307919 | Bot_Xtr: 0.0341139
Loss contributors: 
	s_analysis_confidence    : 0.0568764
	s_ln_CD                  : 0.00735987
	s_CL                     : 0.00352563
	s_CM                     : 0.00210577
	s_Bot_Xtr                : 0.000641666
	s_Top_Xtr                : 0.000539466
	s_lower_bl_H_0           : 7.31234e-05
	s_upper_bl_H_0           : 6.84181e-05
	s_lower_bl_H_1           : 6.49486e-05
	s_upper_bl_H_1           : 6.48521e-05
Epoch: 230 | Train Loss: 0.0483025 | Test Loss: 0.0753812 | analysis_confidence: 0.0120152 | CL: 0.0257251 | ln_CD: 0.0728069 | CM: 0.00523779 | Top_Xtr: 0.0307951 | Bot_Xtr: 0.0341148
Loss contributors: 
	s_analysis_confidence    : 0.0568746
	s_ln_CD                  : 0.00735977
	s_CL                     : 0.00352588
	s_CM                     : 0.00210588
	s_Bot_Xtr                : 0.00064162
	s_Top_Xtr                : 0.000539476
	s_lower_bl_H_0           : 7.31223e-05
	s_upper_bl_H_0           : 6.8416e-05
	s_lower_bl_H_1           : 6.49473e-05
	s_upper_bl_H_1           : 6.48486e-05
Epoch: 231 | Train Loss: 0.0483038 | Test Loss: 0.0753757 | analysis_confidence: 0.012001 | CL: 0.0257239 | ln_CD: 0.0727938 | CM: 0.00523765 | Top_Xtr: 0.0307908 | Bot_Xtr: 0.0341131
Loss contributors: 
	s_analysis_confidence    : 0.0568699
	s_ln_CD                  : 0.00735919
	s_CL                     : 0.00352582
	s_CM                     : 0.00210586
	s_Bot_Xtr                : 0.000641601
	s_Top_Xtr                : 0.000539466
	s_lower_bl_H_0           : 7.31214e-05
	s_upper_bl_H_0           : 6.84146e-05
	s_lower_bl_H_1           : 6.49451e-05
	s_upper_bl_H_1           : 6.48466e-05
Epoch: 232 | Train Loss: 0.0483007 | Test Loss: 0.0753741 | analysis_confidence: 0.0119939 | CL: 0.0257223 | ln_CD: 0.0727909 | CM: 0.00523759 | Top_Xtr: 0.0307916 | Bot_Xtr: 0.0341146
Loss contributors: 
	s_analysis_confidence    : 0.056868
	s_ln_CD                  : 0.00735954
	s_CL                     : 0.00352565
	s_CM                     : 0.00210581
	s_Bot_Xtr                : 0.00064165
	s_Top_Xtr                : 0.000539462
	s_lower_bl_H_0           : 7.31228e-05
	s_upper_bl_H_0           : 6.84163e-05
	s_lower_bl_H_1           : 6.49472e-05
	s_upper_bl_H_1           : 6.48495e-05
Epoch: 233 | Train Loss: 0.0483001 | Test Loss: 0.0753775 | analysis_confidence: 0.0120211 | CL: 0.0257209 | ln_CD: 0.0727925 | CM: 0.00523761 | Top_Xtr: 0.0307919 | Bot_Xtr: 0.0341155
Loss contributors: 
	s_analysis_confidence    : 0.0568711
	s_ln_CD                  : 0.00735988
	s_CL                     : 0.00352552
	s_CM                     : 0.00210579
	s_Bot_Xtr                : 0.000641623
	s_Top_Xtr                : 0.000539443
	s_lower_bl_H_0           : 7.31245e-05
	s_upper_bl_H_0           : 6.84173e-05
	s_lower_bl_H_1           : 6.49498e-05
	s_upper_bl_H_1           : 6.48503e-05
Epoch: 234 | Train Loss: 0.0483011 | Test Loss: 0.075375 | analysis_confidence: 0.0120169 | CL: 0.025724 | ln_CD: 0.072788 | CM: 0.00523775 | Top_Xtr: 0.0307886 | Bot_Xtr: 0.0341107
Loss contributors: 
	s_analysis_confidence    : 0.0568691
	s_ln_CD                  : 0.00735908
	s_CL                     : 0.00352581
	s_CM                     : 0.00210586
	s_Bot_Xtr                : 0.000641646
	s_Top_Xtr                : 0.000539474
	s_lower_bl_H_0           : 7.31233e-05
	s_upper_bl_H_0           : 6.84171e-05
	s_lower_bl_H_1           : 6.49456e-05
	s_upper_bl_H_1           : 6.48481e-05
Epoch: 235 | Train Loss: 0.0483014 | Test Loss: 0.0753835 | analysis_confidence: 0.0120495 | CL: 0.0257243 | ln_CD: 0.0727893 | CM: 0.00523763 | Top_Xtr: 0.0307919 | Bot_Xtr: 0.0341124
Loss contributors: 
	s_analysis_confidence    : 0.0568777
	s_ln_CD                  : 0.00735906
	s_CL                     : 0.00352589
	s_CM                     : 0.00210586
	s_Bot_Xtr                : 0.000641596
	s_Top_Xtr                : 0.00053946
	s_lower_bl_H_0           : 7.31216e-05
	s_upper_bl_H_0           : 6.84152e-05
	s_lower_bl_H_1           : 6.49434e-05
	s_upper_bl_H_1           : 6.4847e-05
Epoch: 236 | Train Loss: 0.0483012 | Test Loss: 0.0753797 | analysis_confidence: 0.0120238 | CL: 0.0257266 | ln_CD: 0.0727899 | CM: 0.00523789 | Top_Xtr: 0.0307929 | Bot_Xtr: 0.0341114
Loss contributors: 
	s_analysis_confidence    : 0.0568736
	s_ln_CD                  : 0.00735911
	s_CL                     : 0.00352607
	s_CM                     : 0.00210595
	s_Bot_Xtr                : 0.000641581
	s_Top_Xtr                : 0.00053949
	s_lower_bl_H_0           : 7.31212e-05
	s_upper_bl_H_0           : 6.84144e-05
	s_lower_bl_H_1           : 6.49427e-05
	s_upper_bl_H_1           : 6.48476e-05
Epoch: 237 | Train Loss: 0.0483017 | Test Loss: 0.0753792 | analysis_confidence: 0.0120115 | CL: 0.0257235 | ln_CD: 0.0727851 | CM: 0.00523772 | Top_Xtr: 0.0307933 | Bot_Xtr: 0.0341121
Loss contributors: 
	s_analysis_confidence    : 0.0568734
	s_ln_CD                  : 0.00735914
	s_CL                     : 0.00352579
	s_CM                     : 0.00210588
	s_Bot_Xtr                : 0.000641557
	s_Top_Xtr                : 0.000539462
	s_lower_bl_H_0           : 7.31221e-05
	s_upper_bl_H_0           : 6.84156e-05
	s_lower_bl_H_1           : 6.49441e-05
	s_upper_bl_H_1           : 6.48474e-05
Epoch: 238 | Train Loss: 0.0483013 | Test Loss: 0.0753761 | analysis_confidence: 0.0120295 | CL: 0.0257255 | ln_CD: 0.0727952 | CM: 0.00523778 | Top_Xtr: 0.030791 | Bot_Xtr: 0.0341104
Loss contributors: 
	s_analysis_confidence    : 0.0568702
	s_ln_CD                  : 0.00735897
	s_CL                     : 0.00352602
	s_CM                     : 0.00210591
	s_Bot_Xtr                : 0.000641591
	s_Top_Xtr                : 0.000539478
	s_lower_bl_H_0           : 7.31224e-05
	s_upper_bl_H_0           : 6.84157e-05
	s_lower_bl_H_1           : 6.49443e-05
	s_upper_bl_H_1           : 6.48477e-05
Epoch: 239 | Train Loss: 0.0483021 | Test Loss: 0.0753771 | analysis_confidence: 0.0120159 | CL: 0.0257261 | ln_CD: 0.072793 | CM: 0.00523784 | Top_Xtr: 0.0307876 | Bot_Xtr: 0.0341123
Loss contributors: 
	s_analysis_confidence    : 0.0568707
	s_ln_CD                  : 0.00735922
	s_CL                     : 0.00352611
	s_CM                     : 0.00210594
	s_Bot_Xtr                : 0.000641677
	s_Top_Xtr                : 0.000539466
	s_lower_bl_H_0           : 7.31234e-05
	s_upper_bl_H_0           : 6.84169e-05
	s_lower_bl_H_1           : 6.49436e-05
	s_upper_bl_H_1           : 6.48463e-05
Epoch: 240 | Train Loss: 0.0483018 | Test Loss: 0.0753747 | analysis_confidence: 0.0120058 | CL: 0.0257227 | ln_CD: 0.0728012 | CM: 0.00523766 | Top_Xtr: 0.0307901 | Bot_Xtr: 0.0341131
Loss contributors: 
	s_analysis_confidence    : 0.056868
	s_ln_CD                  : 0.00736003
	s_CL                     : 0.00352576
	s_CM                     : 0.00210585
	s_Bot_Xtr                : 0.000641669
	s_Top_Xtr                : 0.000539446
	s_lower_bl_H_0           : 7.31236e-05
	s_upper_bl_H_0           : 6.84186e-05
	s_lower_bl_H_1           : 6.49449e-05
	s_upper_bl_H_1           : 6.48485e-05
Epoch: 241 | Train Loss: 0.048301 | Test Loss: 0.0753824 | analysis_confidence: 0.0120034 | CL: 0.0257258 | ln_CD: 0.0727852 | CM: 0.00523783 | Top_Xtr: 0.0307902 | Bot_Xtr: 0.0341138
Loss contributors: 
	s_analysis_confidence    : 0.0568761
	s_ln_CD                  : 0.0073594
	s_CL                     : 0.00352605
	s_CM                     : 0.00210592
	s_Bot_Xtr                : 0.00064163
	s_Top_Xtr                : 0.000539442
	s_lower_bl_H_0           : 7.3122e-05
	s_upper_bl_H_0           : 6.8417e-05
	s_lower_bl_H_1           : 6.4945e-05
	s_upper_bl_H_1           : 6.48471e-05
Epoch: 242 | Train Loss: 0.048303 | Test Loss: 0.0753747 | analysis_confidence: 0.0120116 | CL: 0.0257235 | ln_CD: 0.0727915 | CM: 0.00523776 | Top_Xtr: 0.0307918 | Bot_Xtr: 0.0341133
Loss contributors: 
	s_analysis_confidence    : 0.0568688
	s_ln_CD                  : 0.00735924
	s_CL                     : 0.00352581
	s_CM                     : 0.00210586
	s_Bot_Xtr                : 0.000641589
	s_Top_Xtr                : 0.000539433
	s_lower_bl_H_0           : 7.31222e-05
	s_upper_bl_H_0           : 6.84172e-05
	s_lower_bl_H_1           : 6.49475e-05
	s_upper_bl_H_1           : 6.48484e-05
Epoch: 243 | Train Loss: 0.048302 | Test Loss: 0.0753796 | analysis_confidence: 0.0120058 | CL: 0.0257232 | ln_CD: 0.0727973 | CM: 0.00523781 | Top_Xtr: 0.0307905 | Bot_Xtr: 0.0341135
Loss contributors: 
	s_analysis_confidence    : 0.0568735
	s_ln_CD                  : 0.00735943
	s_CL                     : 0.00352577
	s_CM                     : 0.00210589
	s_Bot_Xtr                : 0.0006416
	s_Top_Xtr                : 0.000539427
	s_lower_bl_H_0           : 7.31213e-05
	s_upper_bl_H_0           : 6.8416e-05
	s_lower_bl_H_1           : 6.49432e-05
	s_upper_bl_H_1           : 6.48465e-05
Epoch: 244 | Train Loss: 0.0483024 | Test Loss: 0.0753779 | analysis_confidence: 0.0120139 | CL: 0.0257218 | ln_CD: 0.0727938 | CM: 0.00523759 | Top_Xtr: 0.0307899 | Bot_Xtr: 0.0341152
Loss contributors: 
	s_analysis_confidence    : 0.0568724
	s_ln_CD                  : 0.00735905
	s_CL                     : 0.00352563
	s_CM                     : 0.00210579
	s_Bot_Xtr                : 0.000641624
	s_Top_Xtr                : 0.000539435
	s_lower_bl_H_0           : 7.31231e-05
	s_upper_bl_H_0           : 6.84181e-05
	s_lower_bl_H_1           : 6.49455e-05
	s_upper_bl_H_1           : 6.48497e-05
Epoch: 245 | Train Loss: 0.0483015 | Test Loss: 0.0753815 | analysis_confidence: 0.0120043 | CL: 0.0257247 | ln_CD: 0.0727866 | CM: 0.00523785 | Top_Xtr: 0.0307918 | Bot_Xtr: 0.0341142
Loss contributors: 
	s_analysis_confidence    : 0.0568761
	s_ln_CD                  : 0.00735879
	s_CL                     : 0.0035259
	s_CM                     : 0.00210589
	s_Bot_Xtr                : 0.000641589
	s_Top_Xtr                : 0.000539428
	s_lower_bl_H_0           : 7.31221e-05
	s_upper_bl_H_0           : 6.84161e-05
	s_lower_bl_H_1           : 6.49441e-05
	s_upper_bl_H_1           : 6.48459e-05
Epoch: 246 | Train Loss: 0.0483026 | Test Loss: 0.0753833 | analysis_confidence: 0.0120408 | CL: 0.0257231 | ln_CD: 0.0728105 | CM: 0.00523767 | Top_Xtr: 0.030791 | Bot_Xtr: 0.0341129
Loss contributors: 
	s_analysis_confidence    : 0.0568769
	s_ln_CD                  : 0.00735985
	s_CL                     : 0.00352578
	s_CM                     : 0.00210581
	s_Bot_Xtr                : 0.000641576
	s_Top_Xtr                : 0.000539432
	s_lower_bl_H_0           : 7.31246e-05
	s_upper_bl_H_0           : 6.84191e-05
	s_lower_bl_H_1           : 6.49455e-05
	s_upper_bl_H_1           : 6.48504e-05
Epoch: 247 | Train Loss: 0.0483017 | Test Loss: 0.0753814 | analysis_confidence: 0.0120507 | CL: 0.0257259 | ln_CD: 0.0727988 | CM: 0.00523782 | Top_Xtr: 0.0307874 | Bot_Xtr: 0.0341109
Loss contributors: 
	s_analysis_confidence    : 0.0568749
	s_ln_CD                  : 0.00735953
	s_CL                     : 0.00352601
	s_CM                     : 0.00210588
	s_Bot_Xtr                : 0.00064167
	s_Top_Xtr                : 0.000539483
	s_lower_bl_H_0           : 7.3123e-05
	s_upper_bl_H_0           : 6.84177e-05
	s_lower_bl_H_1           : 6.49461e-05
	s_upper_bl_H_1           : 6.48487e-05
Epoch: 248 | Train Loss: 0.048302 | Test Loss: 0.0753842 | analysis_confidence: 0.0119922 | CL: 0.0257237 | ln_CD: 0.0727899 | CM: 0.00523778 | Top_Xtr: 0.0307919 | Bot_Xtr: 0.0341139
Loss contributors: 
	s_analysis_confidence    : 0.056878
	s_ln_CD                  : 0.0073597
	s_CL                     : 0.00352577
	s_CM                     : 0.00210583
	s_Bot_Xtr                : 0.00064164
	s_Top_Xtr                : 0.000539424
	s_lower_bl_H_0           : 7.31209e-05
	s_upper_bl_H_0           : 6.84163e-05
	s_lower_bl_H_1           : 6.49437e-05
	s_upper_bl_H_1           : 6.48466e-05
Epoch: 249 | Train Loss: 0.0483031 | Test Loss: 0.0753853 | analysis_confidence: 0.0120228 | CL: 0.0257237 | ln_CD: 0.0728134 | CM: 0.00523768 | Top_Xtr: 0.0307889 | Bot_Xtr: 0.0341146
Loss contributors: 
	s_analysis_confidence    : 0.0568784
	s_ln_CD                  : 0.0073602
	s_CL                     : 0.00352578
	s_CM                     : 0.0021058
	s_Bot_Xtr                : 0.000641678
	s_Top_Xtr                : 0.000539416
	s_lower_bl_H_0           : 7.31234e-05
	s_upper_bl_H_0           : 6.84195e-05
	s_lower_bl_H_1           : 6.49464e-05
	s_upper_bl_H_1           : 6.48486e-05
Epoch: 250 | Train Loss: 0.0483015 | Test Loss: 0.0753871 | analysis_confidence: 0.0120235 | CL: 0.0257224 | ln_CD: 0.0728083 | CM: 0.00523763 | Top_Xtr: 0.0307932 | Bot_Xtr: 0.0341142
Loss contributors: 
	s_analysis_confidence    : 0.0568803
	s_ln_CD                  : 0.0073604
	s_CL                     : 0.00352565
	s_CM                     : 0.00210579
	s_Bot_Xtr                : 0.000641605
	s_Top_Xtr                : 0.000539418
	s_lower_bl_H_0           : 7.31229e-05
	s_upper_bl_H_0           : 6.84177e-05
	s_lower_bl_H_1           : 6.49457e-05
	s_upper_bl_H_1           : 6.4849e-05
Epoch: 251 | Train Loss: 0.0483018 | Test Loss: 0.0753918 | analysis_confidence: 0.0119972 | CL: 0.0257238 | ln_CD: 0.0728 | CM: 0.00523768 | Top_Xtr: 0.0307885 | Bot_Xtr: 0.0341139
Loss contributors: 
	s_analysis_confidence    : 0.0568851
	s_ln_CD                  : 0.00736
	s_CL                     : 0.0035258
	s_CM                     : 0.00210583
	s_Bot_Xtr                : 0.000641684
	s_Top_Xtr                : 0.000539429
	s_lower_bl_H_0           : 7.31206e-05
	s_upper_bl_H_0           : 6.84151e-05
	s_lower_bl_H_1           : 6.49447e-05
	s_upper_bl_H_1           : 6.48453e-05
Epoch: 252 | Train Loss: 0.0483023 | Test Loss: 0.0753906 | analysis_confidence: 0.0120316 | CL: 0.0257242 | ln_CD: 0.0727926 | CM: 0.00523784 | Top_Xtr: 0.0307903 | Bot_Xtr: 0.0341142
Loss contributors: 
	s_analysis_confidence    : 0.0568848
	s_ln_CD                  : 0.00735892
	s_CL                     : 0.00352588
	s_CM                     : 0.00210588
	s_Bot_Xtr                : 0.000641704
	s_Top_Xtr                : 0.000539446
	s_lower_bl_H_0           : 7.31225e-05
	s_upper_bl_H_0           : 6.84161e-05
	s_lower_bl_H_1           : 6.49462e-05
	s_upper_bl_H_1           : 6.48466e-05
Epoch: 253 | Train Loss: 0.0483023 | Test Loss: 0.0753846 | analysis_confidence: 0.0120051 | CL: 0.025724 | ln_CD: 0.0728024 | CM: 0.00523782 | Top_Xtr: 0.0307872 | Bot_Xtr: 0.0341131
Loss contributors: 
	s_analysis_confidence    : 0.0568779
	s_ln_CD                  : 0.0073599
	s_CL                     : 0.00352586
	s_CM                     : 0.00210586
	s_Bot_Xtr                : 0.000641703
	s_Top_Xtr                : 0.000539436
	s_lower_bl_H_0           : 7.31232e-05
	s_upper_bl_H_0           : 6.84183e-05
	s_lower_bl_H_1           : 6.49445e-05
	s_upper_bl_H_1           : 6.48462e-05
Epoch: 254 | Train Loss: 0.0483018 | Test Loss: 0.0753814 | analysis_confidence: 0.0120471 | CL: 0.0257256 | ln_CD: 0.0727848 | CM: 0.00523772 | Top_Xtr: 0.0307922 | Bot_Xtr: 0.0341147
Loss contributors: 
	s_analysis_confidence    : 0.0568756
	s_ln_CD                  : 0.00735902
	s_CL                     : 0.00352599
	s_CM                     : 0.00210585
	s_Bot_Xtr                : 0.000641627
	s_Top_Xtr                : 0.000539424
	s_lower_bl_H_0           : 7.31204e-05
	s_upper_bl_H_0           : 6.84154e-05
	s_lower_bl_H_1           : 6.49433e-05
	s_upper_bl_H_1           : 6.48449e-05
Epoch: 255 | Train Loss: 0.0483027 | Test Loss: 0.0753819 | analysis_confidence: 0.0120101 | CL: 0.0257232 | ln_CD: 0.0728007 | CM: 0.00523763 | Top_Xtr: 0.0307899 | Bot_Xtr: 0.0341148
Loss contributors: 
	s_analysis_confidence    : 0.0568753
	s_ln_CD                  : 0.00736009
	s_CL                     : 0.00352576
	s_CM                     : 0.00210579
	s_Bot_Xtr                : 0.00064164
	s_Top_Xtr                : 0.000539426
	s_lower_bl_H_0           : 7.31208e-05
	s_upper_bl_H_0           : 6.84169e-05
	s_lower_bl_H_1           : 6.49424e-05
	s_upper_bl_H_1           : 6.48474e-05
Epoch: 256 | Train Loss: 0.048302 | Test Loss: 0.0753816 | analysis_confidence: 0.0119912 | CL: 0.025722 | ln_CD: 0.0727863 | CM: 0.00523758 | Top_Xtr: 0.0307966 | Bot_Xtr: 0.0341161
Loss contributors: 
	s_analysis_confidence    : 0.0568756
	s_ln_CD                  : 0.0073597
	s_CL                     : 0.00352563
	s_CM                     : 0.00210578
	s_Bot_Xtr                : 0.000641588
	s_Top_Xtr                : 0.000539422
	s_lower_bl_H_0           : 7.31209e-05
	s_upper_bl_H_0           : 6.84155e-05
	s_lower_bl_H_1           : 6.49429e-05
	s_upper_bl_H_1           : 6.48468e-05
Epoch: 257 | Train Loss: 0.0483036 | Test Loss: 0.0753801 | analysis_confidence: 0.0119627 | CL: 0.0257218 | ln_CD: 0.0727896 | CM: 0.00523771 | Top_Xtr: 0.0307884 | Bot_Xtr: 0.0341131
Loss contributors: 
	s_analysis_confidence    : 0.0568742
	s_ln_CD                  : 0.00735944
	s_CL                     : 0.00352563
	s_CM                     : 0.00210583
	s_Bot_Xtr                : 0.000641653
	s_Top_Xtr                : 0.000539436
	s_lower_bl_H_0           : 7.31232e-05
	s_upper_bl_H_0           : 6.84161e-05
	s_lower_bl_H_1           : 6.49429e-05
	s_upper_bl_H_1           : 6.4846e-05
Epoch: 258 | Train Loss: 0.0483032 | Test Loss: 0.0753862 | analysis_confidence: 0.0120259 | CL: 0.0257237 | ln_CD: 0.0727926 | CM: 0.00523784 | Top_Xtr: 0.0307925 | Bot_Xtr: 0.0341137
Loss contributors: 
	s_analysis_confidence    : 0.0568803
	s_ln_CD                  : 0.00735938
	s_CL                     : 0.00352579
	s_CM                     : 0.00210587
	s_Bot_Xtr                : 0.000641606
	s_Top_Xtr                : 0.00053943
	s_lower_bl_H_0           : 7.31209e-05
	s_upper_bl_H_0           : 6.84137e-05
	s_lower_bl_H_1           : 6.49424e-05
	s_upper_bl_H_1           : 6.48457e-05
Epoch: 259 | Train Loss: 0.0483032 | Test Loss: 0.0753817 | analysis_confidence: 0.0120288 | CL: 0.0257204 | ln_CD: 0.0728205 | CM: 0.00523757 | Top_Xtr: 0.0307905 | Bot_Xtr: 0.0341136
Loss contributors: 
	s_analysis_confidence    : 0.0568748
	s_ln_CD                  : 0.00736065
	s_CL                     : 0.00352547
	s_CM                     : 0.00210575
	s_Bot_Xtr                : 0.000641613
	s_Top_Xtr                : 0.00053942
	s_lower_bl_H_0           : 7.3124e-05
	s_upper_bl_H_0           : 6.84191e-05
	s_lower_bl_H_1           : 6.49461e-05
	s_upper_bl_H_1           : 6.48505e-05
Epoch: 260 | Train Loss: 0.0483036 | Test Loss: 0.0753871 | analysis_confidence: 0.0120286 | CL: 0.0257239 | ln_CD: 0.0727985 | CM: 0.00523786 | Top_Xtr: 0.0307911 | Bot_Xtr: 0.0341126
Loss contributors: 
	s_analysis_confidence    : 0.0568806
	s_ln_CD                  : 0.00735987
	s_CL                     : 0.00352582
	s_CM                     : 0.00210587
	s_Bot_Xtr                : 0.000641591
	s_Top_Xtr                : 0.000539408
	s_lower_bl_H_0           : 7.31242e-05
	s_upper_bl_H_0           : 6.84178e-05
	s_lower_bl_H_1           : 6.49454e-05
	s_upper_bl_H_1           : 6.48469e-05
Epoch: 261 | Train Loss: 0.0483027 | Test Loss: 0.075383 | analysis_confidence: 0.0120169 | CL: 0.0257259 | ln_CD: 0.0727916 | CM: 0.00523792 | Top_Xtr: 0.0307915 | Bot_Xtr: 0.0341101
Loss contributors: 
	s_analysis_confidence    : 0.056877
	s_ln_CD                  : 0.00735927
	s_CL                     : 0.00352601
	s_CM                     : 0.0021059
	s_Bot_Xtr                : 0.000641579
	s_Top_Xtr                : 0.000539429
	s_lower_bl_H_0           : 7.31221e-05
	s_upper_bl_H_0           : 6.84157e-05
	s_lower_bl_H_1           : 6.49413e-05
	s_upper_bl_H_1           : 6.48465e-05
Epoch: 262 | Train Loss: 0.0483022 | Test Loss: 0.0753862 | analysis_confidence: 0.0120209 | CL: 0.0257272 | ln_CD: 0.0727939 | CM: 0.00523801 | Top_Xtr: 0.0307915 | Bot_Xtr: 0.0341143
Loss contributors: 
	s_analysis_confidence    : 0.05688
	s_ln_CD                  : 0.0073592
	s_CL                     : 0.00352614
	s_CM                     : 0.00210594
	s_Bot_Xtr                : 0.000641568
	s_Top_Xtr                : 0.000539422
	s_lower_bl_H_0           : 7.31212e-05
	s_upper_bl_H_0           : 6.84152e-05
	s_lower_bl_H_1           : 6.49419e-05
	s_upper_bl_H_1           : 6.48453e-05
Epoch: 263 | Train Loss: 0.048303 | Test Loss: 0.0753889 | analysis_confidence: 0.0120205 | CL: 0.0257258 | ln_CD: 0.0728015 | CM: 0.00523805 | Top_Xtr: 0.0307875 | Bot_Xtr: 0.0341162
Loss contributors: 
	s_analysis_confidence    : 0.0568819
	s_ln_CD                  : 0.00736018
	s_CL                     : 0.00352601
	s_CM                     : 0.00210594
	s_Bot_Xtr                : 0.000641677
	s_Top_Xtr                : 0.000539392
	s_lower_bl_H_0           : 7.31209e-05
	s_upper_bl_H_0           : 6.84155e-05
	s_lower_bl_H_1           : 6.4941e-05
	s_upper_bl_H_1           : 6.48462e-05
Epoch: 264 | Train Loss: 0.0483022 | Test Loss: 0.0753868 | analysis_confidence: 0.0120108 | CL: 0.025722 | ln_CD: 0.0727949 | CM: 0.00523772 | Top_Xtr: 0.0307889 | Bot_Xtr: 0.0341122
Loss contributors: 
	s_analysis_confidence    : 0.0568803
	s_ln_CD                  : 0.00736018
	s_CL                     : 0.00352566
	s_CM                     : 0.00210581
	s_Bot_Xtr                : 0.000641585
	s_Top_Xtr                : 0.000539393
	s_lower_bl_H_0           : 7.31228e-05
	s_upper_bl_H_0           : 6.84176e-05
	s_lower_bl_H_1           : 6.49407e-05
	s_upper_bl_H_1           : 6.48464e-05
Epoch: 265 | Train Loss: 0.0483029 | Test Loss: 0.0753845 | analysis_confidence: 0.0119932 | CL: 0.0257245 | ln_CD: 0.0727961 | CM: 0.00523776 | Top_Xtr: 0.0307877 | Bot_Xtr: 0.0341125
Loss contributors: 
	s_analysis_confidence    : 0.0568779
	s_ln_CD                  : 0.00736011
	s_CL                     : 0.00352588
	s_CM                     : 0.00210586
	s_Bot_Xtr                : 0.000641596
	s_Top_Xtr                : 0.000539418
	s_lower_bl_H_0           : 7.31212e-05
	s_upper_bl_H_0           : 6.84161e-05
	s_lower_bl_H_1           : 6.49401e-05
	s_upper_bl_H_1           : 6.48445e-05
Epoch: 266 | Train Loss: 0.0483037 | Test Loss: 0.0753883 | analysis_confidence: 0.0120482 | CL: 0.0257214 | ln_CD: 0.0728061 | CM: 0.00523759 | Top_Xtr: 0.0307871 | Bot_Xtr: 0.034112
Loss contributors: 
	s_analysis_confidence    : 0.0568814
	s_ln_CD                  : 0.00736052
	s_CL                     : 0.00352554
	s_CM                     : 0.00210575
	s_Bot_Xtr                : 0.000641613
	s_Top_Xtr                : 0.000539412
	s_lower_bl_H_0           : 7.31241e-05
	s_upper_bl_H_0           : 6.84202e-05
	s_lower_bl_H_1           : 6.4945e-05
	s_upper_bl_H_1           : 6.48486e-05
Epoch: 267 | Train Loss: 0.0483024 | Test Loss: 0.0753898 | analysis_confidence: 0.0120412 | CL: 0.025724 | ln_CD: 0.0727936 | CM: 0.0052377 | Top_Xtr: 0.0307895 | Bot_Xtr: 0.0341112
Loss contributors: 
	s_analysis_confidence    : 0.0568838
	s_ln_CD                  : 0.00735949
	s_CL                     : 0.00352585
	s_CM                     : 0.00210581
	s_Bot_Xtr                : 0.00064157
	s_Top_Xtr                : 0.000539403
	s_lower_bl_H_0           : 7.31229e-05
	s_upper_bl_H_0           : 6.84171e-05
	s_lower_bl_H_1           : 6.49422e-05
	s_upper_bl_H_1           : 6.48467e-05
Epoch: 268 | Train Loss: 0.0483028 | Test Loss: 0.075383 | analysis_confidence: 0.0119989 | CL: 0.0257234 | ln_CD: 0.0728021 | CM: 0.00523764 | Top_Xtr: 0.0307928 | Bot_Xtr: 0.0341136
Loss contributors: 
	s_analysis_confidence    : 0.0568767
	s_ln_CD                  : 0.00735982
	s_CL                     : 0.00352577
	s_CM                     : 0.00210578
	s_Bot_Xtr                : 0.000641551
	s_Top_Xtr                : 0.000539403
	s_lower_bl_H_0           : 7.31238e-05
	s_upper_bl_H_0           : 6.84179e-05
	s_lower_bl_H_1           : 6.49427e-05
	s_upper_bl_H_1           : 6.48494e-05
Epoch: 269 | Train Loss: 0.0483066 | Test Loss: 0.0753802 | analysis_confidence: 0.0119772 | CL: 0.0257232 | ln_CD: 0.0727967 | CM: 0.00523774 | Top_Xtr: 0.030789 | Bot_Xtr: 0.0341131
Loss contributors: 
	s_analysis_confidence    : 0.0568734
	s_ln_CD                  : 0.00736033
	s_CL                     : 0.00352576
	s_CM                     : 0.00210582
	s_Bot_Xtr                : 0.000641611
	s_Top_Xtr                : 0.000539406
	s_lower_bl_H_0           : 7.31236e-05
	s_upper_bl_H_0           : 6.8418e-05
	s_lower_bl_H_1           : 6.49429e-05
	s_upper_bl_H_1           : 6.48467e-05
Epoch: 270 | Train Loss: 0.0483025 | Test Loss: 0.0753848 | analysis_confidence: 0.0120189 | CL: 0.0257261 | ln_CD: 0.0727922 | CM: 0.00523817 | Top_Xtr: 0.0307916 | Bot_Xtr: 0.0341125
Loss contributors: 
	s_analysis_confidence    : 0.0568786
	s_ln_CD                  : 0.00735937
	s_CL                     : 0.00352605
	s_CM                     : 0.00210599
	s_Bot_Xtr                : 0.000641569
	s_Top_Xtr                : 0.000539413
	s_lower_bl_H_0           : 7.31221e-05
	s_upper_bl_H_0           : 6.84156e-05
	s_lower_bl_H_1           : 6.49442e-05
	s_upper_bl_H_1           : 6.48434e-05
Epoch: 271 | Train Loss: 0.0483025 | Test Loss: 0.075381 | analysis_confidence: 0.0120265 | CL: 0.0257265 | ln_CD: 0.072795 | CM: 0.00523802 | Top_Xtr: 0.0307881 | Bot_Xtr: 0.034112
Loss contributors: 
	s_analysis_confidence    : 0.0568745
	s_ln_CD                  : 0.00735974
	s_CL                     : 0.00352608
	s_CM                     : 0.00210594
	s_Bot_Xtr                : 0.000641585
	s_Top_Xtr                : 0.000539407
	s_lower_bl_H_0           : 7.31225e-05
	s_upper_bl_H_0           : 6.84158e-05
	s_lower_bl_H_1           : 6.49427e-05
	s_upper_bl_H_1           : 6.48427e-05
Epoch: 272 | Train Loss: 0.0483027 | Test Loss: 0.0753901 | analysis_confidence: 0.0120044 | CL: 0.0257253 | ln_CD: 0.0728017 | CM: 0.00523806 | Top_Xtr: 0.0307887 | Bot_Xtr: 0.034113
Loss contributors: 
	s_analysis_confidence    : 0.0568831
	s_ln_CD                  : 0.00736025
	s_CL                     : 0.00352598
	s_CM                     : 0.00210595
	s_Bot_Xtr                : 0.000641601
	s_Top_Xtr                : 0.000539386
	s_lower_bl_H_0           : 7.31229e-05
	s_upper_bl_H_0           : 6.84166e-05
	s_lower_bl_H_1           : 6.49399e-05
	s_upper_bl_H_1           : 6.48434e-05
Epoch: 273 | Train Loss: 0.0483038 | Test Loss: 0.0753861 | analysis_confidence: 0.012033 | CL: 0.0257243 | ln_CD: 0.0727993 | CM: 0.00523798 | Top_Xtr: 0.0307888 | Bot_Xtr: 0.0341096
Loss contributors: 
	s_analysis_confidence    : 0.0568793
	s_ln_CD                  : 0.00736016
	s_CL                     : 0.00352586
	s_CM                     : 0.00210591
	s_Bot_Xtr                : 0.000641563
	s_Top_Xtr                : 0.000539418
	s_lower_bl_H_0           : 7.3124e-05
	s_upper_bl_H_0           : 6.84184e-05
	s_lower_bl_H_1           : 6.49415e-05
	s_upper_bl_H_1           : 6.48451e-05
Epoch: 274 | Train Loss: 0.0483026 | Test Loss: 0.0753884 | analysis_confidence: 0.012017 | CL: 0.0257265 | ln_CD: 0.072792 | CM: 0.00523816 | Top_Xtr: 0.0307866 | Bot_Xtr: 0.0341129
Loss contributors: 
	s_analysis_confidence    : 0.0568821
	s_ln_CD                  : 0.00735936
	s_CL                     : 0.00352609
	s_CM                     : 0.00210598
	s_Bot_Xtr                : 0.000641645
	s_Top_Xtr                : 0.00053941
	s_lower_bl_H_0           : 7.31222e-05
	s_upper_bl_H_0           : 6.84168e-05
	s_lower_bl_H_1           : 6.4941e-05
	s_upper_bl_H_1           : 6.48436e-05
Epoch: 275 | Train Loss: 0.0483031 | Test Loss: 0.0753977 | analysis_confidence: 0.0120435 | CL: 0.0257264 | ln_CD: 0.0727976 | CM: 0.00523801 | Top_Xtr: 0.0307904 | Bot_Xtr: 0.0341142
Loss contributors: 
	s_analysis_confidence    : 0.0568916
	s_ln_CD                  : 0.00735938
	s_CL                     : 0.00352607
	s_CM                     : 0.00210594
	s_Bot_Xtr                : 0.000641587
	s_Top_Xtr                : 0.000539406
	s_lower_bl_H_0           : 7.31219e-05
	s_upper_bl_H_0           : 6.84172e-05
	s_lower_bl_H_1           : 6.49406e-05
	s_upper_bl_H_1           : 6.48427e-05
Epoch: 276 | Train Loss: 0.0483046 | Test Loss: 0.0753835 | analysis_confidence: 0.0120043 | CL: 0.0257261 | ln_CD: 0.0728113 | CM: 0.00523823 | Top_Xtr: 0.0307894 | Bot_Xtr: 0.0341132
Loss contributors: 
	s_analysis_confidence    : 0.0568766
	s_ln_CD                  : 0.00735989
	s_CL                     : 0.00352602
	s_CM                     : 0.00210598
	s_Bot_Xtr                : 0.000641595
	s_Top_Xtr                : 0.000539424
	s_lower_bl_H_0           : 7.31253e-05
	s_upper_bl_H_0           : 6.84203e-05
	s_lower_bl_H_1           : 6.49437e-05
	s_upper_bl_H_1           : 6.48481e-05
Epoch: 277 | Train Loss: 0.0483035 | Test Loss: 0.0753783 | analysis_confidence: 0.011984 | CL: 0.025728 | ln_CD: 0.0727939 | CM: 0.00523825 | Top_Xtr: 0.0307864 | Bot_Xtr: 0.0341122
Loss contributors: 
	s_analysis_confidence    : 0.0568717
	s_ln_CD                  : 0.00735963
	s_CL                     : 0.00352621
	s_CM                     : 0.00210602
	s_Bot_Xtr                : 0.000641612
	s_Top_Xtr                : 0.000539429
	s_lower_bl_H_0           : 7.31226e-05
	s_upper_bl_H_0           : 6.84148e-05
	s_lower_bl_H_1           : 6.49411e-05
	s_upper_bl_H_1           : 6.48444e-05
Epoch: 278 | Train Loss: 0.0483084 | Test Loss: 0.0753824 | analysis_confidence: 0.0120005 | CL: 0.0257224 | ln_CD: 0.0728116 | CM: 0.00523801 | Top_Xtr: 0.0307882 | Bot_Xtr: 0.0341124
Loss contributors: 
	s_analysis_confidence    : 0.0568761
	s_ln_CD                  : 0.00735981
	s_CL                     : 0.00352566
	s_CM                     : 0.0021059
	s_Bot_Xtr                : 0.000641613
	s_Top_Xtr                : 0.000539435
	s_lower_bl_H_0           : 7.31242e-05
	s_upper_bl_H_0           : 6.84198e-05
	s_lower_bl_H_1           : 6.49435e-05
	s_upper_bl_H_1           : 6.48477e-05
Epoch: 279 | Train Loss: 0.048303 | Test Loss: 0.0753794 | analysis_confidence: 0.0120261 | CL: 0.0257227 | ln_CD: 0.0728056 | CM: 0.00523795 | Top_Xtr: 0.0307927 | Bot_Xtr: 0.0341172
Loss contributors: 
	s_analysis_confidence    : 0.0568724
	s_ln_CD                  : 0.00736041
	s_CL                     : 0.00352573
	s_CM                     : 0.00210588
	s_Bot_Xtr                : 0.000641654
	s_Top_Xtr                : 0.000539412
	s_lower_bl_H_0           : 7.3124e-05
	s_upper_bl_H_0           : 6.84192e-05
	s_lower_bl_H_1           : 6.49448e-05
	s_upper_bl_H_1           : 6.4849e-05
Epoch: 280 | Train Loss: 0.0483039 | Test Loss: 0.0753868 | analysis_confidence: 0.0120384 | CL: 0.0257271 | ln_CD: 0.0728051 | CM: 0.00523809 | Top_Xtr: 0.0307943 | Bot_Xtr: 0.0341147
Loss contributors: 
	s_analysis_confidence    : 0.0568798
	s_ln_CD                  : 0.00736004
	s_CL                     : 0.00352612
	s_CM                     : 0.00210594
	s_Bot_Xtr                : 0.000641632
	s_Top_Xtr                : 0.000539431
	s_lower_bl_H_0           : 7.31235e-05
	s_upper_bl_H_0           : 6.84179e-05
	s_lower_bl_H_1           : 6.49436e-05
	s_upper_bl_H_1           : 6.48462e-05
Epoch: 281 | Train Loss: 0.0483056 | Test Loss: 0.0753805 | analysis_confidence: 0.0120025 | CL: 0.0257262 | ln_CD: 0.0728122 | CM: 0.00523809 | Top_Xtr: 0.0307911 | Bot_Xtr: 0.0341147
Loss contributors: 
	s_analysis_confidence    : 0.0568731
	s_ln_CD                  : 0.00736049
	s_CL                     : 0.00352603
	s_CM                     : 0.00210593
	s_Bot_Xtr                : 0.0006416
	s_Top_Xtr                : 0.000539422
	s_lower_bl_H_0           : 7.31238e-05
	s_upper_bl_H_0           : 6.84188e-05
	s_lower_bl_H_1           : 6.49431e-05
	s_upper_bl_H_1           : 6.48479e-05
Epoch: 282 | Train Loss: 0.0483044 | Test Loss: 0.0753848 | analysis_confidence: 0.0120255 | CL: 0.0257249 | ln_CD: 0.0728079 | CM: 0.00523815 | Top_Xtr: 0.030788 | Bot_Xtr: 0.0341126
Loss contributors: 
	s_analysis_confidence    : 0.0568775
	s_ln_CD                  : 0.00736044
	s_CL                     : 0.00352592
	s_CM                     : 0.00210596
	s_Bot_Xtr                : 0.000641629
	s_Top_Xtr                : 0.000539431
	s_lower_bl_H_0           : 7.31244e-05
	s_upper_bl_H_0           : 6.84189e-05
	s_lower_bl_H_1           : 6.49463e-05
	s_upper_bl_H_1           : 6.48466e-05
Epoch: 283 | Train Loss: 0.0483038 | Test Loss: 0.0753862 | analysis_confidence: 0.0120257 | CL: 0.0257237 | ln_CD: 0.0728115 | CM: 0.00523809 | Top_Xtr: 0.0307896 | Bot_Xtr: 0.0341153
Loss contributors: 
	s_analysis_confidence    : 0.0568791
	s_ln_CD                  : 0.00736036
	s_CL                     : 0.0035258
	s_CM                     : 0.00210592
	s_Bot_Xtr                : 0.00064161
	s_Top_Xtr                : 0.000539416
	s_lower_bl_H_0           : 7.31255e-05
	s_upper_bl_H_0           : 6.84209e-05
	s_lower_bl_H_1           : 6.4946e-05
	s_upper_bl_H_1           : 6.48498e-05
Epoch: 284 | Train Loss: 0.0483042 | Test Loss: 0.075387 | analysis_confidence: 0.0120105 | CL: 0.0257242 | ln_CD: 0.0727914 | CM: 0.00523796 | Top_Xtr: 0.0307868 | Bot_Xtr: 0.0341158
Loss contributors: 
	s_analysis_confidence    : 0.0568808
	s_ln_CD                  : 0.00735957
	s_CL                     : 0.00352589
	s_CM                     : 0.00210589
	s_Bot_Xtr                : 0.000641634
	s_Top_Xtr                : 0.000539416
	s_lower_bl_H_0           : 7.31222e-05
	s_upper_bl_H_0           : 6.84172e-05
	s_lower_bl_H_1           : 6.49414e-05
	s_upper_bl_H_1           : 6.48453e-05
Epoch: 285 | Train Loss: 0.0483037 | Test Loss: 0.0753811 | analysis_confidence: 0.0119833 | CL: 0.025724 | ln_CD: 0.0728071 | CM: 0.00523791 | Top_Xtr: 0.0307917 | Bot_Xtr: 0.034116
Loss contributors: 
	s_analysis_confidence    : 0.0568751
	s_ln_CD                  : 0.00735951
	s_CL                     : 0.00352583
	s_CM                     : 0.00210587
	s_Bot_Xtr                : 0.000641614
	s_Top_Xtr                : 0.000539426
	s_lower_bl_H_0           : 7.31232e-05
	s_upper_bl_H_0           : 6.8419e-05
	s_lower_bl_H_1           : 6.49419e-05
	s_upper_bl_H_1           : 6.48475e-05
Epoch: 286 | Train Loss: 0.0483048 | Test Loss: 0.0753834 | analysis_confidence: 0.0120266 | CL: 0.0257279 | ln_CD: 0.0727974 | CM: 0.00523816 | Top_Xtr: 0.030789 | Bot_Xtr: 0.0341152
Loss contributors: 
	s_analysis_confidence    : 0.0568765
	s_ln_CD                  : 0.00735986
	s_CL                     : 0.00352621
	s_CM                     : 0.00210596
	s_Bot_Xtr                : 0.000641622
	s_Top_Xtr                : 0.000539418
	s_lower_bl_H_0           : 7.31226e-05
	s_upper_bl_H_0           : 6.84191e-05
	s_lower_bl_H_1           : 6.49426e-05
	s_upper_bl_H_1           : 6.48468e-05
Epoch: 287 | Train Loss: 0.0483051 | Test Loss: 0.0753863 | analysis_confidence: 0.0120227 | CL: 0.0257238 | ln_CD: 0.0727928 | CM: 0.00523795 | Top_Xtr: 0.0307866 | Bot_Xtr: 0.034112
Loss contributors: 
	s_analysis_confidence    : 0.0568797
	s_ln_CD                  : 0.00736003
	s_CL                     : 0.00352583
	s_CM                     : 0.00210589
	s_Bot_Xtr                : 0.000641608
	s_Top_Xtr                : 0.000539429
	s_lower_bl_H_0           : 7.31234e-05
	s_upper_bl_H_0           : 6.84205e-05
	s_lower_bl_H_1           : 6.4943e-05
	s_upper_bl_H_1           : 6.48476e-05
Epoch: 288 | Train Loss: 0.0483037 | Test Loss: 0.0753888 | analysis_confidence: 0.0120211 | CL: 0.0257256 | ln_CD: 0.0727915 | CM: 0.00523793 | Top_Xtr: 0.030787 | Bot_Xtr: 0.0341112
Loss contributors: 
	s_analysis_confidence    : 0.0568819
	s_ln_CD                  : 0.00736014
	s_CL                     : 0.00352599
	s_CM                     : 0.00210589
	s_Bot_Xtr                : 0.000641599
	s_Top_Xtr                : 0.000539423
	s_lower_bl_H_0           : 7.31227e-05
	s_upper_bl_H_0           : 6.84191e-05
	s_lower_bl_H_1           : 6.49434e-05
	s_upper_bl_H_1           : 6.48483e-05
Epoch: 289 | Train Loss: 0.0483042 | Test Loss: 0.0753854 | analysis_confidence: 0.0119782 | CL: 0.0257224 | ln_CD: 0.0728127 | CM: 0.00523788 | Top_Xtr: 0.0307874 | Bot_Xtr: 0.034112
Loss contributors: 
	s_analysis_confidence    : 0.0568783
	s_ln_CD                  : 0.00736071
	s_CL                     : 0.00352566
	s_CM                     : 0.00210584
	s_Bot_Xtr                : 0.000641624
	s_Top_Xtr                : 0.000539404
	s_lower_bl_H_0           : 7.31235e-05
	s_upper_bl_H_0           : 6.84216e-05
	s_lower_bl_H_1           : 6.4942e-05
	s_upper_bl_H_1           : 6.48499e-05
Epoch: 290 | Train Loss: 0.0483044 | Test Loss: 0.0753953 | analysis_confidence: 0.0120369 | CL: 0.0257245 | ln_CD: 0.0727999 | CM: 0.00523794 | Top_Xtr: 0.0307869 | Bot_Xtr: 0.0341102
Loss contributors: 
	s_analysis_confidence    : 0.0568887
	s_ln_CD                  : 0.00736002
	s_CL                     : 0.00352583
	s_CM                     : 0.00210587
	s_Bot_Xtr                : 0.00064162
	s_Top_Xtr                : 0.000539436
	s_lower_bl_H_0           : 7.31236e-05
	s_upper_bl_H_0           : 6.842e-05
	s_lower_bl_H_1           : 6.49431e-05
	s_upper_bl_H_1           : 6.48483e-05
Epoch: 291 | Train Loss: 0.0483064 | Test Loss: 0.0753845 | analysis_confidence: 0.0120342 | CL: 0.0257266 | ln_CD: 0.0727963 | CM: 0.00523799 | Top_Xtr: 0.0307893 | Bot_Xtr: 0.0341109
Loss contributors: 
	s_analysis_confidence    : 0.0568777
	s_ln_CD                  : 0.0073601
	s_CL                     : 0.00352607
	s_CM                     : 0.00210591
	s_Bot_Xtr                : 0.000641564
	s_Top_Xtr                : 0.000539405
	s_lower_bl_H_0           : 7.31244e-05
	s_upper_bl_H_0           : 6.84203e-05
	s_lower_bl_H_1           : 6.4944e-05
	s_upper_bl_H_1           : 6.48486e-05
Epoch: 292 | Train Loss: 0.0483043 | Test Loss: 0.0753875 | analysis_confidence: 0.0120178 | CL: 0.0257283 | ln_CD: 0.0728155 | CM: 0.00523811 | Top_Xtr: 0.0307853 | Bot_Xtr: 0.0341126
Loss contributors: 
	s_analysis_confidence    : 0.0568799
	s_ln_CD                  : 0.00736045
	s_CL                     : 0.0035262
	s_CM                     : 0.00210595
	s_Bot_Xtr                : 0.000641639
	s_Top_Xtr                : 0.000539416
	s_lower_bl_H_0           : 7.31242e-05
	s_upper_bl_H_0           : 6.84206e-05
	s_lower_bl_H_1           : 6.49428e-05
	s_upper_bl_H_1           : 6.48458e-05
Epoch: 293 | Train Loss: 0.0483062 | Test Loss: 0.0753849 | analysis_confidence: 0.0120491 | CL: 0.0257311 | ln_CD: 0.0727965 | CM: 0.00523814 | Top_Xtr: 0.0307907 | Bot_Xtr: 0.0341128
Loss contributors: 
	s_analysis_confidence    : 0.056878
	s_ln_CD                  : 0.00735958
	s_CL                     : 0.00352653
	s_CM                     : 0.002106
	s_Bot_Xtr                : 0.000641575
	s_Top_Xtr                : 0.00053942
	s_lower_bl_H_0           : 7.31233e-05
	s_upper_bl_H_0           : 6.84198e-05
	s_lower_bl_H_1           : 6.49419e-05
	s_upper_bl_H_1           : 6.48457e-05
Epoch: 294 | Train Loss: 0.0483039 | Test Loss: 0.0753968 | analysis_confidence: 0.0120546 | CL: 0.0257254 | ln_CD: 0.072801 | CM: 0.00523793 | Top_Xtr: 0.0307891 | Bot_Xtr: 0.0341144
Loss contributors: 
	s_analysis_confidence    : 0.0568896
	s_ln_CD                  : 0.00736045
	s_CL                     : 0.00352597
	s_CM                     : 0.00210588
	s_Bot_Xtr                : 0.00064163
	s_Top_Xtr                : 0.00053941
	s_lower_bl_H_0           : 7.31246e-05
	s_upper_bl_H_0           : 6.84208e-05
	s_lower_bl_H_1           : 6.49447e-05
	s_upper_bl_H_1           : 6.48476e-05
Epoch: 295 | Train Loss: 0.0483049 | Test Loss: 0.0753846 | analysis_confidence: 0.0120222 | CL: 0.025723 | ln_CD: 0.072805 | CM: 0.00523794 | Top_Xtr: 0.0307887 | Bot_Xtr: 0.0341139
Loss contributors: 
	s_analysis_confidence    : 0.0568774
	s_ln_CD                  : 0.00736067
	s_CL                     : 0.00352576
	s_CM                     : 0.00210585
	s_Bot_Xtr                : 0.000641615
	s_Top_Xtr                : 0.000539386
	s_lower_bl_H_0           : 7.31254e-05
	s_upper_bl_H_0           : 6.84224e-05
	s_lower_bl_H_1           : 6.49444e-05
	s_upper_bl_H_1           : 6.485e-05
Epoch: 296 | Train Loss: 0.0483056 | Test Loss: 0.0753932 | analysis_confidence: 0.0120662 | CL: 0.0257262 | ln_CD: 0.0727966 | CM: 0.00523799 | Top_Xtr: 0.0307907 | Bot_Xtr: 0.0341095
Loss contributors: 
	s_analysis_confidence    : 0.0568861
	s_ln_CD                  : 0.00736043
	s_CL                     : 0.00352603
	s_CM                     : 0.00210589
	s_Bot_Xtr                : 0.000641568
	s_Top_Xtr                : 0.000539406
	s_lower_bl_H_0           : 7.31223e-05
	s_upper_bl_H_0           : 6.84202e-05
	s_lower_bl_H_1           : 6.49428e-05
	s_upper_bl_H_1           : 6.48473e-05
Epoch: 297 | Train Loss: 0.048305 | Test Loss: 0.075387 | analysis_confidence: 0.0120164 | CL: 0.0257247 | ln_CD: 0.072795 | CM: 0.005238 | Top_Xtr: 0.0307908 | Bot_Xtr: 0.0341114
Loss contributors: 
	s_analysis_confidence    : 0.0568798
	s_ln_CD                  : 0.00736043
	s_CL                     : 0.00352592
	s_CM                     : 0.00210589
	s_Bot_Xtr                : 0.00064156
	s_Top_Xtr                : 0.000539391
	s_lower_bl_H_0           : 7.31217e-05
	s_upper_bl_H_0           : 6.84204e-05
	s_lower_bl_H_1           : 6.49441e-05
	s_upper_bl_H_1           : 6.48473e-05
Epoch: 298 | Train Loss: 0.0483049 | Test Loss: 0.0753883 | analysis_confidence: 0.0120075 | CL: 0.0257271 | ln_CD: 0.0728099 | CM: 0.0052383 | Top_Xtr: 0.0307893 | Bot_Xtr: 0.0341108
Loss contributors: 
	s_analysis_confidence    : 0.0568815
	s_ln_CD                  : 0.00735988
	s_CL                     : 0.00352613
	s_CM                     : 0.002106
	s_Bot_Xtr                : 0.000641579
	s_Top_Xtr                : 0.0005394
	s_lower_bl_H_0           : 7.31223e-05
	s_upper_bl_H_0           : 6.842e-05
	s_lower_bl_H_1           : 6.4944e-05
	s_upper_bl_H_1           : 6.48465e-05
Epoch: 299 | Train Loss: 0.0483062 | Test Loss: 0.0753877 | analysis_confidence: 0.0120318 | CL: 0.0257256 | ln_CD: 0.0728135 | CM: 0.00523823 | Top_Xtr: 0.0307882 | Bot_Xtr: 0.0341129
Loss contributors: 
	s_analysis_confidence    : 0.0568801
	s_ln_CD                  : 0.0073606
	s_CL                     : 0.00352602
	s_CM                     : 0.00210596
	s_Bot_Xtr                : 0.000641634
	s_Top_Xtr                : 0.000539392
	s_lower_bl_H_0           : 7.3126e-05
	s_upper_bl_H_0           : 6.84245e-05
	s_lower_bl_H_1           : 6.49464e-05
	s_upper_bl_H_1           : 6.48519e-05
Epoch: 300 | Train Loss: 0.0483055 | Test Loss: 0.0753794 | analysis_confidence: 0.0119923 | CL: 0.0257292 | ln_CD: 0.0728059 | CM: 0.00523833 | Top_Xtr: 0.0307932 | Bot_Xtr: 0.0341112
Loss contributors: 
	s_analysis_confidence    : 0.0568722
	s_ln_CD                  : 0.00736007
	s_CL                     : 0.00352636
	s_CM                     : 0.00210602
	s_Bot_Xtr                : 0.000641541
	s_Top_Xtr                : 0.000539416
	s_lower_bl_H_0           : 7.31229e-05
	s_upper_bl_H_0           : 6.84205e-05
	s_lower_bl_H_1           : 6.49426e-05
	s_upper_bl_H_1           : 6.48464e-05
Epoch: 301 | Train Loss: 0.0483057 | Test Loss: 0.0753927 | analysis_confidence: 0.0120154 | CL: 0.0257343 | ln_CD: 0.0727975 | CM: 0.0052386 | Top_Xtr: 0.0307884 | Bot_Xtr: 0.0341102
Loss contributors: 
	s_analysis_confidence    : 0.0568856
	s_ln_CD                  : 0.00735926
	s_CL                     : 0.00352686
	s_CM                     : 0.00210615
	s_Bot_Xtr                : 0.00064156
	s_Top_Xtr                : 0.000539438
	s_lower_bl_H_0           : 7.31219e-05
	s_upper_bl_H_0           : 6.84176e-05
	s_lower_bl_H_1           : 6.49407e-05
	s_upper_bl_H_1           : 6.48445e-05
Epoch: 302 | Train Loss: 0.0483064 | Test Loss: 0.075389 | analysis_confidence: 0.0119994 | CL: 0.0257275 | ln_CD: 0.0727974 | CM: 0.00523827 | Top_Xtr: 0.0307893 | Bot_Xtr: 0.0341127
Loss contributors: 
	s_analysis_confidence    : 0.0568821
	s_ln_CD                  : 0.00735998
	s_CL                     : 0.00352621
	s_CM                     : 0.00210602
	s_Bot_Xtr                : 0.000641565
	s_Top_Xtr                : 0.000539414
	s_lower_bl_H_0           : 7.31221e-05
	s_upper_bl_H_0           : 6.84185e-05
	s_lower_bl_H_1           : 6.49418e-05
	s_upper_bl_H_1           : 6.48453e-05
Epoch: 303 | Train Loss: 0.0483054 | Test Loss: 0.0753877 | analysis_confidence: 0.0120168 | CL: 0.0257264 | ln_CD: 0.0728057 | CM: 0.0052382 | Top_Xtr: 0.0307874 | Bot_Xtr: 0.0341125
Loss contributors: 
	s_analysis_confidence    : 0.056881
	s_ln_CD                  : 0.00735985
	s_CL                     : 0.00352609
	s_CM                     : 0.00210599
	s_Bot_Xtr                : 0.000641588
	s_Top_Xtr                : 0.00053942
	s_lower_bl_H_0           : 7.31215e-05
	s_upper_bl_H_0           : 6.84185e-05
	s_lower_bl_H_1           : 6.49417e-05
	s_upper_bl_H_1           : 6.4844e-05
Epoch: 304 | Train Loss: 0.0483063 | Test Loss: 0.0753885 | analysis_confidence: 0.0120249 | CL: 0.0257279 | ln_CD: 0.0727969 | CM: 0.00523821 | Top_Xtr: 0.0307881 | Bot_Xtr: 0.03411
Loss contributors: 
	s_analysis_confidence    : 0.0568817
	s_ln_CD                  : 0.00735981
	s_CL                     : 0.00352623
	s_CM                     : 0.00210597
	s_Bot_Xtr                : 0.000641599
	s_Top_Xtr                : 0.000539432
	s_lower_bl_H_0           : 7.31231e-05
	s_upper_bl_H_0           : 6.84203e-05
	s_lower_bl_H_1           : 6.49437e-05
	s_upper_bl_H_1           : 6.48458e-05
Epoch: 305 | Train Loss: 0.0483059 | Test Loss: 0.0753947 | analysis_confidence: 0.0120278 | CL: 0.0257252 | ln_CD: 0.0728168 | CM: 0.00523816 | Top_Xtr: 0.0307908 | Bot_Xtr: 0.0341138
Loss contributors: 
	s_analysis_confidence    : 0.056886
	s_ln_CD                  : 0.00736188
	s_CL                     : 0.00352596
	s_CM                     : 0.00210591
	s_Bot_Xtr                : 0.000641574
	s_Top_Xtr                : 0.00053939
	s_lower_bl_H_0           : 7.3125e-05
	s_upper_bl_H_0           : 6.8422e-05
	s_lower_bl_H_1           : 6.49452e-05
	s_upper_bl_H_1           : 6.48502e-05
Epoch: 306 | Train Loss: 0.0483066 | Test Loss: 0.0753957 | analysis_confidence: 0.0120512 | CL: 0.0257279 | ln_CD: 0.0727945 | CM: 0.00523827 | Top_Xtr: 0.0307913 | Bot_Xtr: 0.0341142
Loss contributors: 
	s_analysis_confidence    : 0.0568888
	s_ln_CD                  : 0.00735991
	s_CL                     : 0.0035262
	s_CM                     : 0.00210598
	s_Bot_Xtr                : 0.000641608
	s_Top_Xtr                : 0.0005394
	s_lower_bl_H_0           : 7.31219e-05
	s_upper_bl_H_0           : 6.84183e-05
	s_lower_bl_H_1           : 6.49412e-05
	s_upper_bl_H_1           : 6.48459e-05
Epoch: 307 | Train Loss: 0.0483068 | Test Loss: 0.0753913 | analysis_confidence: 0.0120387 | CL: 0.0257284 | ln_CD: 0.0727907 | CM: 0.00523833 | Top_Xtr: 0.0307866 | Bot_Xtr: 0.0341123
Loss contributors: 
	s_analysis_confidence    : 0.0568844
	s_ln_CD                  : 0.00735978
	s_CL                     : 0.00352631
	s_CM                     : 0.00210603
	s_Bot_Xtr                : 0.000641656
	s_Top_Xtr                : 0.000539421
	s_lower_bl_H_0           : 7.31211e-05
	s_upper_bl_H_0           : 6.84176e-05
	s_lower_bl_H_1           : 6.49417e-05
	s_upper_bl_H_1           : 6.48434e-05
Epoch: 308 | Train Loss: 0.048306 | Test Loss: 0.0753924 | analysis_confidence: 0.0120233 | CL: 0.0257266 | ln_CD: 0.0728047 | CM: 0.00523831 | Top_Xtr: 0.0307858 | Bot_Xtr: 0.0341118
Loss contributors: 
	s_analysis_confidence    : 0.0568853
	s_ln_CD                  : 0.00736006
	s_CL                     : 0.00352616
	s_CM                     : 0.00210599
	s_Bot_Xtr                : 0.000641632
	s_Top_Xtr                : 0.000539421
	s_lower_bl_H_0           : 7.31256e-05
	s_upper_bl_H_0           : 6.84217e-05
	s_lower_bl_H_1           : 6.49438e-05
	s_upper_bl_H_1           : 6.48491e-05
Epoch: 309 | Train Loss: 0.0483064 | Test Loss: 0.0753959 | analysis_confidence: 0.0120281 | CL: 0.0257246 | ln_CD: 0.0727982 | CM: 0.00523822 | Top_Xtr: 0.0307936 | Bot_Xtr: 0.0341147
Loss contributors: 
	s_analysis_confidence    : 0.0568887
	s_ln_CD                  : 0.0073605
	s_CL                     : 0.00352594
	s_CM                     : 0.00210594
	s_Bot_Xtr                : 0.000641555
	s_Top_Xtr                : 0.000539388
	s_lower_bl_H_0           : 7.31247e-05
	s_upper_bl_H_0           : 6.84215e-05
	s_lower_bl_H_1           : 6.49427e-05
	s_upper_bl_H_1           : 6.48502e-05
Epoch: 310 | Train Loss: 0.0483078 | Test Loss: 0.0753912 | analysis_confidence: 0.0119961 | CL: 0.0257259 | ln_CD: 0.0728128 | CM: 0.00523849 | Top_Xtr: 0.03079 | Bot_Xtr: 0.0341117
Loss contributors: 
	s_analysis_confidence    : 0.0568833
	s_ln_CD                  : 0.00736082
	s_CL                     : 0.00352605
	s_CM                     : 0.00210602
	s_Bot_Xtr                : 0.000641606
	s_Top_Xtr                : 0.000539396
	s_lower_bl_H_0           : 7.31265e-05
	s_upper_bl_H_0           : 6.84239e-05
	s_lower_bl_H_1           : 6.4948e-05
	s_upper_bl_H_1           : 6.48511e-05
Epoch: 311 | Train Loss: 0.0483053 | Test Loss: 0.0753823 | analysis_confidence: 0.0120076 | CL: 0.025726 | ln_CD: 0.0728024 | CM: 0.00523838 | Top_Xtr: 0.0307853 | Bot_Xtr: 0.0341103
Loss contributors: 
	s_analysis_confidence    : 0.0568756
	s_ln_CD                  : 0.00735972
	s_CL                     : 0.00352606
	s_CM                     : 0.00210602
	s_Bot_Xtr                : 0.000641614
	s_Top_Xtr                : 0.000539416
	s_lower_bl_H_0           : 7.31238e-05
	s_upper_bl_H_0           : 6.84209e-05
	s_lower_bl_H_1           : 6.49435e-05
	s_upper_bl_H_1           : 6.48466e-05
Epoch: 312 | Train Loss: 0.0483063 | Test Loss: 0.0753807 | analysis_confidence: 0.0119991 | CL: 0.0257262 | ln_CD: 0.0728062 | CM: 0.00523826 | Top_Xtr: 0.0307871 | Bot_Xtr: 0.0341105
Loss contributors: 
	s_analysis_confidence    : 0.056874
	s_ln_CD                  : 0.00735991
	s_CL                     : 0.00352604
	s_CM                     : 0.00210597
	s_Bot_Xtr                : 0.000641588
	s_Top_Xtr                : 0.000539397
	s_lower_bl_H_0           : 7.31235e-05
	s_upper_bl_H_0           : 6.84202e-05
	s_lower_bl_H_1           : 6.49423e-05
	s_upper_bl_H_1           : 6.48465e-05
Epoch: 313 | Train Loss: 0.0483056 | Test Loss: 0.0753979 | analysis_confidence: 0.0120266 | CL: 0.0257229 | ln_CD: 0.0727997 | CM: 0.00523802 | Top_Xtr: 0.0307884 | Bot_Xtr: 0.0341125
Loss contributors: 
	s_analysis_confidence    : 0.0568911
	s_ln_CD                  : 0.00736036
	s_CL                     : 0.00352572
	s_CM                     : 0.00210587
	s_Bot_Xtr                : 0.000641571
	s_Top_Xtr                : 0.000539366
	s_lower_bl_H_0           : 7.31244e-05
	s_upper_bl_H_0           : 6.8421e-05
	s_lower_bl_H_1           : 6.49453e-05
	s_upper_bl_H_1           : 6.48496e-05
Epoch: 314 | Train Loss: 0.0483056 | Test Loss: 0.0753935 | analysis_confidence: 0.0120235 | CL: 0.025729 | ln_CD: 0.0727949 | CM: 0.00523839 | Top_Xtr: 0.0307886 | Bot_Xtr: 0.0341125
Loss contributors: 
	s_analysis_confidence    : 0.0568867
	s_ln_CD                  : 0.00735979
	s_CL                     : 0.00352627
	s_CM                     : 0.00210601
	s_Bot_Xtr                : 0.000641564
	s_Top_Xtr                : 0.000539388
	s_lower_bl_H_0           : 7.31235e-05
	s_upper_bl_H_0           : 6.84185e-05
	s_lower_bl_H_1           : 6.49419e-05
	s_upper_bl_H_1           : 6.48466e-05
Epoch: 315 | Train Loss: 0.0483067 | Test Loss: 0.0753906 | analysis_confidence: 0.0119952 | CL: 0.0257264 | ln_CD: 0.0728085 | CM: 0.00523825 | Top_Xtr: 0.0307874 | Bot_Xtr: 0.0341097
Loss contributors: 
	s_analysis_confidence    : 0.056884
	s_ln_CD                  : 0.00735991
	s_CL                     : 0.00352601
	s_CM                     : 0.00210595
	s_Bot_Xtr                : 0.000641594
	s_Top_Xtr                : 0.000539409
	s_lower_bl_H_0           : 7.31242e-05
	s_upper_bl_H_0           : 6.8419e-05
	s_lower_bl_H_1           : 6.49416e-05
	s_upper_bl_H_1           : 6.48466e-05
Epoch: 316 | Train Loss: 0.0483061 | Test Loss: 0.075389 | analysis_confidence: 0.0120073 | CL: 0.025726 | ln_CD: 0.0727993 | CM: 0.0052383 | Top_Xtr: 0.0307895 | Bot_Xtr: 0.0341105
Loss contributors: 
	s_analysis_confidence    : 0.0568821
	s_ln_CD                  : 0.00736015
	s_CL                     : 0.00352598
	s_CM                     : 0.00210597
	s_Bot_Xtr                : 0.000641606
	s_Top_Xtr                : 0.000539404
	s_lower_bl_H_0           : 7.31247e-05
	s_upper_bl_H_0           : 6.84211e-05
	s_lower_bl_H_1           : 6.4943e-05
	s_upper_bl_H_1           : 6.4847e-05
Epoch: 317 | Train Loss: 0.0483066 | Test Loss: 0.0753956 | analysis_confidence: 0.012032 | CL: 0.0257288 | ln_CD: 0.0728093 | CM: 0.00523847 | Top_Xtr: 0.0307901 | Bot_Xtr: 0.034112
Loss contributors: 
	s_analysis_confidence    : 0.056888
	s_ln_CD                  : 0.00736047
	s_CL                     : 0.00352629
	s_CM                     : 0.00210606
	s_Bot_Xtr                : 0.000641564
	s_Top_Xtr                : 0.000539403
	s_lower_bl_H_0           : 7.31232e-05
	s_upper_bl_H_0           : 6.84195e-05
	s_lower_bl_H_1           : 6.49426e-05
	s_upper_bl_H_1           : 6.48467e-05
Epoch: 318 | Train Loss: 0.0483063 | Test Loss: 0.0753896 | analysis_confidence: 0.0120071 | CL: 0.0257281 | ln_CD: 0.0727978 | CM: 0.00523856 | Top_Xtr: 0.0307885 | Bot_Xtr: 0.0341106
Loss contributors: 
	s_analysis_confidence    : 0.0568827
	s_ln_CD                  : 0.00735993
	s_CL                     : 0.00352619
	s_CM                     : 0.00210607
	s_Bot_Xtr                : 0.000641593
	s_Top_Xtr                : 0.000539417
	s_lower_bl_H_0           : 7.31225e-05
	s_upper_bl_H_0           : 6.84197e-05
	s_lower_bl_H_1           : 6.49405e-05
	s_upper_bl_H_1           : 6.48457e-05
Epoch: 319 | Train Loss: 0.0483058 | Test Loss: 0.0753932 | analysis_confidence: 0.01204 | CL: 0.0257271 | ln_CD: 0.0727977 | CM: 0.00523844 | Top_Xtr: 0.0307862 | Bot_Xtr: 0.0341112
Loss contributors: 
	s_analysis_confidence    : 0.0568859
	s_ln_CD                  : 0.00736026
	s_CL                     : 0.00352615
	s_CM                     : 0.00210604
	s_Bot_Xtr                : 0.000641621
	s_Top_Xtr                : 0.000539396
	s_lower_bl_H_0           : 7.31214e-05
	s_upper_bl_H_0           : 6.84196e-05
	s_lower_bl_H_1           : 6.49409e-05
	s_upper_bl_H_1           : 6.48445e-05
Epoch: 320 | Train Loss: 0.0483073 | Test Loss: 0.075396 | analysis_confidence: 0.0120099 | CL: 0.0257307 | ln_CD: 0.072797 | CM: 0.00523857 | Top_Xtr: 0.0307867 | Bot_Xtr: 0.0341103
Loss contributors: 
	s_analysis_confidence    : 0.0568896
	s_ln_CD                  : 0.00735917
	s_CL                     : 0.00352645
	s_CM                     : 0.00210609
	s_Bot_Xtr                : 0.00064157
	s_Top_Xtr                : 0.000539426
	s_lower_bl_H_0           : 7.31199e-05
	s_upper_bl_H_0           : 6.84175e-05
	s_lower_bl_H_1           : 6.49378e-05
	s_upper_bl_H_1           : 6.48412e-05
Epoch: 321 | Train Loss: 0.0483061 | Test Loss: 0.0753899 | analysis_confidence: 0.0119939 | CL: 0.0257265 | ln_CD: 0.0728081 | CM: 0.00523852 | Top_Xtr: 0.0307886 | Bot_Xtr: 0.0341117
Loss contributors: 
	s_analysis_confidence    : 0.0568833
	s_ln_CD                  : 0.0073597
	s_CL                     : 0.00352604
	s_CM                     : 0.00210604
	s_Bot_Xtr                : 0.000641545
	s_Top_Xtr                : 0.000539418
	s_lower_bl_H_0           : 7.31238e-05
	s_upper_bl_H_0           : 6.84216e-05
	s_lower_bl_H_1           : 6.49422e-05
	s_upper_bl_H_1           : 6.48463e-05
Epoch: 322 | Train Loss: 0.0483077 | Test Loss: 0.0753939 | analysis_confidence: 0.012025 | CL: 0.0257242 | ln_CD: 0.0728135 | CM: 0.00523822 | Top_Xtr: 0.0307865 | Bot_Xtr: 0.0341106
Loss contributors: 
	s_analysis_confidence    : 0.0568865
	s_ln_CD                  : 0.00736094
	s_CL                     : 0.00352583
	s_CM                     : 0.00210594
	s_Bot_Xtr                : 0.000641568
	s_Top_Xtr                : 0.000539405
	s_lower_bl_H_0           : 7.31238e-05
	s_upper_bl_H_0           : 6.84211e-05
	s_lower_bl_H_1           : 6.4943e-05
	s_upper_bl_H_1           : 6.48456e-05
Epoch: 323 | Train Loss: 0.0483057 | Test Loss: 0.0754012 | analysis_confidence: 0.0120371 | CL: 0.0257267 | ln_CD: 0.0727967 | CM: 0.00523827 | Top_Xtr: 0.0307894 | Bot_Xtr: 0.0341118
Loss contributors: 
	s_analysis_confidence    : 0.0568943
	s_ln_CD                  : 0.00736022
	s_CL                     : 0.00352609
	s_CM                     : 0.00210599
	s_Bot_Xtr                : 0.000641558
	s_Top_Xtr                : 0.000539408
	s_lower_bl_H_0           : 7.3124e-05
	s_upper_bl_H_0           : 6.84187e-05
	s_lower_bl_H_1           : 6.49422e-05
	s_upper_bl_H_1           : 6.48439e-05
Epoch: 324 | Train Loss: 0.0483076 | Test Loss: 0.0753869 | analysis_confidence: 0.0120037 | CL: 0.0257268 | ln_CD: 0.0728095 | CM: 0.0052384 | Top_Xtr: 0.0307876 | Bot_Xtr: 0.0341106
Loss contributors: 
	s_analysis_confidence    : 0.0568799
	s_ln_CD                  : 0.0073601
	s_CL                     : 0.00352607
	s_CM                     : 0.00210601
	s_Bot_Xtr                : 0.000641589
	s_Top_Xtr                : 0.000539398
	s_lower_bl_H_0           : 7.31262e-05
	s_upper_bl_H_0           : 6.84218e-05
	s_lower_bl_H_1           : 6.49415e-05
	s_upper_bl_H_1           : 6.48481e-05
Epoch: 325 | Train Loss: 0.0483072 | Test Loss: 0.0753891 | analysis_confidence: 0.0120043 | CL: 0.0257249 | ln_CD: 0.0728138 | CM: 0.0052383 | Top_Xtr: 0.0307886 | Bot_Xtr: 0.0341127
Loss contributors: 
	s_analysis_confidence    : 0.0568819
	s_ln_CD                  : 0.00736058
	s_CL                     : 0.0035259
	s_CM                     : 0.00210598
	s_Bot_Xtr                : 0.000641603
	s_Top_Xtr                : 0.000539397
	s_lower_bl_H_0           : 7.31241e-05
	s_upper_bl_H_0           : 6.84212e-05
	s_lower_bl_H_1           : 6.49412e-05
	s_upper_bl_H_1           : 6.48455e-05
Epoch: 326 | Train Loss: 0.0483077 | Test Loss: 0.0753915 | analysis_confidence: 0.0119896 | CL: 0.0257247 | ln_CD: 0.0728133 | CM: 0.00523834 | Top_Xtr: 0.0307879 | Bot_Xtr: 0.0341118
Loss contributors: 
	s_analysis_confidence    : 0.056884
	s_ln_CD                  : 0.0073609
	s_CL                     : 0.00352585
	s_CM                     : 0.00210595
	s_Bot_Xtr                : 0.000641622
	s_Top_Xtr                : 0.000539412
	s_lower_bl_H_0           : 7.31264e-05
	s_upper_bl_H_0           : 6.84235e-05
	s_lower_bl_H_1           : 6.49435e-05
	s_upper_bl_H_1           : 6.48497e-05
Epoch: 327 | Train Loss: 0.0483068 | Test Loss: 0.075397 | analysis_confidence: 0.0120136 | CL: 0.0257269 | ln_CD: 0.0728071 | CM: 0.0052384 | Top_Xtr: 0.0307915 | Bot_Xtr: 0.0341139
Loss contributors: 
	s_analysis_confidence    : 0.0568895
	s_ln_CD                  : 0.00736076
	s_CL                     : 0.00352608
	s_CM                     : 0.00210601
	s_Bot_Xtr                : 0.000641566
	s_Top_Xtr                : 0.000539404
	s_lower_bl_H_0           : 7.31234e-05
	s_upper_bl_H_0           : 6.84195e-05
	s_lower_bl_H_1           : 6.49409e-05
	s_upper_bl_H_1           : 6.4847e-05
Epoch: 328 | Train Loss: 0.0483067 | Test Loss: 0.0753939 | analysis_confidence: 0.0120013 | CL: 0.0257276 | ln_CD: 0.0728091 | CM: 0.00523866 | Top_Xtr: 0.030787 | Bot_Xtr: 0.0341115
Loss contributors: 
	s_analysis_confidence    : 0.0568861
	s_ln_CD                  : 0.0073607
	s_CL                     : 0.00352618
	s_CM                     : 0.00210609
	s_Bot_Xtr                : 0.000641598
	s_Top_Xtr                : 0.000539419
	s_lower_bl_H_0           : 7.3125e-05
	s_upper_bl_H_0           : 6.84215e-05
	s_lower_bl_H_1           : 6.49409e-05
	s_upper_bl_H_1           : 6.48476e-05
Epoch: 329 | Train Loss: 0.0483065 | Test Loss: 0.0753943 | analysis_confidence: 0.0120214 | CL: 0.0257282 | ln_CD: 0.0728025 | CM: 0.00523861 | Top_Xtr: 0.0307881 | Bot_Xtr: 0.0341139
Loss contributors: 
	s_analysis_confidence    : 0.0568865
	s_ln_CD                  : 0.00736071
	s_CL                     : 0.00352626
	s_CM                     : 0.00210609
	s_Bot_Xtr                : 0.0006416
	s_Top_Xtr                : 0.00053939
	s_lower_bl_H_0           : 7.31242e-05
	s_upper_bl_H_0           : 6.84195e-05
	s_lower_bl_H_1           : 6.49415e-05
	s_upper_bl_H_1           : 6.48457e-05
Epoch: 330 | Train Loss: 0.0483075 | Test Loss: 0.0753945 | analysis_confidence: 0.0120032 | CL: 0.0257294 | ln_CD: 0.0727931 | CM: 0.00523851 | Top_Xtr: 0.0307866 | Bot_Xtr: 0.0341108
Loss contributors: 
	s_analysis_confidence    : 0.0568877
	s_ln_CD                  : 0.00735973
	s_CL                     : 0.00352639
	s_CM                     : 0.00210607
	s_Bot_Xtr                : 0.000641565
	s_Top_Xtr                : 0.000539401
	s_lower_bl_H_0           : 7.31236e-05
	s_upper_bl_H_0           : 6.84186e-05
	s_lower_bl_H_1           : 6.494e-05
	s_upper_bl_H_1           : 6.48448e-05
Epoch: 331 | Train Loss: 0.0483101 | Test Loss: 0.0753906 | analysis_confidence: 0.0120277 | CL: 0.0257285 | ln_CD: 0.0728 | CM: 0.00523849 | Top_Xtr: 0.0307831 | Bot_Xtr: 0.0341114
Loss contributors: 
	s_analysis_confidence    : 0.0568832
	s_ln_CD                  : 0.00736022
	s_CL                     : 0.00352631
	s_CM                     : 0.00210606
	s_Bot_Xtr                : 0.000641664
	s_Top_Xtr                : 0.000539408
	s_lower_bl_H_0           : 7.31246e-05
	s_upper_bl_H_0           : 6.84206e-05
	s_lower_bl_H_1           : 6.49397e-05
	s_upper_bl_H_1           : 6.48457e-05
Epoch: 332 | Train Loss: 0.0483074 | Test Loss: 0.0753916 | analysis_confidence: 0.0120201 | CL: 0.0257275 | ln_CD: 0.0728026 | CM: 0.00523847 | Top_Xtr: 0.030789 | Bot_Xtr: 0.0341136
Loss contributors: 
	s_analysis_confidence    : 0.056884
	s_ln_CD                  : 0.00736058
	s_CL                     : 0.0035262
	s_CM                     : 0.00210602
	s_Bot_Xtr                : 0.00064158
	s_Top_Xtr                : 0.000539377
	s_lower_bl_H_0           : 7.31238e-05
	s_upper_bl_H_0           : 6.84197e-05
	s_lower_bl_H_1           : 6.49403e-05
	s_upper_bl_H_1           : 6.4847e-05
Epoch: 333 | Train Loss: 0.0483095 | Test Loss: 0.0753901 | analysis_confidence: 0.0120129 | CL: 0.0257261 | ln_CD: 0.0728107 | CM: 0.00523835 | Top_Xtr: 0.0307886 | Bot_Xtr: 0.0341142
Loss contributors: 
	s_analysis_confidence    : 0.0568827
	s_ln_CD                  : 0.00736065
	s_CL                     : 0.00352607
	s_CM                     : 0.00210598
	s_Bot_Xtr                : 0.000641582
	s_Top_Xtr                : 0.000539373
	s_lower_bl_H_0           : 7.31252e-05
	s_upper_bl_H_0           : 6.84225e-05
	s_lower_bl_H_1           : 6.49432e-05
	s_upper_bl_H_1           : 6.4848e-05
Epoch: 334 | Train Loss: 0.0483083 | Test Loss: 0.0753966 | analysis_confidence: 0.0120129 | CL: 0.0257244 | ln_CD: 0.0728043 | CM: 0.00523824 | Top_Xtr: 0.0307892 | Bot_Xtr: 0.034116
Loss contributors: 
	s_analysis_confidence    : 0.0568894
	s_ln_CD                  : 0.00736055
	s_CL                     : 0.00352589
	s_CM                     : 0.00210593
	s_Bot_Xtr                : 0.000641639
	s_Top_Xtr                : 0.000539373
	s_lower_bl_H_0           : 7.31243e-05
	s_upper_bl_H_0           : 6.84221e-05
	s_lower_bl_H_1           : 6.49412e-05
	s_upper_bl_H_1           : 6.48494e-05
Epoch: 335 | Train Loss: 0.0483075 | Test Loss: 0.075399 | analysis_confidence: 0.0120169 | CL: 0.0257284 | ln_CD: 0.0728069 | CM: 0.00523849 | Top_Xtr: 0.0307863 | Bot_Xtr: 0.0341128
Loss contributors: 
	s_analysis_confidence    : 0.0568911
	s_ln_CD                  : 0.00736088
	s_CL                     : 0.00352625
	s_CM                     : 0.00210602
	s_Bot_Xtr                : 0.000641668
	s_Top_Xtr                : 0.000539384
	s_lower_bl_H_0           : 7.31221e-05
	s_upper_bl_H_0           : 6.84199e-05
	s_lower_bl_H_1           : 6.49411e-05
	s_upper_bl_H_1           : 6.48463e-05
Epoch: 336 | Train Loss: 0.0483071 | Test Loss: 0.0753977 | analysis_confidence: 0.0119885 | CL: 0.0257318 | ln_CD: 0.0728203 | CM: 0.00523872 | Top_Xtr: 0.0307846 | Bot_Xtr: 0.0341123
Loss contributors: 
	s_analysis_confidence    : 0.0568897
	s_ln_CD                  : 0.00736042
	s_CL                     : 0.00352658
	s_CM                     : 0.00210613
	s_Bot_Xtr                : 0.000641671
	s_Top_Xtr                : 0.000539415
	s_lower_bl_H_0           : 7.31233e-05
	s_upper_bl_H_0           : 6.84203e-05
	s_lower_bl_H_1           : 6.49405e-05
	s_upper_bl_H_1           : 6.48442e-05
Epoch: 337 | Train Loss: 0.0483088 | Test Loss: 0.0753972 | analysis_confidence: 0.0120363 | CL: 0.0257285 | ln_CD: 0.0727991 | CM: 0.00523856 | Top_Xtr: 0.0307881 | Bot_Xtr: 0.0341138
Loss contributors: 
	s_analysis_confidence    : 0.0568898
	s_ln_CD                  : 0.0073604
	s_CL                     : 0.0035263
	s_CM                     : 0.00210608
	s_Bot_Xtr                : 0.000641608
	s_Top_Xtr                : 0.000539372
	s_lower_bl_H_0           : 7.31213e-05
	s_upper_bl_H_0           : 6.84184e-05
	s_lower_bl_H_1           : 6.49373e-05
	s_upper_bl_H_1           : 6.48452e-05
Epoch: 338 | Train Loss: 0.0483077 | Test Loss: 0.0754076 | analysis_confidence: 0.0120436 | CL: 0.0257273 | ln_CD: 0.0728021 | CM: 0.00523854 | Top_Xtr: 0.0307836 | Bot_Xtr: 0.0341117
Loss contributors: 
	s_analysis_confidence    : 0.0568997
	s_ln_CD                  : 0.00736084
	s_CL                     : 0.00352623
	s_CM                     : 0.00210607
	s_Bot_Xtr                : 0.000641652
	s_Top_Xtr                : 0.00053939
	s_lower_bl_H_0           : 7.31232e-05
	s_upper_bl_H_0           : 6.84189e-05
	s_lower_bl_H_1           : 6.49415e-05
	s_upper_bl_H_1           : 6.4845e-05
Epoch: 339 | Train Loss: 0.0483077 | Test Loss: 0.0753921 | analysis_confidence: 0.0120082 | CL: 0.025728 | ln_CD: 0.0728173 | CM: 0.00523859 | Top_Xtr: 0.0307886 | Bot_Xtr: 0.0341144
Loss contributors: 
	s_analysis_confidence    : 0.0568837
	s_ln_CD                  : 0.00736131
	s_CL                     : 0.00352625
	s_CM                     : 0.00210608
	s_Bot_Xtr                : 0.000641626
	s_Top_Xtr                : 0.000539367
	s_lower_bl_H_0           : 7.31249e-05
	s_upper_bl_H_0           : 6.84209e-05
	s_lower_bl_H_1           : 6.49441e-05
	s_upper_bl_H_1           : 6.48459e-05
Epoch: 340 | Train Loss: 0.0483082 | Test Loss: 0.0753914 | analysis_confidence: 0.0120022 | CL: 0.0257274 | ln_CD: 0.072805 | CM: 0.0052386 | Top_Xtr: 0.0307901 | Bot_Xtr: 0.0341126
Loss contributors: 
	s_analysis_confidence    : 0.0568839
	s_ln_CD                  : 0.00736054
	s_CL                     : 0.00352623
	s_CM                     : 0.00210609
	s_Bot_Xtr                : 0.000641591
	s_Top_Xtr                : 0.000539364
	s_lower_bl_H_0           : 7.31233e-05
	s_upper_bl_H_0           : 6.84207e-05
	s_lower_bl_H_1           : 6.49434e-05
	s_upper_bl_H_1           : 6.48456e-05
Epoch: 341 | Train Loss: 0.0483081 | Test Loss: 0.0753951 | analysis_confidence: 0.0120131 | CL: 0.0257283 | ln_CD: 0.0728093 | CM: 0.00523866 | Top_Xtr: 0.0307875 | Bot_Xtr: 0.0341144
Loss contributors: 
	s_analysis_confidence    : 0.0568871
	s_ln_CD                  : 0.00736087
	s_CL                     : 0.00352632
	s_CM                     : 0.0021061
	s_Bot_Xtr                : 0.000641633
	s_Top_Xtr                : 0.00053935
	s_lower_bl_H_0           : 7.31247e-05
	s_upper_bl_H_0           : 6.84216e-05
	s_lower_bl_H_1           : 6.49422e-05
	s_upper_bl_H_1           : 6.48479e-05
Epoch: 342 | Train Loss: 0.0483074 | Test Loss: 0.0753949 | analysis_confidence: 0.0120058 | CL: 0.02573 | ln_CD: 0.0728154 | CM: 0.00523885 | Top_Xtr: 0.0307862 | Bot_Xtr: 0.0341124
Loss contributors: 
	s_analysis_confidence    : 0.0568867
	s_ln_CD                  : 0.00736074
	s_CL                     : 0.00352646
	s_CM                     : 0.00210617
	s_Bot_Xtr                : 0.000641631
	s_Top_Xtr                : 0.000539374
	s_lower_bl_H_0           : 7.31249e-05
	s_upper_bl_H_0           : 6.84225e-05
	s_lower_bl_H_1           : 6.49428e-05
	s_upper_bl_H_1           : 6.48469e-05
Epoch: 343 | Train Loss: 0.0483104 | Test Loss: 0.0753965 | analysis_confidence: 0.0120226 | CL: 0.0257259 | ln_CD: 0.0728205 | CM: 0.00523861 | Top_Xtr: 0.0307864 | Bot_Xtr: 0.0341149
Loss contributors: 
	s_analysis_confidence    : 0.0568883
	s_ln_CD                  : 0.00736123
	s_CL                     : 0.00352607
	s_CM                     : 0.00210607
	s_Bot_Xtr                : 0.000641677
	s_Top_Xtr                : 0.000539377
	s_lower_bl_H_0           : 7.31232e-05
	s_upper_bl_H_0           : 6.84213e-05
	s_lower_bl_H_1           : 6.49425e-05
	s_upper_bl_H_1           : 6.48463e-05
Epoch: 344 | Train Loss: 0.0483081 | Test Loss: 0.0754005 | analysis_confidence: 0.0120259 | CL: 0.0257293 | ln_CD: 0.0727938 | CM: 0.00523864 | Top_Xtr: 0.0307844 | Bot_Xtr: 0.0341127
Loss contributors: 
	s_analysis_confidence    : 0.0568937
	s_ln_CD                  : 0.00735974
	s_CL                     : 0.00352636
	s_CM                     : 0.0021061
	s_Bot_Xtr                : 0.000641648
	s_Top_Xtr                : 0.000539405
	s_lower_bl_H_0           : 7.31229e-05
	s_upper_bl_H_0           : 6.84191e-05
	s_lower_bl_H_1           : 6.49415e-05
	s_upper_bl_H_1           : 6.48438e-05
Epoch: 345 | Train Loss: 0.0483099 | Test Loss: 0.075404 | analysis_confidence: 0.0120495 | CL: 0.0257274 | ln_CD: 0.0728089 | CM: 0.00523851 | Top_Xtr: 0.030787 | Bot_Xtr: 0.0341135
Loss contributors: 
	s_analysis_confidence    : 0.0568961
	s_ln_CD                  : 0.00736095
	s_CL                     : 0.00352619
	s_CM                     : 0.00210603
	s_Bot_Xtr                : 0.000641583
	s_Top_Xtr                : 0.000539372
	s_lower_bl_H_0           : 7.31252e-05
	s_upper_bl_H_0           : 6.84225e-05
	s_lower_bl_H_1           : 6.49429e-05
	s_upper_bl_H_1           : 6.48477e-05
Epoch: 346 | Train Loss: 0.0483099 | Test Loss: 0.0753969 | analysis_confidence: 0.0120329 | CL: 0.0257295 | ln_CD: 0.0728105 | CM: 0.00523845 | Top_Xtr: 0.0307861 | Bot_Xtr: 0.0341131
Loss contributors: 
	s_analysis_confidence    : 0.056889
	s_ln_CD                  : 0.00736068
	s_CL                     : 0.00352641
	s_CM                     : 0.00210604
	s_Bot_Xtr                : 0.000641628
	s_Top_Xtr                : 0.000539383
	s_lower_bl_H_0           : 7.31238e-05
	s_upper_bl_H_0           : 6.8421e-05
	s_lower_bl_H_1           : 6.49418e-05
	s_upper_bl_H_1           : 6.48456e-05
Epoch: 347 | Train Loss: 0.0483088 | Test Loss: 0.0753922 | analysis_confidence: 0.0119977 | CL: 0.0257298 | ln_CD: 0.0728046 | CM: 0.00523859 | Top_Xtr: 0.0307843 | Bot_Xtr: 0.0341125
Loss contributors: 
	s_analysis_confidence    : 0.0568846
	s_ln_CD                  : 0.00736046
	s_CL                     : 0.00352646
	s_CM                     : 0.00210609
	s_Bot_Xtr                : 0.000641605
	s_Top_Xtr                : 0.000539366
	s_lower_bl_H_0           : 7.31232e-05
	s_upper_bl_H_0           : 6.84209e-05
	s_lower_bl_H_1           : 6.49393e-05
	s_upper_bl_H_1           : 6.4845e-05
Epoch: 348 | Train Loss: 0.0483087 | Test Loss: 0.0754001 | analysis_confidence: 0.01202 | CL: 0.025727 | ln_CD: 0.0728046 | CM: 0.00523842 | Top_Xtr: 0.030788 | Bot_Xtr: 0.0341156
Loss contributors: 
	s_analysis_confidence    : 0.056893
	s_ln_CD                  : 0.00736023
	s_CL                     : 0.00352613
	s_CM                     : 0.00210601
	s_Bot_Xtr                : 0.000641623
	s_Top_Xtr                : 0.000539362
	s_lower_bl_H_0           : 7.31224e-05
	s_upper_bl_H_0           : 6.84199e-05
	s_lower_bl_H_1           : 6.49397e-05
	s_upper_bl_H_1           : 6.48458e-05
Epoch: 349 | Train Loss: 0.0483083 | Test Loss: 0.0753927 | analysis_confidence: 0.0120094 | CL: 0.0257268 | ln_CD: 0.072803 | CM: 0.00523848 | Top_Xtr: 0.0307876 | Bot_Xtr: 0.0341158
Loss contributors: 
	s_analysis_confidence    : 0.056885
	s_ln_CD                  : 0.00736068
	s_CL                     : 0.00352614
	s_CM                     : 0.00210601
	s_Bot_Xtr                : 0.000641634
	s_Top_Xtr                : 0.000539357
	s_lower_bl_H_0           : 7.3125e-05
	s_upper_bl_H_0           : 6.84223e-05
	s_lower_bl_H_1           : 6.49427e-05
	s_upper_bl_H_1           : 6.48499e-05
Epoch: 350 | Train Loss: 0.0483089 | Test Loss: 0.0753957 | analysis_confidence: 0.0120589 | CL: 0.0257261 | ln_CD: 0.0728034 | CM: 0.00523839 | Top_Xtr: 0.030787 | Bot_Xtr: 0.0341139
Loss contributors: 
	s_analysis_confidence    : 0.0568882
	s_ln_CD                  : 0.00736065
	s_CL                     : 0.00352608
	s_CM                     : 0.00210599
	s_Bot_Xtr                : 0.000641593
	s_Top_Xtr                : 0.000539369
	s_lower_bl_H_0           : 7.31244e-05
	s_upper_bl_H_0           : 6.84206e-05
	s_lower_bl_H_1           : 6.49418e-05
	s_upper_bl_H_1           : 6.48471e-05
Epoch: 351 | Train Loss: 0.0483105 | Test Loss: 0.075398 | analysis_confidence: 0.012042 | CL: 0.0257304 | ln_CD: 0.0728173 | CM: 0.0052388 | Top_Xtr: 0.0307837 | Bot_Xtr: 0.0341118
Loss contributors: 
	s_analysis_confidence    : 0.0568896
	s_ln_CD                  : 0.0073608
	s_CL                     : 0.00352655
	s_CM                     : 0.00210614
	s_Bot_Xtr                : 0.000641631
	s_Top_Xtr                : 0.000539374
	s_lower_bl_H_0           : 7.31251e-05
	s_upper_bl_H_0           : 6.84214e-05
	s_lower_bl_H_1           : 6.49399e-05
	s_upper_bl_H_1           : 6.48474e-05
Epoch: 352 | Train Loss: 0.0483084 | Test Loss: 0.0754006 | analysis_confidence: 0.0120354 | CL: 0.0257289 | ln_CD: 0.0728113 | CM: 0.00523863 | Top_Xtr: 0.0307854 | Bot_Xtr: 0.0341123
Loss contributors: 
	s_analysis_confidence    : 0.0568922
	s_ln_CD                  : 0.00736117
	s_CL                     : 0.00352641
	s_CM                     : 0.00210609
	s_Bot_Xtr                : 0.000641629
	s_Top_Xtr                : 0.000539368
	s_lower_bl_H_0           : 7.31242e-05
	s_upper_bl_H_0           : 6.84213e-05
	s_lower_bl_H_1           : 6.49385e-05
	s_upper_bl_H_1           : 6.48455e-05
Epoch: 353 | Train Loss: 0.0483117 | Test Loss: 0.0753925 | analysis_confidence: 0.0120581 | CL: 0.0257249 | ln_CD: 0.0728019 | CM: 0.00523829 | Top_Xtr: 0.0307908 | Bot_Xtr: 0.0341139
Loss contributors: 
	s_analysis_confidence    : 0.0568854
	s_ln_CD                  : 0.00736059
	s_CL                     : 0.00352595
	s_CM                     : 0.00210593
	s_Bot_Xtr                : 0.000641565
	s_Top_Xtr                : 0.000539365
	s_lower_bl_H_0           : 7.31244e-05
	s_upper_bl_H_0           : 6.84224e-05
	s_lower_bl_H_1           : 6.49423e-05
	s_upper_bl_H_1           : 6.48489e-05
Epoch: 354 | Train Loss: 0.0483082 | Test Loss: 0.0753989 | analysis_confidence: 0.012011 | CL: 0.0257283 | ln_CD: 0.0728039 | CM: 0.00523843 | Top_Xtr: 0.0307899 | Bot_Xtr: 0.0341134
Loss contributors: 
	s_analysis_confidence    : 0.0568916
	s_ln_CD                  : 0.00736047
	s_CL                     : 0.00352627
	s_CM                     : 0.002106
	s_Bot_Xtr                : 0.000641577
	s_Top_Xtr                : 0.000539374
	s_lower_bl_H_0           : 7.31237e-05
	s_upper_bl_H_0           : 6.84209e-05
	s_lower_bl_H_1           : 6.49401e-05
	s_upper_bl_H_1           : 6.48457e-05
Epoch: 355 | Train Loss: 0.0483092 | Test Loss: 0.0753939 | analysis_confidence: 0.0120215 | CL: 0.0257261 | ln_CD: 0.0728012 | CM: 0.00523831 | Top_Xtr: 0.030786 | Bot_Xtr: 0.034111
Loss contributors: 
	s_analysis_confidence    : 0.0568866
	s_ln_CD                  : 0.0073605
	s_CL                     : 0.00352606
	s_CM                     : 0.00210594
	s_Bot_Xtr                : 0.000641625
	s_Top_Xtr                : 0.000539386
	s_lower_bl_H_0           : 7.3125e-05
	s_upper_bl_H_0           : 6.84218e-05
	s_lower_bl_H_1           : 6.49416e-05
	s_upper_bl_H_1           : 6.48491e-05
Epoch: 356 | Train Loss: 0.04831 | Test Loss: 0.07539 | analysis_confidence: 0.0119952 | CL: 0.0257277 | ln_CD: 0.0728024 | CM: 0.00523846 | Top_Xtr: 0.0307856 | Bot_Xtr: 0.0341142
Loss contributors: 
	s_analysis_confidence    : 0.0568826
	s_ln_CD                  : 0.00736038
	s_CL                     : 0.00352624
	s_CM                     : 0.00210601
	s_Bot_Xtr                : 0.00064163
	s_Top_Xtr                : 0.000539366
	s_lower_bl_H_0           : 7.31257e-05
	s_upper_bl_H_0           : 6.8422e-05
	s_lower_bl_H_1           : 6.49424e-05
	s_upper_bl_H_1           : 6.48474e-05
Epoch: 357 | Train Loss: 0.0483101 | Test Loss: 0.0754021 | analysis_confidence: 0.0120595 | CL: 0.0257298 | ln_CD: 0.0728101 | CM: 0.00523855 | Top_Xtr: 0.0307889 | Bot_Xtr: 0.0341146
Loss contributors: 
	s_analysis_confidence    : 0.0568936
	s_ln_CD                  : 0.00736125
	s_CL                     : 0.00352648
	s_CM                     : 0.00210607
	s_Bot_Xtr                : 0.000641605
	s_Top_Xtr                : 0.000539357
	s_lower_bl_H_0           : 7.31245e-05
	s_upper_bl_H_0           : 6.84203e-05
	s_lower_bl_H_1           : 6.49406e-05
	s_upper_bl_H_1           : 6.48467e-05
Epoch: 358 | Train Loss: 0.0483094 | Test Loss: 0.0753969 | analysis_confidence: 0.0120168 | CL: 0.0257297 | ln_CD: 0.0727975 | CM: 0.00523857 | Top_Xtr: 0.0307858 | Bot_Xtr: 0.0341119
Loss contributors: 
	s_analysis_confidence    : 0.0568891
	s_ln_CD                  : 0.00736071
	s_CL                     : 0.0035264
	s_CM                     : 0.00210604
	s_Bot_Xtr                : 0.000641605
	s_Top_Xtr                : 0.000539369
	s_lower_bl_H_0           : 7.31241e-05
	s_upper_bl_H_0           : 6.84215e-05
	s_lower_bl_H_1           : 6.49415e-05
	s_upper_bl_H_1           : 6.48477e-05
Epoch: 359 | Train Loss: 0.0483104 | Test Loss: 0.0753947 | analysis_confidence: 0.0120458 | CL: 0.0257267 | ln_CD: 0.0728065 | CM: 0.00523849 | Top_Xtr: 0.0307848 | Bot_Xtr: 0.0341119
Loss contributors: 
	s_analysis_confidence    : 0.0568871
	s_ln_CD                  : 0.00736068
	s_CL                     : 0.00352613
	s_CM                     : 0.002106
	s_Bot_Xtr                : 0.000641605
	s_Top_Xtr                : 0.000539376
	s_lower_bl_H_0           : 7.31261e-05
	s_upper_bl_H_0           : 6.84238e-05
	s_lower_bl_H_1           : 6.49435e-05
	s_upper_bl_H_1           : 6.48495e-05
Epoch: 360 | Train Loss: 0.0483094 | Test Loss: 0.0753972 | analysis_confidence: 0.0120212 | CL: 0.0257288 | ln_CD: 0.0728164 | CM: 0.0052387 | Top_Xtr: 0.0307885 | Bot_Xtr: 0.0341124
Loss contributors: 
	s_analysis_confidence    : 0.0568894
	s_ln_CD                  : 0.00736065
	s_CL                     : 0.00352635
	s_CM                     : 0.0021061
	s_Bot_Xtr                : 0.000641585
	s_Top_Xtr                : 0.000539379
	s_lower_bl_H_0           : 7.31255e-05
	s_upper_bl_H_0           : 6.84219e-05
	s_lower_bl_H_1           : 6.49413e-05
	s_upper_bl_H_1           : 6.48484e-05
Epoch: 361 | Train Loss: 0.0483128 | Test Loss: 0.0753965 | analysis_confidence: 0.0120071 | CL: 0.0257299 | ln_CD: 0.0728089 | CM: 0.00523869 | Top_Xtr: 0.0307865 | Bot_Xtr: 0.0341147
Loss contributors: 
	s_analysis_confidence    : 0.0568885
	s_ln_CD                  : 0.00736062
	s_CL                     : 0.00352645
	s_CM                     : 0.00210609
	s_Bot_Xtr                : 0.000641701
	s_Top_Xtr                : 0.000539379
	s_lower_bl_H_0           : 7.31264e-05
	s_upper_bl_H_0           : 6.84227e-05
	s_lower_bl_H_1           : 6.49409e-05
	s_upper_bl_H_1           : 6.48488e-05
Epoch: 362 | Train Loss: 0.0483121 | Test Loss: 0.0754 | analysis_confidence: 0.0120183 | CL: 0.0257294 | ln_CD: 0.0728121 | CM: 0.00523874 | Top_Xtr: 0.0307896 | Bot_Xtr: 0.0341147
Loss contributors: 
	s_analysis_confidence    : 0.0568921
	s_ln_CD                  : 0.00736077
	s_CL                     : 0.00352639
	s_CM                     : 0.0021061
	s_Bot_Xtr                : 0.00064159
	s_Top_Xtr                : 0.000539353
	s_lower_bl_H_0           : 7.31265e-05
	s_upper_bl_H_0           : 6.84226e-05
	s_lower_bl_H_1           : 6.4941e-05
	s_upper_bl_H_1           : 6.48486e-05
Epoch: 363 | Train Loss: 0.0483121 | Test Loss: 0.0753952 | analysis_confidence: 0.0120415 | CL: 0.025728 | ln_CD: 0.0728121 | CM: 0.00523868 | Top_Xtr: 0.0307867 | Bot_Xtr: 0.0341108
Loss contributors: 
	s_analysis_confidence    : 0.0568874
	s_ln_CD                  : 0.00736078
	s_CL                     : 0.00352627
	s_CM                     : 0.00210608
	s_Bot_Xtr                : 0.00064161
	s_Top_Xtr                : 0.000539369
	s_lower_bl_H_0           : 7.31257e-05
	s_upper_bl_H_0           : 6.84221e-05
	s_lower_bl_H_1           : 6.49401e-05
	s_upper_bl_H_1           : 6.48488e-05
Epoch: 364 | Train Loss: 0.0483093 | Test Loss: 0.0753944 | analysis_confidence: 0.0120218 | CL: 0.0257289 | ln_CD: 0.072804 | CM: 0.00523865 | Top_Xtr: 0.0307883 | Bot_Xtr: 0.0341127
Loss contributors: 
	s_analysis_confidence    : 0.0568861
	s_ln_CD                  : 0.0073612
	s_CL                     : 0.00352639
	s_CM                     : 0.00210608
	s_Bot_Xtr                : 0.00064157
	s_Top_Xtr                : 0.000539333
	s_lower_bl_H_0           : 7.31268e-05
	s_upper_bl_H_0           : 6.84237e-05
	s_lower_bl_H_1           : 6.49417e-05
	s_upper_bl_H_1           : 6.48492e-05
Epoch: 365 | Train Loss: 0.0483101 | Test Loss: 0.075393 | analysis_confidence: 0.0119975 | CL: 0.0257307 | ln_CD: 0.0728011 | CM: 0.00523875 | Top_Xtr: 0.0307864 | Bot_Xtr: 0.0341126
Loss contributors: 
	s_analysis_confidence    : 0.0568853
	s_ln_CD                  : 0.00736038
	s_CL                     : 0.00352652
	s_CM                     : 0.00210613
	s_Bot_Xtr                : 0.000641635
	s_Top_Xtr                : 0.000539357
	s_lower_bl_H_0           : 7.31232e-05
	s_upper_bl_H_0           : 6.84211e-05
	s_lower_bl_H_1           : 6.49393e-05
	s_upper_bl_H_1           : 6.48457e-05
Epoch: 366 | Train Loss: 0.0483092 | Test Loss: 0.0753979 | analysis_confidence: 0.0120288 | CL: 0.0257293 | ln_CD: 0.0728165 | CM: 0.00523868 | Top_Xtr: 0.030787 | Bot_Xtr: 0.0341144
Loss contributors: 
	s_analysis_confidence    : 0.0568897
	s_ln_CD                  : 0.0073611
	s_CL                     : 0.00352639
	s_CM                     : 0.0021061
	s_Bot_Xtr                : 0.000641602
	s_Top_Xtr                : 0.000539323
	s_lower_bl_H_0           : 7.31233e-05
	s_upper_bl_H_0           : 6.84223e-05
	s_lower_bl_H_1           : 6.49399e-05
	s_upper_bl_H_1           : 6.4847e-05
Epoch: 367 | Train Loss: 0.0483107 | Test Loss: 0.0754 | analysis_confidence: 0.0120071 | CL: 0.025731 | ln_CD: 0.0727953 | CM: 0.00523852 | Top_Xtr: 0.030789 | Bot_Xtr: 0.0341106
Loss contributors: 
	s_analysis_confidence    : 0.0568925
	s_ln_CD                  : 0.0073604
	s_CL                     : 0.00352656
	s_CM                     : 0.00210607
	s_Bot_Xtr                : 0.000641523
	s_Top_Xtr                : 0.000539344
	s_lower_bl_H_0           : 7.31233e-05
	s_upper_bl_H_0           : 6.84211e-05
	s_lower_bl_H_1           : 6.49395e-05
	s_upper_bl_H_1           : 6.48457e-05
Epoch: 368 | Train Loss: 0.0483098 | Test Loss: 0.0753975 | analysis_confidence: 0.0120253 | CL: 0.025731 | ln_CD: 0.072798 | CM: 0.00523856 | Top_Xtr: 0.0307821 | Bot_Xtr: 0.0341084
Loss contributors: 
	s_analysis_confidence    : 0.0568907
	s_ln_CD                  : 0.00735968
	s_CL                     : 0.0035265
	s_CM                     : 0.00210609
	s_Bot_Xtr                : 0.000641599
	s_Top_Xtr                : 0.000539371
	s_lower_bl_H_0           : 7.3125e-05
	s_upper_bl_H_0           : 6.8421e-05
	s_lower_bl_H_1           : 6.49385e-05
	s_upper_bl_H_1           : 6.48429e-05
Epoch: 369 | Train Loss: 0.0483106 | Test Loss: 0.0753994 | analysis_confidence: 0.0120211 | CL: 0.0257282 | ln_CD: 0.0728216 | CM: 0.0052386 | Top_Xtr: 0.0307823 | Bot_Xtr: 0.0341094
Loss contributors: 
	s_analysis_confidence    : 0.0568909
	s_ln_CD                  : 0.00736137
	s_CL                     : 0.00352626
	s_CM                     : 0.00210605
	s_Bot_Xtr                : 0.00064162
	s_Top_Xtr                : 0.000539357
	s_lower_bl_H_0           : 7.31284e-05
	s_upper_bl_H_0           : 6.84249e-05
	s_lower_bl_H_1           : 6.49431e-05
	s_upper_bl_H_1           : 6.48505e-05
Epoch: 370 | Train Loss: 0.0483104 | Test Loss: 0.0753958 | analysis_confidence: 0.0120064 | CL: 0.0257284 | ln_CD: 0.0728132 | CM: 0.00523858 | Top_Xtr: 0.0307858 | Bot_Xtr: 0.034112
Loss contributors: 
	s_analysis_confidence    : 0.0568879
	s_ln_CD                  : 0.00736081
	s_CL                     : 0.00352632
	s_CM                     : 0.00210604
	s_Bot_Xtr                : 0.00064161
	s_Top_Xtr                : 0.000539332
	s_lower_bl_H_0           : 7.31282e-05
	s_upper_bl_H_0           : 6.84253e-05
	s_lower_bl_H_1           : 6.49418e-05
	s_upper_bl_H_1           : 6.48493e-05
Epoch: 371 | Train Loss: 0.0483099 | Test Loss: 0.0754001 | analysis_confidence: 0.0120247 | CL: 0.0257306 | ln_CD: 0.0728225 | CM: 0.00523867 | Top_Xtr: 0.0307893 | Bot_Xtr: 0.0341107
Loss contributors: 
	s_analysis_confidence    : 0.056892
	s_ln_CD                  : 0.00736091
	s_CL                     : 0.00352653
	s_CM                     : 0.0021061
	s_Bot_Xtr                : 0.000641557
	s_Top_Xtr                : 0.000539361
	s_lower_bl_H_0           : 7.31259e-05
	s_upper_bl_H_0           : 6.8422e-05
	s_lower_bl_H_1           : 6.49395e-05
	s_upper_bl_H_1           : 6.48483e-05
Epoch: 372 | Train Loss: 0.0483098 | Test Loss: 0.0754026 | analysis_confidence: 0.01202 | CL: 0.025727 | ln_CD: 0.0728157 | CM: 0.00523857 | Top_Xtr: 0.0307874 | Bot_Xtr: 0.0341115
Loss contributors: 
	s_analysis_confidence    : 0.056895
	s_ln_CD                  : 0.00736079
	s_CL                     : 0.00352618
	s_CM                     : 0.00210605
	s_Bot_Xtr                : 0.000641548
	s_Top_Xtr                : 0.000539355
	s_lower_bl_H_0           : 7.31271e-05
	s_upper_bl_H_0           : 6.84231e-05
	s_lower_bl_H_1           : 6.49419e-05
	s_upper_bl_H_1           : 6.48504e-05
Epoch: 373 | Train Loss: 0.0483099 | Test Loss: 0.0754044 | analysis_confidence: 0.012028 | CL: 0.0257292 | ln_CD: 0.0728148 | CM: 0.00523865 | Top_Xtr: 0.0307844 | Bot_Xtr: 0.0341121
Loss contributors: 
	s_analysis_confidence    : 0.0568963
	s_ln_CD                  : 0.00736106
	s_CL                     : 0.00352636
	s_CM                     : 0.00210607
	s_Bot_Xtr                : 0.000641603
	s_Top_Xtr                : 0.000539339
	s_lower_bl_H_0           : 7.31264e-05
	s_upper_bl_H_0           : 6.84227e-05
	s_lower_bl_H_1           : 6.49416e-05
	s_upper_bl_H_1           : 6.48488e-05
Epoch: 374 | Train Loss: 0.04831 | Test Loss: 0.0753976 | analysis_confidence: 0.0120084 | CL: 0.0257282 | ln_CD: 0.0728122 | CM: 0.00523866 | Top_Xtr: 0.0307871 | Bot_Xtr: 0.0341112
Loss contributors: 
	s_analysis_confidence    : 0.0568891
	s_ln_CD                  : 0.00736152
	s_CL                     : 0.00352629
	s_CM                     : 0.00210607
	s_Bot_Xtr                : 0.000641586
	s_Top_Xtr                : 0.000539348
	s_lower_bl_H_0           : 7.31269e-05
	s_upper_bl_H_0           : 6.84232e-05
	s_lower_bl_H_1           : 6.49417e-05
	s_upper_bl_H_1           : 6.48511e-05
Epoch: 375 | Train Loss: 0.0483099 | Test Loss: 0.0754041 | analysis_confidence: 0.0120204 | CL: 0.0257275 | ln_CD: 0.0728056 | CM: 0.00523862 | Top_Xtr: 0.030787 | Bot_Xtr: 0.0341121
Loss contributors: 
	s_analysis_confidence    : 0.0568965
	s_ln_CD                  : 0.00736075
	s_CL                     : 0.00352621
	s_CM                     : 0.00210606
	s_Bot_Xtr                : 0.000641596
	s_Top_Xtr                : 0.000539345
	s_lower_bl_H_0           : 7.31252e-05
	s_upper_bl_H_0           : 6.84225e-05
	s_lower_bl_H_1           : 6.494e-05
	s_upper_bl_H_1           : 6.48491e-05
Epoch: 376 | Train Loss: 0.0483094 | Test Loss: 0.0754005 | analysis_confidence: 0.0119884 | CL: 0.0257299 | ln_CD: 0.0728023 | CM: 0.0052387 | Top_Xtr: 0.0307864 | Bot_Xtr: 0.0341138
Loss contributors: 
	s_analysis_confidence    : 0.0568921
	s_ln_CD                  : 0.00736114
	s_CL                     : 0.00352645
	s_CM                     : 0.00210608
	s_Bot_Xtr                : 0.000641618
	s_Top_Xtr                : 0.000539336
	s_lower_bl_H_0           : 7.31262e-05
	s_upper_bl_H_0           : 6.84238e-05
	s_lower_bl_H_1           : 6.49418e-05
	s_upper_bl_H_1           : 6.48508e-05
Epoch: 377 | Train Loss: 0.0483109 | Test Loss: 0.0754013 | analysis_confidence: 0.0119914 | CL: 0.0257282 | ln_CD: 0.0728176 | CM: 0.00523871 | Top_Xtr: 0.030785 | Bot_Xtr: 0.0341117
Loss contributors: 
	s_analysis_confidence    : 0.0568931
	s_ln_CD                  : 0.00736128
	s_CL                     : 0.00352626
	s_CM                     : 0.00210608
	s_Bot_Xtr                : 0.000641586
	s_Top_Xtr                : 0.000539332
	s_lower_bl_H_0           : 7.3127e-05
	s_upper_bl_H_0           : 6.84248e-05
	s_lower_bl_H_1           : 6.49412e-05
	s_upper_bl_H_1           : 6.48491e-05
Epoch: 378 | Train Loss: 0.0483109 | Test Loss: 0.0754046 | analysis_confidence: 0.0120033 | CL: 0.0257299 | ln_CD: 0.0728106 | CM: 0.00523858 | Top_Xtr: 0.0307846 | Bot_Xtr: 0.0341117
Loss contributors: 
	s_analysis_confidence    : 0.0568963
	s_ln_CD                  : 0.00736121
	s_CL                     : 0.00352642
	s_CM                     : 0.00210607
	s_Bot_Xtr                : 0.000641591
	s_Top_Xtr                : 0.000539354
	s_lower_bl_H_0           : 7.31252e-05
	s_upper_bl_H_0           : 6.84217e-05
	s_lower_bl_H_1           : 6.49395e-05
	s_upper_bl_H_1           : 6.48464e-05
Epoch: 379 | Train Loss: 0.0483107 | Test Loss: 0.0754039 | analysis_confidence: 0.012017 | CL: 0.0257337 | ln_CD: 0.0728021 | CM: 0.00523893 | Top_Xtr: 0.0307847 | Bot_Xtr: 0.0341122
Loss contributors: 
	s_analysis_confidence    : 0.0568961
	s_ln_CD                  : 0.00736018
	s_CL                     : 0.00352681
	s_CM                     : 0.0021062
	s_Bot_Xtr                : 0.000641631
	s_Top_Xtr                : 0.000539366
	s_lower_bl_H_0           : 7.31257e-05
	s_upper_bl_H_0           : 6.84201e-05
	s_lower_bl_H_1           : 6.49408e-05
	s_upper_bl_H_1           : 6.48454e-05
Epoch: 380 | Train Loss: 0.0483108 | Test Loss: 0.0754032 | analysis_confidence: 0.0119984 | CL: 0.0257328 | ln_CD: 0.0728086 | CM: 0.00523898 | Top_Xtr: 0.0307887 | Bot_Xtr: 0.0341138
Loss contributors: 
	s_analysis_confidence    : 0.0568947
	s_ln_CD                  : 0.00736097
	s_CL                     : 0.00352674
	s_CM                     : 0.00210621
	s_Bot_Xtr                : 0.000641601
	s_Top_Xtr                : 0.000539344
	s_lower_bl_H_0           : 7.3126e-05
	s_upper_bl_H_0           : 6.84213e-05
	s_lower_bl_H_1           : 6.49408e-05
	s_upper_bl_H_1           : 6.4846e-05
Epoch: 381 | Train Loss: 0.0483109 | Test Loss: 0.0753997 | analysis_confidence: 0.012003 | CL: 0.0257316 | ln_CD: 0.0728062 | CM: 0.00523883 | Top_Xtr: 0.0307876 | Bot_Xtr: 0.0341125
Loss contributors: 
	s_analysis_confidence    : 0.0568918
	s_ln_CD                  : 0.00736055
	s_CL                     : 0.0035266
	s_CM                     : 0.00210613
	s_Bot_Xtr                : 0.0006416
	s_Top_Xtr                : 0.000539341
	s_lower_bl_H_0           : 7.31271e-05
	s_upper_bl_H_0           : 6.84249e-05
	s_lower_bl_H_1           : 6.49411e-05
	s_upper_bl_H_1           : 6.48484e-05
Epoch: 382 | Train Loss: 0.0483138 | Test Loss: 0.0754017 | analysis_confidence: 0.012028 | CL: 0.0257306 | ln_CD: 0.0728115 | CM: 0.00523874 | Top_Xtr: 0.0307865 | Bot_Xtr: 0.034111
Loss contributors: 
	s_analysis_confidence    : 0.0568932
	s_ln_CD                  : 0.00736125
	s_CL                     : 0.0035265
	s_CM                     : 0.0021061
	s_Bot_Xtr                : 0.000641577
	s_Top_Xtr                : 0.00053934
	s_lower_bl_H_0           : 7.31251e-05
	s_upper_bl_H_0           : 6.84242e-05
	s_lower_bl_H_1           : 6.49409e-05
	s_upper_bl_H_1           : 6.48488e-05
Epoch: 383 | Train Loss: 0.0483114 | Test Loss: 0.0754054 | analysis_confidence: 0.0120284 | CL: 0.0257286 | ln_CD: 0.0728129 | CM: 0.00523865 | Top_Xtr: 0.0307833 | Bot_Xtr: 0.0341133
Loss contributors: 
	s_analysis_confidence    : 0.0568968
	s_ln_CD                  : 0.00736158
	s_CL                     : 0.00352633
	s_CM                     : 0.00210607
	s_Bot_Xtr                : 0.000641646
	s_Top_Xtr                : 0.000539332
	s_lower_bl_H_0           : 7.31254e-05
	s_upper_bl_H_0           : 6.84235e-05
	s_lower_bl_H_1           : 6.49401e-05
	s_upper_bl_H_1           : 6.48471e-05
Epoch: 384 | Train Loss: 0.0483121 | Test Loss: 0.0754011 | analysis_confidence: 0.0120378 | CL: 0.0257294 | ln_CD: 0.0728093 | CM: 0.00523874 | Top_Xtr: 0.0307822 | Bot_Xtr: 0.0341114
Loss contributors: 
	s_analysis_confidence    : 0.0568925
	s_ln_CD                  : 0.00736137
	s_CL                     : 0.00352643
	s_CM                     : 0.0021061
	s_Bot_Xtr                : 0.000641594
	s_Top_Xtr                : 0.00053934
	s_lower_bl_H_0           : 7.31266e-05
	s_upper_bl_H_0           : 6.84238e-05
	s_lower_bl_H_1           : 6.49419e-05
	s_upper_bl_H_1           : 6.48477e-05
Epoch: 385 | Train Loss: 0.048312 | Test Loss: 0.0754017 | analysis_confidence: 0.0120485 | CL: 0.0257294 | ln_CD: 0.07281 | CM: 0.00523867 | Top_Xtr: 0.0307853 | Bot_Xtr: 0.0341111
Loss contributors: 
	s_analysis_confidence    : 0.0568934
	s_ln_CD                  : 0.00736114
	s_CL                     : 0.0035264
	s_CM                     : 0.00210606
	s_Bot_Xtr                : 0.0006416
	s_Top_Xtr                : 0.000539337
	s_lower_bl_H_0           : 7.31282e-05
	s_upper_bl_H_0           : 6.84257e-05
	s_lower_bl_H_1           : 6.49437e-05
	s_upper_bl_H_1           : 6.48496e-05
Epoch: 386 | Train Loss: 0.048311 | Test Loss: 0.0754071 | analysis_confidence: 0.0120441 | CL: 0.0257295 | ln_CD: 0.0728106 | CM: 0.00523867 | Top_Xtr: 0.0307863 | Bot_Xtr: 0.0341129
Loss contributors: 
	s_analysis_confidence    : 0.0568989
	s_ln_CD                  : 0.00736112
	s_CL                     : 0.00352644
	s_CM                     : 0.00210608
	s_Bot_Xtr                : 0.000641606
	s_Top_Xtr                : 0.000539311
	s_lower_bl_H_0           : 7.31265e-05
	s_upper_bl_H_0           : 6.84236e-05
	s_lower_bl_H_1           : 6.49417e-05
	s_upper_bl_H_1           : 6.4847e-05
Epoch: 387 | Train Loss: 0.0483113 | Test Loss: 0.0753982 | analysis_confidence: 0.0119852 | CL: 0.0257308 | ln_CD: 0.0728029 | CM: 0.00523858 | Top_Xtr: 0.0307865 | Bot_Xtr: 0.0341121
Loss contributors: 
	s_analysis_confidence    : 0.0568898
	s_ln_CD                  : 0.00736134
	s_CL                     : 0.00352652
	s_CM                     : 0.00210606
	s_Bot_Xtr                : 0.000641581
	s_Top_Xtr                : 0.000539319
	s_lower_bl_H_0           : 7.31255e-05
	s_upper_bl_H_0           : 6.84224e-05
	s_lower_bl_H_1           : 6.49392e-05
	s_upper_bl_H_1           : 6.48453e-05
Epoch: 388 | Train Loss: 0.0483115 | Test Loss: 0.0753993 | analysis_confidence: 0.0120037 | CL: 0.0257301 | ln_CD: 0.0728071 | CM: 0.00523864 | Top_Xtr: 0.0307859 | Bot_Xtr: 0.034111
Loss contributors: 
	s_analysis_confidence    : 0.0568912
	s_ln_CD                  : 0.00736109
	s_CL                     : 0.00352644
	s_CM                     : 0.00210607
	s_Bot_Xtr                : 0.000641573
	s_Top_Xtr                : 0.000539337
	s_lower_bl_H_0           : 7.3126e-05
	s_upper_bl_H_0           : 6.84224e-05
	s_lower_bl_H_1           : 6.49385e-05
	s_upper_bl_H_1           : 6.4848e-05
Epoch: 389 | Train Loss: 0.0483126 | Test Loss: 0.0754033 | analysis_confidence: 0.0120327 | CL: 0.0257272 | ln_CD: 0.0728123 | CM: 0.00523857 | Top_Xtr: 0.0307901 | Bot_Xtr: 0.0341155
Loss contributors: 
	s_analysis_confidence    : 0.0568942
	s_ln_CD                  : 0.00736228
	s_CL                     : 0.00352617
	s_CM                     : 0.00210603
	s_Bot_Xtr                : 0.000641582
	s_Top_Xtr                : 0.000539312
	s_lower_bl_H_0           : 7.31261e-05
	s_upper_bl_H_0           : 6.84239e-05
	s_lower_bl_H_1           : 6.49422e-05
	s_upper_bl_H_1           : 6.48502e-05
Epoch: 390 | Train Loss: 0.0483123 | Test Loss: 0.0754028 | analysis_confidence: 0.0120312 | CL: 0.0257307 | ln_CD: 0.0728109 | CM: 0.00523877 | Top_Xtr: 0.0307888 | Bot_Xtr: 0.0341136
Loss contributors: 
	s_analysis_confidence    : 0.0568938
	s_ln_CD                  : 0.0073617
	s_CL                     : 0.00352651
	s_CM                     : 0.00210612
	s_Bot_Xtr                : 0.000641596
	s_Top_Xtr                : 0.000539322
	s_lower_bl_H_0           : 7.31269e-05
	s_upper_bl_H_0           : 6.84248e-05
	s_lower_bl_H_1           : 6.49405e-05
	s_upper_bl_H_1           : 6.48488e-05
Epoch: 391 | Train Loss: 0.0483125 | Test Loss: 0.0754057 | analysis_confidence: 0.0120503 | CL: 0.0257331 | ln_CD: 0.0728126 | CM: 0.00523881 | Top_Xtr: 0.0307886 | Bot_Xtr: 0.0341126
Loss contributors: 
	s_analysis_confidence    : 0.0568975
	s_ln_CD                  : 0.00736078
	s_CL                     : 0.00352674
	s_CM                     : 0.00210615
	s_Bot_Xtr                : 0.000641576
	s_Top_Xtr                : 0.000539352
	s_lower_bl_H_0           : 7.31265e-05
	s_upper_bl_H_0           : 6.84229e-05
	s_lower_bl_H_1           : 6.49392e-05
	s_upper_bl_H_1           : 6.48457e-05
Epoch: 392 | Train Loss: 0.0483113 | Test Loss: 0.0754048 | analysis_confidence: 0.0119998 | CL: 0.0257312 | ln_CD: 0.0728204 | CM: 0.0052389 | Top_Xtr: 0.0307842 | Bot_Xtr: 0.0341129
Loss contributors: 
	s_analysis_confidence    : 0.0568955
	s_ln_CD                  : 0.00736189
	s_CL                     : 0.00352662
	s_CM                     : 0.00210618
	s_Bot_Xtr                : 0.000641635
	s_Top_Xtr                : 0.000539323
	s_lower_bl_H_0           : 7.31267e-05
	s_upper_bl_H_0           : 6.84241e-05
	s_lower_bl_H_1           : 6.49387e-05
	s_upper_bl_H_1           : 6.48463e-05
Epoch: 393 | Train Loss: 0.048312 | Test Loss: 0.0754068 | analysis_confidence: 0.0120064 | CL: 0.0257333 | ln_CD: 0.072808 | CM: 0.00523898 | Top_Xtr: 0.0307816 | Bot_Xtr: 0.0341109
Loss contributors: 
	s_analysis_confidence    : 0.0568985
	s_ln_CD                  : 0.00736082
	s_CL                     : 0.00352674
	s_CM                     : 0.0021062
	s_Bot_Xtr                : 0.000641634
	s_Top_Xtr                : 0.000539342
	s_lower_bl_H_0           : 7.31259e-05
	s_upper_bl_H_0           : 6.84222e-05
	s_lower_bl_H_1           : 6.4938e-05
	s_upper_bl_H_1           : 6.48438e-05
Epoch: 394 | Train Loss: 0.0483142 | Test Loss: 0.0753971 | analysis_confidence: 0.0119795 | CL: 0.0257306 | ln_CD: 0.0728073 | CM: 0.0052389 | Top_Xtr: 0.0307879 | Bot_Xtr: 0.0341144
Loss contributors: 
	s_analysis_confidence    : 0.0568889
	s_ln_CD                  : 0.00736097
	s_CL                     : 0.00352651
	s_CM                     : 0.00210614
	s_Bot_Xtr                : 0.000641579
	s_Top_Xtr                : 0.000539314
	s_lower_bl_H_0           : 7.31288e-05
	s_upper_bl_H_0           : 6.84244e-05
	s_lower_bl_H_1           : 6.49413e-05
	s_upper_bl_H_1           : 6.48488e-05
Epoch: 395 | Train Loss: 0.0483122 | Test Loss: 0.0753999 | analysis_confidence: 0.0120039 | CL: 0.0257295 | ln_CD: 0.0728086 | CM: 0.00523876 | Top_Xtr: 0.0307837 | Bot_Xtr: 0.0341113
Loss contributors: 
	s_analysis_confidence    : 0.0568917
	s_ln_CD                  : 0.00736101
	s_CL                     : 0.00352641
	s_CM                     : 0.0021061
	s_Bot_Xtr                : 0.000641627
	s_Top_Xtr                : 0.000539327
	s_lower_bl_H_0           : 7.31267e-05
	s_upper_bl_H_0           : 6.84232e-05
	s_lower_bl_H_1           : 6.49398e-05
	s_upper_bl_H_1           : 6.48479e-05
Epoch: 396 | Train Loss: 0.0483132 | Test Loss: 0.0754046 | analysis_confidence: 0.0119936 | CL: 0.0257344 | ln_CD: 0.0728014 | CM: 0.00523897 | Top_Xtr: 0.0307865 | Bot_Xtr: 0.0341107
Loss contributors: 
	s_analysis_confidence    : 0.0568965
	s_ln_CD                  : 0.00736058
	s_CL                     : 0.00352687
	s_CM                     : 0.00210621
	s_Bot_Xtr                : 0.000641588
	s_Top_Xtr                : 0.000539327
	s_lower_bl_H_0           : 7.31256e-05
	s_upper_bl_H_0           : 6.84211e-05
	s_lower_bl_H_1           : 6.49381e-05
	s_upper_bl_H_1           : 6.48425e-05
Epoch: 397 | Train Loss: 0.0483115 | Test Loss: 0.0754057 | analysis_confidence: 0.0120151 | CL: 0.0257308 | ln_CD: 0.0728179 | CM: 0.00523877 | Top_Xtr: 0.030788 | Bot_Xtr: 0.0341129
Loss contributors: 
	s_analysis_confidence    : 0.0568971
	s_ln_CD                  : 0.00736132
	s_CL                     : 0.00352653
	s_CM                     : 0.0021061
	s_Bot_Xtr                : 0.000641627
	s_Top_Xtr                : 0.000539313
	s_lower_bl_H_0           : 7.31283e-05
	s_upper_bl_H_0           : 6.84251e-05
	s_lower_bl_H_1           : 6.49439e-05
	s_upper_bl_H_1           : 6.48481e-05
Epoch: 398 | Train Loss: 0.0483127 | Test Loss: 0.0753988 | analysis_confidence: 0.0120088 | CL: 0.0257322 | ln_CD: 0.0728159 | CM: 0.00523888 | Top_Xtr: 0.0307878 | Bot_Xtr: 0.0341136
Loss contributors: 
	s_analysis_confidence    : 0.0568905
	s_ln_CD                  : 0.00736097
	s_CL                     : 0.00352661
	s_CM                     : 0.00210613
	s_Bot_Xtr                : 0.000641604
	s_Top_Xtr                : 0.000539313
	s_lower_bl_H_0           : 7.31283e-05
	s_upper_bl_H_0           : 6.84252e-05
	s_lower_bl_H_1           : 6.49409e-05
	s_upper_bl_H_1           : 6.48467e-05
Epoch: 399 | Train Loss: 0.0483121 | Test Loss: 0.0754058 | analysis_confidence: 0.0120118 | CL: 0.0257283 | ln_CD: 0.0728013 | CM: 0.00523865 | Top_Xtr: 0.0307837 | Bot_Xtr: 0.03411
Loss contributors: 
	s_analysis_confidence    : 0.0568978
	s_ln_CD                  : 0.00736125
	s_CL                     : 0.0035262
	s_CM                     : 0.00210603
	s_Bot_Xtr                : 0.000641601
	s_Top_Xtr                : 0.000539303
	s_lower_bl_H_0           : 7.31264e-05
	s_upper_bl_H_0           : 6.84233e-05
	s_lower_bl_H_1           : 6.49391e-05
	s_upper_bl_H_1           : 6.48476e-05
Epoch: 400 | Train Loss: 0.0483123 | Test Loss: 0.0754009 | analysis_confidence: 0.0120296 | CL: 0.0257282 | ln_CD: 0.0728266 | CM: 0.00523885 | Top_Xtr: 0.0307871 | Bot_Xtr: 0.0341145
Loss contributors: 
	s_analysis_confidence    : 0.0568913
	s_ln_CD                  : 0.00736238
	s_CL                     : 0.00352623
	s_CM                     : 0.0021061
	s_Bot_Xtr                : 0.000641663
	s_Top_Xtr                : 0.000539297
	s_lower_bl_H_0           : 7.31299e-05
	s_upper_bl_H_0           : 6.8427e-05
	s_lower_bl_H_1           : 6.49432e-05
	s_upper_bl_H_1           : 6.48518e-05
Epoch: 401 | Train Loss: 0.0483127 | Test Loss: 0.0754009 | analysis_confidence: 0.0120426 | CL: 0.025728 | ln_CD: 0.0728107 | CM: 0.00523882 | Top_Xtr: 0.0307849 | Bot_Xtr: 0.0341121
Loss contributors: 
	s_analysis_confidence    : 0.0568922
	s_ln_CD                  : 0.00736161
	s_CL                     : 0.00352622
	s_CM                     : 0.0021061
	s_Bot_Xtr                : 0.000641599
	s_Top_Xtr                : 0.000539309
	s_lower_bl_H_0           : 7.31295e-05
	s_upper_bl_H_0           : 6.8426e-05
	s_lower_bl_H_1           : 6.49431e-05
	s_upper_bl_H_1           : 6.48523e-05
Epoch: 402 | Train Loss: 0.048312 | Test Loss: 0.0753923 | analysis_confidence: 0.0119827 | CL: 0.0257317 | ln_CD: 0.0728113 | CM: 0.00523907 | Top_Xtr: 0.0307858 | Bot_Xtr: 0.0341121
Loss contributors: 
	s_analysis_confidence    : 0.0568833
	s_ln_CD                  : 0.00736159
	s_CL                     : 0.00352657
	s_CM                     : 0.0021062
	s_Bot_Xtr                : 0.000641591
	s_Top_Xtr                : 0.000539319
	s_lower_bl_H_0           : 7.3129e-05
	s_upper_bl_H_0           : 6.84229e-05
	s_lower_bl_H_1           : 6.49406e-05
	s_upper_bl_H_1           : 6.48473e-05
Epoch: 403 | Train Loss: 0.0483128 | Test Loss: 0.0753997 | analysis_confidence: 0.0119903 | CL: 0.0257298 | ln_CD: 0.0728186 | CM: 0.00523892 | Top_Xtr: 0.0307866 | Bot_Xtr: 0.0341131
Loss contributors: 
	s_analysis_confidence    : 0.0568907
	s_ln_CD                  : 0.00736172
	s_CL                     : 0.00352642
	s_CM                     : 0.00210614
	s_Bot_Xtr                : 0.00064164
	s_Top_Xtr                : 0.000539316
	s_lower_bl_H_0           : 7.3129e-05
	s_upper_bl_H_0           : 6.84252e-05
	s_lower_bl_H_1           : 6.49419e-05
	s_upper_bl_H_1           : 6.48504e-05
Epoch: 404 | Train Loss: 0.0483136 | Test Loss: 0.0754118 | analysis_confidence: 0.0120391 | CL: 0.0257312 | ln_CD: 0.0728186 | CM: 0.00523896 | Top_Xtr: 0.0307851 | Bot_Xtr: 0.0341116
Loss contributors: 
	s_analysis_confidence    : 0.0569031
	s_ln_CD                  : 0.00736129
	s_CL                     : 0.00352657
	s_CM                     : 0.00210617
	s_Bot_Xtr                : 0.000641594
	s_Top_Xtr                : 0.000539307
	s_lower_bl_H_0           : 7.31267e-05
	s_upper_bl_H_0           : 6.84241e-05
	s_lower_bl_H_1           : 6.49403e-05
	s_upper_bl_H_1           : 6.48477e-05
Epoch: 405 | Train Loss: 0.0483129 | Test Loss: 0.0754074 | analysis_confidence: 0.0120405 | CL: 0.0257279 | ln_CD: 0.0728089 | CM: 0.00523874 | Top_Xtr: 0.0307842 | Bot_Xtr: 0.0341145
Loss contributors: 
	s_analysis_confidence    : 0.0568987
	s_ln_CD                  : 0.00736178
	s_CL                     : 0.00352627
	s_CM                     : 0.00210608
	s_Bot_Xtr                : 0.000641579
	s_Top_Xtr                : 0.000539306
	s_lower_bl_H_0           : 7.31278e-05
	s_upper_bl_H_0           : 6.84261e-05
	s_lower_bl_H_1           : 6.49396e-05
	s_upper_bl_H_1           : 6.48493e-05
Epoch: 406 | Train Loss: 0.0483129 | Test Loss: 0.0753962 | analysis_confidence: 0.0120017 | CL: 0.0257289 | ln_CD: 0.0728088 | CM: 0.00523888 | Top_Xtr: 0.0307841 | Bot_Xtr: 0.0341099
Loss contributors: 
	s_analysis_confidence    : 0.0568876
	s_ln_CD                  : 0.00736144
	s_CL                     : 0.00352632
	s_CM                     : 0.00210611
	s_Bot_Xtr                : 0.000641594
	s_Top_Xtr                : 0.000539321
	s_lower_bl_H_0           : 7.31283e-05
	s_upper_bl_H_0           : 6.84272e-05
	s_lower_bl_H_1           : 6.49407e-05
	s_upper_bl_H_1           : 6.48514e-05
Epoch: 407 | Train Loss: 0.0483129 | Test Loss: 0.0754026 | analysis_confidence: 0.011992 | CL: 0.0257309 | ln_CD: 0.0728279 | CM: 0.00523897 | Top_Xtr: 0.0307877 | Bot_Xtr: 0.0341138
Loss contributors: 
	s_analysis_confidence    : 0.0568932
	s_ln_CD                  : 0.00736216
	s_CL                     : 0.00352652
	s_CM                     : 0.00210615
	s_Bot_Xtr                : 0.000641573
	s_Top_Xtr                : 0.000539307
	s_lower_bl_H_0           : 7.31279e-05
	s_upper_bl_H_0           : 6.8426e-05
	s_lower_bl_H_1           : 6.49404e-05
	s_upper_bl_H_1           : 6.4849e-05
Epoch: 408 | Train Loss: 0.0483137 | Test Loss: 0.0754051 | analysis_confidence: 0.0120171 | CL: 0.025731 | ln_CD: 0.0728091 | CM: 0.00523898 | Top_Xtr: 0.0307833 | Bot_Xtr: 0.0341124
Loss contributors: 
	s_analysis_confidence    : 0.0568966
	s_ln_CD                  : 0.00736125
	s_CL                     : 0.00352652
	s_CM                     : 0.00210617
	s_Bot_Xtr                : 0.000641576
	s_Top_Xtr                : 0.000539309
	s_lower_bl_H_0           : 7.31276e-05
	s_upper_bl_H_0           : 6.84246e-05
	s_lower_bl_H_1           : 6.49401e-05
	s_upper_bl_H_1           : 6.48466e-05
Epoch: 409 | Train Loss: 0.0483124 | Test Loss: 0.0754053 | analysis_confidence: 0.0120458 | CL: 0.0257276 | ln_CD: 0.0728172 | CM: 0.0052387 | Top_Xtr: 0.0307841 | Bot_Xtr: 0.034111
Loss contributors: 
	s_analysis_confidence    : 0.056897
	s_ln_CD                  : 0.00736153
	s_CL                     : 0.00352619
	s_CM                     : 0.00210604
	s_Bot_Xtr                : 0.000641545
	s_Top_Xtr                : 0.000539307
	s_lower_bl_H_0           : 7.31289e-05
	s_upper_bl_H_0           : 6.84261e-05
	s_lower_bl_H_1           : 6.49408e-05
	s_upper_bl_H_1           : 6.48494e-05
Epoch: 410 | Train Loss: 0.0483133 | Test Loss: 0.0754045 | analysis_confidence: 0.0120213 | CL: 0.0257297 | ln_CD: 0.0728256 | CM: 0.00523892 | Top_Xtr: 0.0307835 | Bot_Xtr: 0.0341109
Loss contributors: 
	s_analysis_confidence    : 0.056896
	s_ln_CD                  : 0.00736142
	s_CL                     : 0.0035264
	s_CM                     : 0.00210611
	s_Bot_Xtr                : 0.000641595
	s_Top_Xtr                : 0.00053931
	s_lower_bl_H_0           : 7.31295e-05
	s_upper_bl_H_0           : 6.84273e-05
	s_lower_bl_H_1           : 6.49437e-05
	s_upper_bl_H_1           : 6.48491e-05
Epoch: 411 | Train Loss: 0.0483129 | Test Loss: 0.0754031 | analysis_confidence: 0.0120057 | CL: 0.0257286 | ln_CD: 0.0727954 | CM: 0.00523871 | Top_Xtr: 0.0307833 | Bot_Xtr: 0.0341135
Loss contributors: 
	s_analysis_confidence    : 0.0568953
	s_ln_CD                  : 0.00736088
	s_CL                     : 0.00352631
	s_CM                     : 0.00210606
	s_Bot_Xtr                : 0.00064161
	s_Top_Xtr                : 0.00053929
	s_lower_bl_H_0           : 7.31269e-05
	s_upper_bl_H_0           : 6.84238e-05
	s_lower_bl_H_1           : 6.49399e-05
	s_upper_bl_H_1           : 6.48444e-05
Epoch: 412 | Train Loss: 0.0483131 | Test Loss: 0.0754064 | analysis_confidence: 0.0120074 | CL: 0.0257329 | ln_CD: 0.0728216 | CM: 0.00523916 | Top_Xtr: 0.0307833 | Bot_Xtr: 0.0341113
Loss contributors: 
	s_analysis_confidence    : 0.0568975
	s_ln_CD                  : 0.00736154
	s_CL                     : 0.0035267
	s_CM                     : 0.00210621
	s_Bot_Xtr                : 0.000641577
	s_Top_Xtr                : 0.000539289
	s_lower_bl_H_0           : 7.31286e-05
	s_upper_bl_H_0           : 6.84264e-05
	s_lower_bl_H_1           : 6.49411e-05
	s_upper_bl_H_1           : 6.48462e-05
Epoch: 413 | Train Loss: 0.0483144 | Test Loss: 0.0754072 | analysis_confidence: 0.0120506 | CL: 0.0257322 | ln_CD: 0.0728158 | CM: 0.00523889 | Top_Xtr: 0.0307808 | Bot_Xtr: 0.034109
Loss contributors: 
	s_analysis_confidence    : 0.0568979
	s_ln_CD                  : 0.00736183
	s_CL                     : 0.00352663
	s_CM                     : 0.00210612
	s_Bot_Xtr                : 0.000641608
	s_Top_Xtr                : 0.000539317
	s_lower_bl_H_0           : 7.31282e-05
	s_upper_bl_H_0           : 6.8425e-05
	s_lower_bl_H_1           : 6.49408e-05
	s_upper_bl_H_1           : 6.48484e-05
Epoch: 414 | Train Loss: 0.0483142 | Test Loss: 0.0753948 | analysis_confidence: 0.0120132 | CL: 0.0257298 | ln_CD: 0.0728157 | CM: 0.00523881 | Top_Xtr: 0.0307813 | Bot_Xtr: 0.0341087
Loss contributors: 
	s_analysis_confidence    : 0.0568864
	s_ln_CD                  : 0.00736136
	s_CL                     : 0.00352638
	s_CM                     : 0.00210609
	s_Bot_Xtr                : 0.000641589
	s_Top_Xtr                : 0.000539296
	s_lower_bl_H_0           : 7.31297e-05
	s_upper_bl_H_0           : 6.84261e-05
	s_lower_bl_H_1           : 6.49405e-05
	s_upper_bl_H_1           : 6.48477e-05
Epoch: 415 | Train Loss: 0.0483158 | Test Loss: 0.0754095 | analysis_confidence: 0.0120532 | CL: 0.0257309 | ln_CD: 0.0728215 | CM: 0.00523885 | Top_Xtr: 0.0307835 | Bot_Xtr: 0.0341115
Loss contributors: 
	s_analysis_confidence    : 0.0569008
	s_ln_CD                  : 0.00736152
	s_CL                     : 0.0035265
	s_CM                     : 0.0021061
	s_Bot_Xtr                : 0.00064161
	s_Top_Xtr                : 0.000539286
	s_lower_bl_H_0           : 7.31295e-05
	s_upper_bl_H_0           : 6.84274e-05
	s_lower_bl_H_1           : 6.494e-05
	s_upper_bl_H_1           : 6.48497e-05
Epoch: 416 | Train Loss: 0.0483137 | Test Loss: 0.075399 | analysis_confidence: 0.0119948 | CL: 0.0257341 | ln_CD: 0.0728116 | CM: 0.0052391 | Top_Xtr: 0.0307841 | Bot_Xtr: 0.0341113
Loss contributors: 
	s_analysis_confidence    : 0.0568903
	s_ln_CD                  : 0.00736107
	s_CL                     : 0.00352686
	s_CM                     : 0.00210623
	s_Bot_Xtr                : 0.000641586
	s_Top_Xtr                : 0.000539294
	s_lower_bl_H_0           : 7.31287e-05
	s_upper_bl_H_0           : 6.84255e-05
	s_lower_bl_H_1           : 6.49394e-05
	s_upper_bl_H_1           : 6.48467e-05
Epoch: 417 | Train Loss: 0.0483162 | Test Loss: 0.0754 | analysis_confidence: 0.0120368 | CL: 0.0257346 | ln_CD: 0.0728006 | CM: 0.005239 | Top_Xtr: 0.0307874 | Bot_Xtr: 0.0341114
Loss contributors: 
	s_analysis_confidence    : 0.0568919
	s_ln_CD                  : 0.00736067
	s_CL                     : 0.00352687
	s_CM                     : 0.0021062
	s_Bot_Xtr                : 0.000641531
	s_Top_Xtr                : 0.000539307
	s_lower_bl_H_0           : 7.31273e-05
	s_upper_bl_H_0           : 6.84236e-05
	s_lower_bl_H_1           : 6.4938e-05
	s_upper_bl_H_1           : 6.48446e-05
Epoch: 418 | Train Loss: 0.048315 | Test Loss: 0.0754084 | analysis_confidence: 0.0120378 | CL: 0.0257345 | ln_CD: 0.0728219 | CM: 0.00523911 | Top_Xtr: 0.0307862 | Bot_Xtr: 0.0341096
Loss contributors: 
	s_analysis_confidence    : 0.0568998
	s_ln_CD                  : 0.00736101
	s_CL                     : 0.00352685
	s_CM                     : 0.00210622
	s_Bot_Xtr                : 0.000641525
	s_Top_Xtr                : 0.000539304
	s_lower_bl_H_0           : 7.31292e-05
	s_upper_bl_H_0           : 6.84273e-05
	s_lower_bl_H_1           : 6.49397e-05
	s_upper_bl_H_1           : 6.48474e-05
Epoch: 419 | Train Loss: 0.0483139 | Test Loss: 0.0754069 | analysis_confidence: 0.012023 | CL: 0.0257347 | ln_CD: 0.0728006 | CM: 0.00523903 | Top_Xtr: 0.0307859 | Bot_Xtr: 0.034108
Loss contributors: 
	s_analysis_confidence    : 0.0568988
	s_ln_CD                  : 0.00736067
	s_CL                     : 0.00352686
	s_CM                     : 0.00210621
	s_Bot_Xtr                : 0.000641534
	s_Top_Xtr                : 0.00053931
	s_lower_bl_H_0           : 7.31273e-05
	s_upper_bl_H_0           : 6.84238e-05
	s_lower_bl_H_1           : 6.4938e-05
	s_upper_bl_H_1           : 6.48452e-05
Epoch: 420 | Train Loss: 0.0483142 | Test Loss: 0.0754026 | analysis_confidence: 0.0119891 | CL: 0.0257305 | ln_CD: 0.0728322 | CM: 0.00523903 | Top_Xtr: 0.0307835 | Bot_Xtr: 0.03411
Loss contributors: 
	s_analysis_confidence    : 0.0568935
	s_ln_CD                  : 0.00736189
	s_CL                     : 0.00352649
	s_CM                     : 0.00210617
	s_Bot_Xtr                : 0.000641605
	s_Top_Xtr                : 0.000539304
	s_lower_bl_H_0           : 7.31296e-05
	s_upper_bl_H_0           : 6.84283e-05
	s_lower_bl_H_1           : 6.49394e-05
	s_upper_bl_H_1           : 6.48496e-05
Epoch: 421 | Train Loss: 0.0483148 | Test Loss: 0.0754004 | analysis_confidence: 0.0120235 | CL: 0.0257327 | ln_CD: 0.0728115 | CM: 0.00523915 | Top_Xtr: 0.0307828 | Bot_Xtr: 0.0341096
Loss contributors: 
	s_analysis_confidence    : 0.0568916
	s_ln_CD                  : 0.00736125
	s_CL                     : 0.0035267
	s_CM                     : 0.0021062
	s_Bot_Xtr                : 0.000641573
	s_Top_Xtr                : 0.000539296
	s_lower_bl_H_0           : 7.31302e-05
	s_upper_bl_H_0           : 6.84279e-05
	s_lower_bl_H_1           : 6.49413e-05
	s_upper_bl_H_1           : 6.48492e-05
Epoch: 422 | Train Loss: 0.0483139 | Test Loss: 0.0754071 | analysis_confidence: 0.0120034 | CL: 0.0257335 | ln_CD: 0.0728019 | CM: 0.00523922 | Top_Xtr: 0.0307879 | Bot_Xtr: 0.0341116
Loss contributors: 
	s_analysis_confidence    : 0.0568993
	s_ln_CD                  : 0.00736038
	s_CL                     : 0.00352681
	s_CM                     : 0.00210624
	s_Bot_Xtr                : 0.000641565
	s_Top_Xtr                : 0.00053929
	s_lower_bl_H_0           : 7.31291e-05
	s_upper_bl_H_0           : 6.84247e-05
	s_lower_bl_H_1           : 6.49391e-05
	s_upper_bl_H_1           : 6.48465e-05
Epoch: 423 | Train Loss: 0.0483138 | Test Loss: 0.0754066 | analysis_confidence: 0.0120422 | CL: 0.0257342 | ln_CD: 0.0728013 | CM: 0.00523912 | Top_Xtr: 0.0307806 | Bot_Xtr: 0.0341092
Loss contributors: 
	s_analysis_confidence    : 0.056898
	s_ln_CD                  : 0.00736094
	s_CL                     : 0.00352684
	s_CM                     : 0.00210623
	s_Bot_Xtr                : 0.000641587
	s_Top_Xtr                : 0.000539291
	s_lower_bl_H_0           : 7.3128e-05
	s_upper_bl_H_0           : 6.84251e-05
	s_lower_bl_H_1           : 6.49382e-05
	s_upper_bl_H_1           : 6.48453e-05
Epoch: 424 | Train Loss: 0.0483144 | Test Loss: 0.0754101 | analysis_confidence: 0.0120122 | CL: 0.0257343 | ln_CD: 0.0728046 | CM: 0.00523922 | Top_Xtr: 0.0307813 | Bot_Xtr: 0.034109
Loss contributors: 
	s_analysis_confidence    : 0.0569019
	s_ln_CD                  : 0.00736054
	s_CL                     : 0.00352684
	s_CM                     : 0.00210625
	s_Bot_Xtr                : 0.000641564
	s_Top_Xtr                : 0.00053929
	s_lower_bl_H_0           : 7.31294e-05
	s_upper_bl_H_0           : 6.84259e-05
	s_lower_bl_H_1           : 6.49406e-05
	s_upper_bl_H_1           : 6.4845e-05
Epoch: 425 | Train Loss: 0.0483138 | Test Loss: 0.0754089 | analysis_confidence: 0.0120018 | CL: 0.0257315 | ln_CD: 0.0728098 | CM: 0.00523929 | Top_Xtr: 0.0307794 | Bot_Xtr: 0.0341108
Loss contributors: 
	s_analysis_confidence    : 0.0569004
	s_ln_CD                  : 0.00736113
	s_CL                     : 0.00352658
	s_CM                     : 0.00210625
	s_Bot_Xtr                : 0.000641585
	s_Top_Xtr                : 0.000539275
	s_lower_bl_H_0           : 7.31306e-05
	s_upper_bl_H_0           : 6.84276e-05
	s_lower_bl_H_1           : 6.49413e-05
	s_upper_bl_H_1           : 6.48473e-05
Epoch: 426 | Train Loss: 0.0483142 | Test Loss: 0.0754027 | analysis_confidence: 0.0120172 | CL: 0.0257331 | ln_CD: 0.0728126 | CM: 0.00523926 | Top_Xtr: 0.0307798 | Bot_Xtr: 0.0341108
Loss contributors: 
	s_analysis_confidence    : 0.0568941
	s_ln_CD                  : 0.00736108
	s_CL                     : 0.00352672
	s_CM                     : 0.00210624
	s_Bot_Xtr                : 0.000641611
	s_Top_Xtr                : 0.000539279
	s_lower_bl_H_0           : 7.31296e-05
	s_upper_bl_H_0           : 6.84272e-05
	s_lower_bl_H_1           : 6.49403e-05
	s_upper_bl_H_1           : 6.48476e-05
Epoch: 427 | Train Loss: 0.0483134 | Test Loss: 0.0754045 | analysis_confidence: 0.0119998 | CL: 0.0257339 | ln_CD: 0.0728099 | CM: 0.00523933 | Top_Xtr: 0.0307851 | Bot_Xtr: 0.0341104
Loss contributors: 
	s_analysis_confidence    : 0.0568961
	s_ln_CD                  : 0.00736084
	s_CL                     : 0.00352681
	s_CM                     : 0.00210629
	s_Bot_Xtr                : 0.000641541
	s_Top_Xtr                : 0.000539269
	s_lower_bl_H_0           : 7.31289e-05
	s_upper_bl_H_0           : 6.84261e-05
	s_lower_bl_H_1           : 6.49379e-05
	s_upper_bl_H_1           : 6.48456e-05
Epoch: 428 | Train Loss: 0.0483146 | Test Loss: 0.0754127 | analysis_confidence: 0.0119845 | CL: 0.0257345 | ln_CD: 0.0728121 | CM: 0.00523931 | Top_Xtr: 0.0307854 | Bot_Xtr: 0.0341106
Loss contributors: 
	s_analysis_confidence    : 0.056904
	s_ln_CD                  : 0.00736114
	s_CL                     : 0.00352685
	s_CM                     : 0.00210626
	s_Bot_Xtr                : 0.000641544
	s_Top_Xtr                : 0.000539261
	s_lower_bl_H_0           : 7.31286e-05
	s_upper_bl_H_0           : 6.84256e-05
	s_lower_bl_H_1           : 6.49388e-05
	s_upper_bl_H_1           : 6.48453e-05
Epoch: 429 | Train Loss: 0.0483156 | Test Loss: 0.0754154 | analysis_confidence: 0.0119917 | CL: 0.0257332 | ln_CD: 0.0728082 | CM: 0.00523906 | Top_Xtr: 0.0307849 | Bot_Xtr: 0.0341111
Loss contributors: 
	s_analysis_confidence    : 0.0569069
	s_ln_CD                  : 0.00736117
	s_CL                     : 0.00352671
	s_CM                     : 0.00210618
	s_Bot_Xtr                : 0.000641576
	s_Top_Xtr                : 0.00053927
	s_lower_bl_H_0           : 7.3128e-05
	s_upper_bl_H_0           : 6.84244e-05
	s_lower_bl_H_1           : 6.49387e-05
	s_upper_bl_H_1           : 6.48446e-05
Epoch: 430 | Train Loss: 0.0483151 | Test Loss: 0.0754022 | analysis_confidence: 0.0120014 | CL: 0.0257309 | ln_CD: 0.07282 | CM: 0.00523915 | Top_Xtr: 0.0307814 | Bot_Xtr: 0.0341124
Loss contributors: 
	s_analysis_confidence    : 0.0568933
	s_ln_CD                  : 0.00736171
	s_CL                     : 0.00352653
	s_CM                     : 0.00210619
	s_Bot_Xtr                : 0.00064158
	s_Top_Xtr                : 0.000539261
	s_lower_bl_H_0           : 7.31299e-05
	s_upper_bl_H_0           : 6.84278e-05
	s_lower_bl_H_1           : 6.49417e-05
	s_upper_bl_H_1           : 6.48483e-05
Epoch: 431 | Train Loss: 0.0483149 | Test Loss: 0.0754078 | analysis_confidence: 0.0120106 | CL: 0.0257328 | ln_CD: 0.0728102 | CM: 0.00523916 | Top_Xtr: 0.0307833 | Bot_Xtr: 0.0341107
Loss contributors: 
	s_analysis_confidence    : 0.0569
	s_ln_CD                  : 0.00736055
	s_CL                     : 0.00352668
	s_CM                     : 0.00210622
	s_Bot_Xtr                : 0.000641586
	s_Top_Xtr                : 0.000539301
	s_lower_bl_H_0           : 7.31291e-05
	s_upper_bl_H_0           : 6.84266e-05
	s_lower_bl_H_1           : 6.49376e-05
	s_upper_bl_H_1           : 6.48452e-05
Epoch: 432 | Train Loss: 0.0483155 | Test Loss: 0.0754063 | analysis_confidence: 0.0120533 | CL: 0.0257319 | ln_CD: 0.0728044 | CM: 0.00523901 | Top_Xtr: 0.030783 | Bot_Xtr: 0.0341102
Loss contributors: 
	s_analysis_confidence    : 0.0568976
	s_ln_CD                  : 0.00736136
	s_CL                     : 0.00352663
	s_CM                     : 0.00210616
	s_Bot_Xtr                : 0.000641577
	s_Top_Xtr                : 0.000539292
	s_lower_bl_H_0           : 7.31287e-05
	s_upper_bl_H_0           : 6.84266e-05
	s_lower_bl_H_1           : 6.49377e-05
	s_upper_bl_H_1           : 6.48479e-05
Epoch: 433 | Train Loss: 0.0483145 | Test Loss: 0.0754098 | analysis_confidence: 0.0120328 | CL: 0.025736 | ln_CD: 0.0728087 | CM: 0.00523922 | Top_Xtr: 0.0307795 | Bot_Xtr: 0.0341097
Loss contributors: 
	s_analysis_confidence    : 0.0569008
	s_ln_CD                  : 0.00736121
	s_CL                     : 0.00352706
	s_CM                     : 0.00210625
	s_Bot_Xtr                : 0.000641601
	s_Top_Xtr                : 0.000539315
	s_lower_bl_H_0           : 7.31276e-05
	s_upper_bl_H_0           : 6.84259e-05
	s_lower_bl_H_1           : 6.49376e-05
	s_upper_bl_H_1           : 6.48463e-05
Epoch: 434 | Train Loss: 0.0483151 | Test Loss: 0.0754173 | analysis_confidence: 0.0120425 | CL: 0.0257306 | ln_CD: 0.0728122 | CM: 0.00523891 | Top_Xtr: 0.0307817 | Bot_Xtr: 0.0341091
Loss contributors: 
	s_analysis_confidence    : 0.0569091
	s_ln_CD                  : 0.00736112
	s_CL                     : 0.00352649
	s_CM                     : 0.00210612
	s_Bot_Xtr                : 0.000641591
	s_Top_Xtr                : 0.000539297
	s_lower_bl_H_0           : 7.31286e-05
	s_upper_bl_H_0           : 6.84267e-05
	s_lower_bl_H_1           : 6.49388e-05
	s_upper_bl_H_1           : 6.48463e-05
Epoch: 435 | Train Loss: 0.0483148 | Test Loss: 0.0754085 | analysis_confidence: 0.0120178 | CL: 0.0257323 | ln_CD: 0.0728035 | CM: 0.0052391 | Top_Xtr: 0.0307854 | Bot_Xtr: 0.0341112
Loss contributors: 
	s_analysis_confidence    : 0.0568997
	s_ln_CD                  : 0.00736139
	s_CL                     : 0.00352666
	s_CM                     : 0.00210618
	s_Bot_Xtr                : 0.000641579
	s_Top_Xtr                : 0.000539274
	s_lower_bl_H_0           : 7.31276e-05
	s_upper_bl_H_0           : 6.84258e-05
	s_lower_bl_H_1           : 6.49392e-05
	s_upper_bl_H_1           : 6.48473e-05
Epoch: 436 | Train Loss: 0.0483181 | Test Loss: 0.0754058 | analysis_confidence: 0.0120038 | CL: 0.0257341 | ln_CD: 0.0728133 | CM: 0.00523913 | Top_Xtr: 0.0307824 | Bot_Xtr: 0.0341116
Loss contributors: 
	s_analysis_confidence    : 0.0568977
	s_ln_CD                  : 0.00736065
	s_CL                     : 0.00352682
	s_CM                     : 0.00210622
	s_Bot_Xtr                : 0.000641619
	s_Top_Xtr                : 0.000539287
	s_lower_bl_H_0           : 7.31296e-05
	s_upper_bl_H_0           : 6.84264e-05
	s_lower_bl_H_1           : 6.49384e-05
	s_upper_bl_H_1           : 6.48455e-05
Epoch: 437 | Train Loss: 0.0483143 | Test Loss: 0.0754046 | analysis_confidence: 0.0119684 | CL: 0.0257343 | ln_CD: 0.072812 | CM: 0.00523933 | Top_Xtr: 0.0307834 | Bot_Xtr: 0.0341092
Loss contributors: 
	s_analysis_confidence    : 0.0568961
	s_ln_CD                  : 0.00736094
	s_CL                     : 0.00352682
	s_CM                     : 0.00210625
	s_Bot_Xtr                : 0.000641532
	s_Top_Xtr                : 0.000539289
	s_lower_bl_H_0           : 7.31291e-05
	s_upper_bl_H_0           : 6.84268e-05
	s_lower_bl_H_1           : 6.49394e-05
	s_upper_bl_H_1           : 6.48474e-05
Epoch: 438 | Train Loss: 0.0483172 | Test Loss: 0.0754055 | analysis_confidence: 0.0120326 | CL: 0.0257318 | ln_CD: 0.0728207 | CM: 0.00523909 | Top_Xtr: 0.0307819 | Bot_Xtr: 0.0341115
Loss contributors: 
	s_analysis_confidence    : 0.0568966
	s_ln_CD                  : 0.00736166
	s_CL                     : 0.00352656
	s_CM                     : 0.00210617
	s_Bot_Xtr                : 0.000641558
	s_Top_Xtr                : 0.00053927
	s_lower_bl_H_0           : 7.31291e-05
	s_upper_bl_H_0           : 6.84275e-05
	s_lower_bl_H_1           : 6.49391e-05
	s_upper_bl_H_1           : 6.4849e-05
Epoch: 439 | Train Loss: 0.048315 | Test Loss: 0.0754077 | analysis_confidence: 0.0120271 | CL: 0.0257318 | ln_CD: 0.0728152 | CM: 0.00523914 | Top_Xtr: 0.0307841 | Bot_Xtr: 0.034111
Loss contributors: 
	s_analysis_confidence    : 0.0568996
	s_ln_CD                  : 0.00736092
	s_CL                     : 0.00352658
	s_CM                     : 0.00210619
	s_Bot_Xtr                : 0.000641545
	s_Top_Xtr                : 0.000539287
	s_lower_bl_H_0           : 7.3129e-05
	s_upper_bl_H_0           : 6.84265e-05
	s_lower_bl_H_1           : 6.494e-05
	s_upper_bl_H_1           : 6.48471e-05
Epoch: 440 | Train Loss: 0.0483175 | Test Loss: 0.0754044 | analysis_confidence: 0.0119931 | CL: 0.0257344 | ln_CD: 0.0728111 | CM: 0.00523924 | Top_Xtr: 0.0307829 | Bot_Xtr: 0.0341102
Loss contributors: 
	s_analysis_confidence    : 0.0568957
	s_ln_CD                  : 0.00736115
	s_CL                     : 0.00352685
	s_CM                     : 0.00210626
	s_Bot_Xtr                : 0.000641557
	s_Top_Xtr                : 0.000539274
	s_lower_bl_H_0           : 7.31277e-05
	s_upper_bl_H_0           : 6.84247e-05
	s_lower_bl_H_1           : 6.49368e-05
	s_upper_bl_H_1           : 6.48443e-05
Epoch: 441 | Train Loss: 0.0483144 | Test Loss: 0.0754149 | analysis_confidence: 0.0120236 | CL: 0.0257316 | ln_CD: 0.0728187 | CM: 0.00523903 | Top_Xtr: 0.030785 | Bot_Xtr: 0.0341118
Loss contributors: 
	s_analysis_confidence    : 0.0569071
	s_ln_CD                  : 0.00736055
	s_CL                     : 0.00352657
	s_CM                     : 0.00210618
	s_Bot_Xtr                : 0.000641584
	s_Top_Xtr                : 0.000539273
	s_lower_bl_H_0           : 7.3129e-05
	s_upper_bl_H_0           : 6.84261e-05
	s_lower_bl_H_1           : 6.49382e-05
	s_upper_bl_H_1           : 6.48473e-05
Epoch: 442 | Train Loss: 0.0483168 | Test Loss: 0.0754136 | analysis_confidence: 0.0120317 | CL: 0.0257284 | ln_CD: 0.0728389 | CM: 0.00523892 | Top_Xtr: 0.0307797 | Bot_Xtr: 0.03411
Loss contributors: 
	s_analysis_confidence    : 0.0569045
	s_ln_CD                  : 0.00736218
	s_CL                     : 0.00352624
	s_CM                     : 0.0021061
	s_Bot_Xtr                : 0.000641615
	s_Top_Xtr                : 0.000539286
	s_lower_bl_H_0           : 7.31314e-05
	s_upper_bl_H_0           : 6.84298e-05
	s_lower_bl_H_1           : 6.49414e-05
	s_upper_bl_H_1           : 6.48499e-05
Epoch: 443 | Train Loss: 0.0483153 | Test Loss: 0.0754149 | analysis_confidence: 0.0120216 | CL: 0.0257312 | ln_CD: 0.0728027 | CM: 0.00523898 | Top_Xtr: 0.0307804 | Bot_Xtr: 0.0341113
Loss contributors: 
	s_analysis_confidence    : 0.056907
	s_ln_CD                  : 0.00736087
	s_CL                     : 0.00352652
	s_CM                     : 0.00210615
	s_Bot_Xtr                : 0.000641587
	s_Top_Xtr                : 0.000539278
	s_lower_bl_H_0           : 7.31286e-05
	s_upper_bl_H_0           : 6.84265e-05
	s_lower_bl_H_1           : 6.49379e-05
	s_upper_bl_H_1           : 6.48453e-05
Epoch: 444 | Train Loss: 0.0483149 | Test Loss: 0.0754171 | analysis_confidence: 0.0120452 | CL: 0.0257318 | ln_CD: 0.0728101 | CM: 0.005239 | Top_Xtr: 0.0307833 | Bot_Xtr: 0.0341083
Loss contributors: 
	s_analysis_confidence    : 0.056909
	s_ln_CD                  : 0.00736094
	s_CL                     : 0.00352654
	s_CM                     : 0.00210616
	s_Bot_Xtr                : 0.000641535
	s_Top_Xtr                : 0.000539301
	s_lower_bl_H_0           : 7.31286e-05
	s_upper_bl_H_0           : 6.84257e-05
	s_lower_bl_H_1           : 6.49396e-05
	s_upper_bl_H_1           : 6.48465e-05
Epoch: 445 | Train Loss: 0.0483177 | Test Loss: 0.0754119 | analysis_confidence: 0.0120272 | CL: 0.0257355 | ln_CD: 0.0728159 | CM: 0.00523927 | Top_Xtr: 0.0307859 | Bot_Xtr: 0.0341124
Loss contributors: 
	s_analysis_confidence    : 0.0569028
	s_ln_CD                  : 0.00736138
	s_CL                     : 0.00352695
	s_CM                     : 0.00210626
	s_Bot_Xtr                : 0.000641551
	s_Top_Xtr                : 0.000539289
	s_lower_bl_H_0           : 7.31297e-05
	s_upper_bl_H_0           : 6.8426e-05
	s_lower_bl_H_1           : 6.49403e-05
	s_upper_bl_H_1           : 6.48471e-05
Epoch: 446 | Train Loss: 0.0483155 | Test Loss: 0.0754084 | analysis_confidence: 0.011988 | CL: 0.025732 | ln_CD: 0.0728138 | CM: 0.00523911 | Top_Xtr: 0.0307827 | Bot_Xtr: 0.0341136
Loss contributors: 
	s_analysis_confidence    : 0.0568997
	s_ln_CD                  : 0.00736157
	s_CL                     : 0.00352658
	s_CM                     : 0.00210617
	s_Bot_Xtr                : 0.000641545
	s_Top_Xtr                : 0.000539265
	s_lower_bl_H_0           : 7.31294e-05
	s_upper_bl_H_0           : 6.84267e-05
	s_lower_bl_H_1           : 6.49392e-05
	s_upper_bl_H_1           : 6.48483e-05
Epoch: 447 | Train Loss: 0.0483152 | Test Loss: 0.0754108 | analysis_confidence: 0.0119926 | CL: 0.0257333 | ln_CD: 0.0728247 | CM: 0.00523919 | Top_Xtr: 0.0307792 | Bot_Xtr: 0.03411
Loss contributors: 
	s_analysis_confidence    : 0.0569022
	s_ln_CD                  : 0.00736119
	s_CL                     : 0.00352669
	s_CM                     : 0.0021062
	s_Bot_Xtr                : 0.000641589
	s_Top_Xtr                : 0.000539284
	s_lower_bl_H_0           : 7.31298e-05
	s_upper_bl_H_0           : 6.84274e-05
	s_lower_bl_H_1           : 6.49388e-05
	s_upper_bl_H_1           : 6.48475e-05
Epoch: 448 | Train Loss: 0.0483157 | Test Loss: 0.0754152 | analysis_confidence: 0.0120016 | CL: 0.0257369 | ln_CD: 0.0728153 | CM: 0.00523934 | Top_Xtr: 0.0307783 | Bot_Xtr: 0.0341097
Loss contributors: 
	s_analysis_confidence    : 0.0569061
	s_ln_CD                  : 0.0073614
	s_CL                     : 0.00352709
	s_CM                     : 0.00210629
	s_Bot_Xtr                : 0.00064157
	s_Top_Xtr                : 0.000539277
	s_lower_bl_H_0           : 7.31295e-05
	s_upper_bl_H_0           : 6.84255e-05
	s_lower_bl_H_1           : 6.4938e-05
	s_upper_bl_H_1           : 6.48453e-05
Epoch: 449 | Train Loss: 0.0483161 | Test Loss: 0.0754114 | analysis_confidence: 0.0120223 | CL: 0.0257315 | ln_CD: 0.0728184 | CM: 0.00523917 | Top_Xtr: 0.0307798 | Bot_Xtr: 0.0341106
Loss contributors: 
	s_analysis_confidence    : 0.0569025
	s_ln_CD                  : 0.00736168
	s_CL                     : 0.00352658
	s_CM                     : 0.00210619
	s_Bot_Xtr                : 0.000641595
	s_Top_Xtr                : 0.000539264
	s_lower_bl_H_0           : 7.31294e-05
	s_upper_bl_H_0           : 6.84279e-05
	s_lower_bl_H_1           : 6.4938e-05
	s_upper_bl_H_1           : 6.4848e-05
Epoch: 450 | Train Loss: 0.0483165 | Test Loss: 0.0754211 | analysis_confidence: 0.0120619 | CL: 0.0257326 | ln_CD: 0.0728209 | CM: 0.00523904 | Top_Xtr: 0.0307783 | Bot_Xtr: 0.0341119
Loss contributors: 
	s_analysis_confidence    : 0.0569113
	s_ln_CD                  : 0.00736235
	s_CL                     : 0.00352666
	s_CM                     : 0.00210613
	s_Bot_Xtr                : 0.000641674
	s_Top_Xtr                : 0.000539287
	s_lower_bl_H_0           : 7.31301e-05
	s_upper_bl_H_0           : 6.84288e-05
	s_lower_bl_H_1           : 6.49413e-05
	s_upper_bl_H_1           : 6.48487e-05
Epoch: 451 | Train Loss: 0.0483166 | Test Loss: 0.0754162 | analysis_confidence: 0.0119987 | CL: 0.0257337 | ln_CD: 0.0728095 | CM: 0.0052391 | Top_Xtr: 0.0307813 | Bot_Xtr: 0.0341119
Loss contributors: 
	s_analysis_confidence    : 0.0569081
	s_ln_CD                  : 0.00736085
	s_CL                     : 0.00352672
	s_CM                     : 0.00210616
	s_Bot_Xtr                : 0.000641599
	s_Top_Xtr                : 0.000539285
	s_lower_bl_H_0           : 7.31296e-05
	s_upper_bl_H_0           : 6.84266e-05
	s_lower_bl_H_1           : 6.49369e-05
	s_upper_bl_H_1           : 6.48461e-05
Epoch: 452 | Train Loss: 0.0483158 | Test Loss: 0.0754141 | analysis_confidence: 0.0120029 | CL: 0.0257337 | ln_CD: 0.0728153 | CM: 0.00523915 | Top_Xtr: 0.0307827 | Bot_Xtr: 0.0341124
Loss contributors: 
	s_analysis_confidence    : 0.0569054
	s_ln_CD                  : 0.00736135
	s_CL                     : 0.00352675
	s_CM                     : 0.00210618
	s_Bot_Xtr                : 0.000641575
	s_Top_Xtr                : 0.000539278
	s_lower_bl_H_0           : 7.31303e-05
	s_upper_bl_H_0           : 6.84272e-05
	s_lower_bl_H_1           : 6.49398e-05
	s_upper_bl_H_1           : 6.48472e-05
Epoch: 453 | Train Loss: 0.0483161 | Test Loss: 0.0754155 | analysis_confidence: 0.0120133 | CL: 0.0257346 | ln_CD: 0.0728186 | CM: 0.0052392 | Top_Xtr: 0.030784 | Bot_Xtr: 0.0341142
Loss contributors: 
	s_analysis_confidence    : 0.056906
	s_ln_CD                  : 0.00736194
	s_CL                     : 0.00352688
	s_CM                     : 0.0021062
	s_Bot_Xtr                : 0.000641592
	s_Top_Xtr                : 0.00053926
	s_lower_bl_H_0           : 7.3131e-05
	s_upper_bl_H_0           : 6.84274e-05
	s_lower_bl_H_1           : 6.49396e-05
	s_upper_bl_H_1           : 6.4848e-05
Epoch: 454 | Train Loss: 0.0483157 | Test Loss: 0.0754148 | analysis_confidence: 0.0119881 | CL: 0.0257335 | ln_CD: 0.0728221 | CM: 0.00523925 | Top_Xtr: 0.0307785 | Bot_Xtr: 0.0341109
Loss contributors: 
	s_analysis_confidence    : 0.0569054
	s_ln_CD                  : 0.00736186
	s_CL                     : 0.00352672
	s_CM                     : 0.0021062
	s_Bot_Xtr                : 0.000641607
	s_Top_Xtr                : 0.000539277
	s_lower_bl_H_0           : 7.31299e-05
	s_upper_bl_H_0           : 6.8428e-05
	s_lower_bl_H_1           : 6.49375e-05
	s_upper_bl_H_1           : 6.48463e-05
Epoch: 455 | Train Loss: 0.0483176 | Test Loss: 0.0754093 | analysis_confidence: 0.0120145 | CL: 0.0257327 | ln_CD: 0.0728173 | CM: 0.00523925 | Top_Xtr: 0.030779 | Bot_Xtr: 0.0341105
Loss contributors: 
	s_analysis_confidence    : 0.0569003
	s_ln_CD                  : 0.0073615
	s_CL                     : 0.00352662
	s_CM                     : 0.00210619
	s_Bot_Xtr                : 0.000641599
	s_Top_Xtr                : 0.000539287
	s_lower_bl_H_0           : 7.31319e-05
	s_upper_bl_H_0           : 6.84288e-05
	s_lower_bl_H_1           : 6.49412e-05
	s_upper_bl_H_1           : 6.48494e-05
Epoch: 456 | Train Loss: 0.0483158 | Test Loss: 0.0754176 | analysis_confidence: 0.0120311 | CL: 0.0257321 | ln_CD: 0.0728155 | CM: 0.00523909 | Top_Xtr: 0.0307806 | Bot_Xtr: 0.0341132
Loss contributors: 
	s_analysis_confidence    : 0.0569087
	s_ln_CD                  : 0.00736174
	s_CL                     : 0.00352657
	s_CM                     : 0.00210614
	s_Bot_Xtr                : 0.000641587
	s_Top_Xtr                : 0.000539262
	s_lower_bl_H_0           : 7.31306e-05
	s_upper_bl_H_0           : 6.84281e-05
	s_lower_bl_H_1           : 6.49396e-05
	s_upper_bl_H_1           : 6.48477e-05
Epoch: 457 | Train Loss: 0.0483167 | Test Loss: 0.0754176 | analysis_confidence: 0.0120043 | CL: 0.025733 | ln_CD: 0.0728101 | CM: 0.00523926 | Top_Xtr: 0.030782 | Bot_Xtr: 0.0341125
Loss contributors: 
	s_analysis_confidence    : 0.056909
	s_ln_CD                  : 0.00736121
	s_CL                     : 0.00352665
	s_CM                     : 0.00210619
	s_Bot_Xtr                : 0.000641572
	s_Top_Xtr                : 0.000539266
	s_lower_bl_H_0           : 7.31298e-05
	s_upper_bl_H_0           : 6.84269e-05
	s_lower_bl_H_1           : 6.49406e-05
	s_upper_bl_H_1           : 6.4848e-05
Epoch: 458 | Train Loss: 0.0483182 | Test Loss: 0.0754123 | analysis_confidence: 0.0119819 | CL: 0.0257346 | ln_CD: 0.072823 | CM: 0.00523933 | Top_Xtr: 0.0307834 | Bot_Xtr: 0.0341138
Loss contributors: 
	s_analysis_confidence    : 0.0569031
	s_ln_CD                  : 0.00736163
	s_CL                     : 0.00352683
	s_CM                     : 0.00210623
	s_Bot_Xtr                : 0.000641556
	s_Top_Xtr                : 0.000539268
	s_lower_bl_H_0           : 7.31303e-05
	s_upper_bl_H_0           : 6.84271e-05
	s_lower_bl_H_1           : 6.4939e-05
	s_upper_bl_H_1           : 6.48466e-05
Epoch: 459 | Train Loss: 0.0483169 | Test Loss: 0.0754142 | analysis_confidence: 0.0120286 | CL: 0.0257337 | ln_CD: 0.0728284 | CM: 0.00523934 | Top_Xtr: 0.0307791 | Bot_Xtr: 0.0341096
Loss contributors: 
	s_analysis_confidence    : 0.0569045
	s_ln_CD                  : 0.0073621
	s_CL                     : 0.00352676
	s_CM                     : 0.00210622
	s_Bot_Xtr                : 0.000641635
	s_Top_Xtr                : 0.000539293
	s_lower_bl_H_0           : 7.31305e-05
	s_upper_bl_H_0           : 6.84265e-05
	s_lower_bl_H_1           : 6.49389e-05
	s_upper_bl_H_1           : 6.48479e-05
Epoch: 460 | Train Loss: 0.0483161 | Test Loss: 0.075408 | analysis_confidence: 0.0120171 | CL: 0.0257333 | ln_CD: 0.0728161 | CM: 0.00523912 | Top_Xtr: 0.0307824 | Bot_Xtr: 0.0341085
Loss contributors: 
	s_analysis_confidence    : 0.0568987
	s_ln_CD                  : 0.00736197
	s_CL                     : 0.0035267
	s_CM                     : 0.00210618
	s_Bot_Xtr                : 0.000641555
	s_Top_Xtr                : 0.000539277
	s_lower_bl_H_0           : 7.3129e-05
	s_upper_bl_H_0           : 6.84252e-05
	s_lower_bl_H_1           : 6.49351e-05
	s_upper_bl_H_1           : 6.48437e-05
Epoch: 461 | Train Loss: 0.0483174 | Test Loss: 0.0754147 | analysis_confidence: 0.0120444 | CL: 0.0257303 | ln_CD: 0.0728227 | CM: 0.00523899 | Top_Xtr: 0.030781 | Bot_Xtr: 0.0341112
Loss contributors: 
	s_analysis_confidence    : 0.0569054
	s_ln_CD                  : 0.00736228
	s_CL                     : 0.00352641
	s_CM                     : 0.0021061
	s_Bot_Xtr                : 0.000641619
	s_Top_Xtr                : 0.000539279
	s_lower_bl_H_0           : 7.31285e-05
	s_upper_bl_H_0           : 6.8426e-05
	s_lower_bl_H_1           : 6.49368e-05
	s_upper_bl_H_1           : 6.48463e-05
Epoch: 462 | Train Loss: 0.0483165 | Test Loss: 0.0754188 | analysis_confidence: 0.0120376 | CL: 0.025734 | ln_CD: 0.0728164 | CM: 0.00523923 | Top_Xtr: 0.0307799 | Bot_Xtr: 0.0341104
Loss contributors: 
	s_analysis_confidence    : 0.0569099
	s_ln_CD                  : 0.0073616
	s_CL                     : 0.00352678
	s_CM                     : 0.00210621
	s_Bot_Xtr                : 0.000641547
	s_Top_Xtr                : 0.000539282
	s_lower_bl_H_0           : 7.31284e-05
	s_upper_bl_H_0           : 6.84251e-05
	s_lower_bl_H_1           : 6.49346e-05
	s_upper_bl_H_1           : 6.48439e-05
Epoch: 463 | Train Loss: 0.0483163 | Test Loss: 0.0754213 | analysis_confidence: 0.0120295 | CL: 0.0257327 | ln_CD: 0.0728484 | CM: 0.0052393 | Top_Xtr: 0.0307772 | Bot_Xtr: 0.0341117
Loss contributors: 
	s_analysis_confidence    : 0.0569117
	s_ln_CD                  : 0.00736231
	s_CL                     : 0.00352667
	s_CM                     : 0.0021062
	s_Bot_Xtr                : 0.000641599
	s_Top_Xtr                : 0.000539265
	s_lower_bl_H_0           : 7.31315e-05
	s_upper_bl_H_0           : 6.84289e-05
	s_lower_bl_H_1           : 6.49385e-05
	s_upper_bl_H_1           : 6.48454e-05
Epoch: 464 | Train Loss: 0.0483174 | Test Loss: 0.0754216 | analysis_confidence: 0.0120516 | CL: 0.0257293 | ln_CD: 0.0728238 | CM: 0.00523909 | Top_Xtr: 0.0307839 | Bot_Xtr: 0.034113
Loss contributors: 
	s_analysis_confidence    : 0.056912
	s_ln_CD                  : 0.00736258
	s_CL                     : 0.00352636
	s_CM                     : 0.0021061
	s_Bot_Xtr                : 0.000641553
	s_Top_Xtr                : 0.000539244
	s_lower_bl_H_0           : 7.31312e-05
	s_upper_bl_H_0           : 6.84301e-05
	s_lower_bl_H_1           : 6.49409e-05
	s_upper_bl_H_1           : 6.48518e-05
Epoch: 465 | Train Loss: 0.0483195 | Test Loss: 0.0754183 | analysis_confidence: 0.0120563 | CL: 0.025732 | ln_CD: 0.0728301 | CM: 0.00523912 | Top_Xtr: 0.0307793 | Bot_Xtr: 0.0341114
Loss contributors: 
	s_analysis_confidence    : 0.0569085
	s_ln_CD                  : 0.00736252
	s_CL                     : 0.00352662
	s_CM                     : 0.00210613
	s_Bot_Xtr                : 0.000641589
	s_Top_Xtr                : 0.000539259
	s_lower_bl_H_0           : 7.31292e-05
	s_upper_bl_H_0           : 6.84285e-05
	s_lower_bl_H_1           : 6.49396e-05
	s_upper_bl_H_1           : 6.48498e-05
Epoch: 466 | Train Loss: 0.0483177 | Test Loss: 0.0754131 | analysis_confidence: 0.0120168 | CL: 0.0257332 | ln_CD: 0.0728159 | CM: 0.00523922 | Top_Xtr: 0.0307823 | Bot_Xtr: 0.0341106
Loss contributors: 
	s_analysis_confidence    : 0.056904
	s_ln_CD                  : 0.00736179
	s_CL                     : 0.00352677
	s_CM                     : 0.0021062
	s_Bot_Xtr                : 0.000641536
	s_Top_Xtr                : 0.00053925
	s_lower_bl_H_0           : 7.3128e-05
	s_upper_bl_H_0           : 6.84272e-05
	s_lower_bl_H_1           : 6.49351e-05
	s_upper_bl_H_1           : 6.48456e-05
Epoch: 467 | Train Loss: 0.0483174 | Test Loss: 0.0754131 | analysis_confidence: 0.0120337 | CL: 0.0257326 | ln_CD: 0.0728233 | CM: 0.00523922 | Top_Xtr: 0.0307801 | Bot_Xtr: 0.0341112
Loss contributors: 
	s_analysis_confidence    : 0.0569041
	s_ln_CD                  : 0.00736166
	s_CL                     : 0.00352668
	s_CM                     : 0.00210618
	s_Bot_Xtr                : 0.000641594
	s_Top_Xtr                : 0.000539273
	s_lower_bl_H_0           : 7.31285e-05
	s_upper_bl_H_0           : 6.84285e-05
	s_lower_bl_H_1           : 6.49383e-05
	s_upper_bl_H_1           : 6.48478e-05
Epoch: 468 | Train Loss: 0.0483176 | Test Loss: 0.0754117 | analysis_confidence: 0.012001 | CL: 0.025737 | ln_CD: 0.0728335 | CM: 0.00523959 | Top_Xtr: 0.0307811 | Bot_Xtr: 0.0341104
Loss contributors: 
	s_analysis_confidence    : 0.0569021
	s_ln_CD                  : 0.00736164
	s_CL                     : 0.0035271
	s_CM                     : 0.00210633
	s_Bot_Xtr                : 0.000641579
	s_Top_Xtr                : 0.000539279
	s_lower_bl_H_0           : 7.31291e-05
	s_upper_bl_H_0           : 6.84275e-05
	s_lower_bl_H_1           : 6.49378e-05
	s_upper_bl_H_1           : 6.48447e-05
Epoch: 469 | Train Loss: 0.0483199 | Test Loss: 0.0754103 | analysis_confidence: 0.0119929 | CL: 0.0257353 | ln_CD: 0.0728296 | CM: 0.00523954 | Top_Xtr: 0.0307874 | Bot_Xtr: 0.034116
Loss contributors: 
	s_analysis_confidence    : 0.0569011
	s_ln_CD                  : 0.00736146
	s_CL                     : 0.00352694
	s_CM                     : 0.0021063
	s_Bot_Xtr                : 0.000641556
	s_Top_Xtr                : 0.000539258
	s_lower_bl_H_0           : 7.31301e-05
	s_upper_bl_H_0           : 6.84293e-05
	s_lower_bl_H_1           : 6.4939e-05
	s_upper_bl_H_1           : 6.48459e-05
Epoch: 470 | Train Loss: 0.0483174 | Test Loss: 0.0754056 | analysis_confidence: 0.0120114 | CL: 0.0257335 | ln_CD: 0.0728306 | CM: 0.00523941 | Top_Xtr: 0.0307811 | Bot_Xtr: 0.0341117
Loss contributors: 
	s_analysis_confidence    : 0.0568968
	s_ln_CD                  : 0.00736138
	s_CL                     : 0.0035267
	s_CM                     : 0.00210624
	s_Bot_Xtr                : 0.000641585
	s_Top_Xtr                : 0.000539262
	s_lower_bl_H_0           : 7.31293e-05
	s_upper_bl_H_0           : 6.84279e-05
	s_lower_bl_H_1           : 6.49373e-05
	s_upper_bl_H_1           : 6.48459e-05
Epoch: 471 | Train Loss: 0.0483176 | Test Loss: 0.0754133 | analysis_confidence: 0.0119867 | CL: 0.0257332 | ln_CD: 0.0728131 | CM: 0.00523932 | Top_Xtr: 0.0307834 | Bot_Xtr: 0.0341105
Loss contributors: 
	s_analysis_confidence    : 0.0569044
	s_ln_CD                  : 0.00736164
	s_CL                     : 0.00352669
	s_CM                     : 0.0021062
	s_Bot_Xtr                : 0.000641582
	s_Top_Xtr                : 0.000539265
	s_lower_bl_H_0           : 7.31281e-05
	s_upper_bl_H_0           : 6.84265e-05
	s_lower_bl_H_1           : 6.49367e-05
	s_upper_bl_H_1           : 6.48455e-05
Epoch: 472 | Train Loss: 0.0483181 | Test Loss: 0.0754184 | analysis_confidence: 0.0120094 | CL: 0.025733 | ln_CD: 0.0728184 | CM: 0.00523943 | Top_Xtr: 0.0307825 | Bot_Xtr: 0.0341115
Loss contributors: 
	s_analysis_confidence    : 0.0569094
	s_ln_CD                  : 0.00736165
	s_CL                     : 0.0035267
	s_CM                     : 0.00210625
	s_Bot_Xtr                : 0.000641579
	s_Top_Xtr                : 0.000539275
	s_lower_bl_H_0           : 7.31279e-05
	s_upper_bl_H_0           : 6.84263e-05
	s_lower_bl_H_1           : 6.49373e-05
	s_upper_bl_H_1           : 6.48463e-05
Epoch: 473 | Train Loss: 0.0483178 | Test Loss: 0.0754143 | analysis_confidence: 0.0120164 | CL: 0.0257326 | ln_CD: 0.0728236 | CM: 0.00523946 | Top_Xtr: 0.0307802 | Bot_Xtr: 0.0341099
Loss contributors: 
	s_analysis_confidence    : 0.0569052
	s_ln_CD                  : 0.00736167
	s_CL                     : 0.00352668
	s_CM                     : 0.00210625
	s_Bot_Xtr                : 0.000641627
	s_Top_Xtr                : 0.000539276
	s_lower_bl_H_0           : 7.31308e-05
	s_upper_bl_H_0           : 6.84298e-05
	s_lower_bl_H_1           : 6.49383e-05
	s_upper_bl_H_1           : 6.48475e-05
Epoch: 474 | Train Loss: 0.0483184 | Test Loss: 0.0754191 | analysis_confidence: 0.0120374 | CL: 0.0257329 | ln_CD: 0.0728307 | CM: 0.00523939 | Top_Xtr: 0.0307796 | Bot_Xtr: 0.034112
Loss contributors: 
	s_analysis_confidence    : 0.0569094
	s_ln_CD                  : 0.00736223
	s_CL                     : 0.00352674
	s_CM                     : 0.00210624
	s_Bot_Xtr                : 0.000641625
	s_Top_Xtr                : 0.000539261
	s_lower_bl_H_0           : 7.313e-05
	s_upper_bl_H_0           : 6.84296e-05
	s_lower_bl_H_1           : 6.4937e-05
	s_upper_bl_H_1           : 6.48472e-05
Epoch: 475 | Train Loss: 0.0483181 | Test Loss: 0.0754132 | analysis_confidence: 0.0119975 | CL: 0.0257361 | ln_CD: 0.0728154 | CM: 0.00523964 | Top_Xtr: 0.0307788 | Bot_Xtr: 0.0341105
Loss contributors: 
	s_analysis_confidence    : 0.0569035
	s_ln_CD                  : 0.00736188
	s_CL                     : 0.00352708
	s_CM                     : 0.00210636
	s_Bot_Xtr                : 0.000641612
	s_Top_Xtr                : 0.000539262
	s_lower_bl_H_0           : 7.31286e-05
	s_upper_bl_H_0           : 6.8426e-05
	s_lower_bl_H_1           : 6.49354e-05
	s_upper_bl_H_1           : 6.48431e-05
Epoch: 476 | Train Loss: 0.0483194 | Test Loss: 0.0754118 | analysis_confidence: 0.0120134 | CL: 0.0257351 | ln_CD: 0.0728093 | CM: 0.00523932 | Top_Xtr: 0.0307833 | Bot_Xtr: 0.0341103
Loss contributors: 
	s_analysis_confidence    : 0.0569034
	s_ln_CD                  : 0.00736092
	s_CL                     : 0.00352694
	s_CM                     : 0.00210623
	s_Bot_Xtr                : 0.00064153
	s_Top_Xtr                : 0.000539267
	s_lower_bl_H_0           : 7.313e-05
	s_upper_bl_H_0           : 6.84274e-05
	s_lower_bl_H_1           : 6.49355e-05
	s_upper_bl_H_1           : 6.48466e-05
Epoch: 477 | Train Loss: 0.0483188 | Test Loss: 0.0754183 | analysis_confidence: 0.0120403 | CL: 0.0257332 | ln_CD: 0.0728261 | CM: 0.00523941 | Top_Xtr: 0.0307801 | Bot_Xtr: 0.0341102
Loss contributors: 
	s_analysis_confidence    : 0.0569089
	s_ln_CD                  : 0.00736185
	s_CL                     : 0.00352679
	s_CM                     : 0.00210626
	s_Bot_Xtr                : 0.000641563
	s_Top_Xtr                : 0.000539256
	s_lower_bl_H_0           : 7.31309e-05
	s_upper_bl_H_0           : 6.84289e-05
	s_lower_bl_H_1           : 6.49364e-05
	s_upper_bl_H_1           : 6.48472e-05
Epoch: 478 | Train Loss: 0.0483202 | Test Loss: 0.075412 | analysis_confidence: 0.0120247 | CL: 0.0257345 | ln_CD: 0.0728124 | CM: 0.00523942 | Top_Xtr: 0.0307777 | Bot_Xtr: 0.0341109
Loss contributors: 
	s_analysis_confidence    : 0.0569024
	s_ln_CD                  : 0.00736192
	s_CL                     : 0.00352691
	s_CM                     : 0.00210624
	s_Bot_Xtr                : 0.000641644
	s_Top_Xtr                : 0.000539242
	s_lower_bl_H_0           : 7.31325e-05
	s_upper_bl_H_0           : 6.84297e-05
	s_lower_bl_H_1           : 6.49393e-05
	s_upper_bl_H_1           : 6.4848e-05
Epoch: 479 | Train Loss: 0.0483182 | Test Loss: 0.0754199 | analysis_confidence: 0.0120123 | CL: 0.0257379 | ln_CD: 0.0728098 | CM: 0.00523956 | Top_Xtr: 0.0307789 | Bot_Xtr: 0.03411
Loss contributors: 
	s_analysis_confidence    : 0.0569108
	s_ln_CD                  : 0.00736116
	s_CL                     : 0.00352723
	s_CM                     : 0.00210631
	s_Bot_Xtr                : 0.00064158
	s_Top_Xtr                : 0.000539261
	s_lower_bl_H_0           : 7.31303e-05
	s_upper_bl_H_0           : 6.84271e-05
	s_lower_bl_H_1           : 6.49356e-05
	s_upper_bl_H_1           : 6.48451e-05
Epoch: 480 | Train Loss: 0.0483179 | Test Loss: 0.0754159 | analysis_confidence: 0.0120135 | CL: 0.0257329 | ln_CD: 0.072825 | CM: 0.00523938 | Top_Xtr: 0.0307805 | Bot_Xtr: 0.0341111
Loss contributors: 
	s_analysis_confidence    : 0.0569069
	s_ln_CD                  : 0.00736154
	s_CL                     : 0.00352674
	s_CM                     : 0.00210622
	s_Bot_Xtr                : 0.000641544
	s_Top_Xtr                : 0.000539254
	s_lower_bl_H_0           : 7.31328e-05
	s_upper_bl_H_0           : 6.84297e-05
	s_lower_bl_H_1           : 6.49391e-05
	s_upper_bl_H_1           : 6.48484e-05
Epoch: 481 | Train Loss: 0.0483186 | Test Loss: 0.0754186 | analysis_confidence: 0.0120208 | CL: 0.0257323 | ln_CD: 0.0728231 | CM: 0.00523936 | Top_Xtr: 0.0307806 | Bot_Xtr: 0.0341098
Loss contributors: 
	s_analysis_confidence    : 0.0569099
	s_ln_CD                  : 0.00736137
	s_CL                     : 0.00352667
	s_CM                     : 0.00210623
	s_Bot_Xtr                : 0.000641605
	s_Top_Xtr                : 0.000539264
	s_lower_bl_H_0           : 7.31316e-05
	s_upper_bl_H_0           : 6.84285e-05
	s_lower_bl_H_1           : 6.49369e-05
	s_upper_bl_H_1           : 6.4847e-05
Epoch: 482 | Train Loss: 0.0483181 | Test Loss: 0.0754087 | analysis_confidence: 0.0120082 | CL: 0.0257325 | ln_CD: 0.0728122 | CM: 0.00523939 | Top_Xtr: 0.0307812 | Bot_Xtr: 0.0341141
Loss contributors: 
	s_analysis_confidence    : 0.0568998
	s_ln_CD                  : 0.00736155
	s_CL                     : 0.0035267
	s_CM                     : 0.00210623
	s_Bot_Xtr                : 0.000641619
	s_Top_Xtr                : 0.000539247
	s_lower_bl_H_0           : 7.31314e-05
	s_upper_bl_H_0           : 6.84292e-05
	s_lower_bl_H_1           : 6.49377e-05
	s_upper_bl_H_1           : 6.48487e-05
Epoch: 483 | Train Loss: 0.0483185 | Test Loss: 0.0754133 | analysis_confidence: 0.0120016 | CL: 0.0257347 | ln_CD: 0.0728274 | CM: 0.00523944 | Top_Xtr: 0.0307818 | Bot_Xtr: 0.034111
Loss contributors: 
	s_analysis_confidence    : 0.0569031
	s_ln_CD                  : 0.00736257
	s_CL                     : 0.0035269
	s_CM                     : 0.00210623
	s_Bot_Xtr                : 0.000641578
	s_Top_Xtr                : 0.00053925
	s_lower_bl_H_0           : 7.31309e-05
	s_upper_bl_H_0           : 6.84291e-05
	s_lower_bl_H_1           : 6.49395e-05
	s_upper_bl_H_1           : 6.48484e-05
Epoch: 484 | Train Loss: 0.0483191 | Test Loss: 0.0754109 | analysis_confidence: 0.0120075 | CL: 0.0257378 | ln_CD: 0.0728229 | CM: 0.00523968 | Top_Xtr: 0.0307798 | Bot_Xtr: 0.0341112
Loss contributors: 
	s_analysis_confidence    : 0.0569018
	s_ln_CD                  : 0.00736123
	s_CL                     : 0.00352719
	s_CM                     : 0.00210634
	s_Bot_Xtr                : 0.000641569
	s_Top_Xtr                : 0.00053925
	s_lower_bl_H_0           : 7.31307e-05
	s_upper_bl_H_0           : 6.84284e-05
	s_lower_bl_H_1           : 6.49374e-05
	s_upper_bl_H_1           : 6.48455e-05
Epoch: 485 | Train Loss: 0.0483189 | Test Loss: 0.0754177 | analysis_confidence: 0.0120415 | CL: 0.0257359 | ln_CD: 0.0728228 | CM: 0.00523952 | Top_Xtr: 0.0307792 | Bot_Xtr: 0.0341109
Loss contributors: 
	s_analysis_confidence    : 0.0569083
	s_ln_CD                  : 0.00736167
	s_CL                     : 0.00352701
	s_CM                     : 0.00210631
	s_Bot_Xtr                : 0.0006416
	s_Top_Xtr                : 0.000539253
	s_lower_bl_H_0           : 7.31307e-05
	s_upper_bl_H_0           : 6.84281e-05
	s_lower_bl_H_1           : 6.49357e-05
	s_upper_bl_H_1           : 6.48461e-05
Epoch: 486 | Train Loss: 0.0483189 | Test Loss: 0.0754195 | analysis_confidence: 0.0120222 | CL: 0.0257346 | ln_CD: 0.0728195 | CM: 0.00523947 | Top_Xtr: 0.0307829 | Bot_Xtr: 0.0341126
Loss contributors: 
	s_analysis_confidence    : 0.0569104
	s_ln_CD                  : 0.00736159
	s_CL                     : 0.00352689
	s_CM                     : 0.00210626
	s_Bot_Xtr                : 0.000641565
	s_Top_Xtr                : 0.000539236
	s_lower_bl_H_0           : 7.31313e-05
	s_upper_bl_H_0           : 6.8429e-05
	s_lower_bl_H_1           : 6.49372e-05
	s_upper_bl_H_1           : 6.48463e-05
Epoch: 487 | Train Loss: 0.0483182 | Test Loss: 0.0754128 | analysis_confidence: 0.0119967 | CL: 0.025735 | ln_CD: 0.0728158 | CM: 0.00523948 | Top_Xtr: 0.0307774 | Bot_Xtr: 0.0341104
Loss contributors: 
	s_analysis_confidence    : 0.0569033
	s_ln_CD                  : 0.00736203
	s_CL                     : 0.00352697
	s_CM                     : 0.00210627
	s_Bot_Xtr                : 0.000641569
	s_Top_Xtr                : 0.000539228
	s_lower_bl_H_0           : 7.31307e-05
	s_upper_bl_H_0           : 6.84279e-05
	s_lower_bl_H_1           : 6.49359e-05
	s_upper_bl_H_1           : 6.48445e-05
Epoch: 488 | Train Loss: 0.0483198 | Test Loss: 0.075425 | analysis_confidence: 0.0120531 | CL: 0.0257361 | ln_CD: 0.0728172 | CM: 0.00523962 | Top_Xtr: 0.0307786 | Bot_Xtr: 0.034108
Loss contributors: 
	s_analysis_confidence    : 0.0569164
	s_ln_CD                  : 0.00736087
	s_CL                     : 0.00352702
	s_CM                     : 0.00210632
	s_Bot_Xtr                : 0.000641552
	s_Top_Xtr                : 0.00053925
	s_lower_bl_H_0           : 7.3131e-05
	s_upper_bl_H_0           : 6.84271e-05
	s_lower_bl_H_1           : 6.49367e-05
	s_upper_bl_H_1           : 6.48449e-05
Epoch: 489 | Train Loss: 0.0483185 | Test Loss: 0.0754163 | analysis_confidence: 0.0120105 | CL: 0.0257337 | ln_CD: 0.0728384 | CM: 0.00523946 | Top_Xtr: 0.0307794 | Bot_Xtr: 0.03411
Loss contributors: 
	s_analysis_confidence    : 0.0569065
	s_ln_CD                  : 0.00736237
	s_CL                     : 0.00352678
	s_CM                     : 0.00210623
	s_Bot_Xtr                : 0.000641585
	s_Top_Xtr                : 0.000539232
	s_lower_bl_H_0           : 7.31327e-05
	s_upper_bl_H_0           : 6.84321e-05
	s_lower_bl_H_1           : 6.49401e-05
	s_upper_bl_H_1           : 6.48468e-05
Epoch: 490 | Train Loss: 0.0483187 | Test Loss: 0.0754247 | analysis_confidence: 0.0120267 | CL: 0.0257338 | ln_CD: 0.0728153 | CM: 0.00523933 | Top_Xtr: 0.030779 | Bot_Xtr: 0.0341104
Loss contributors: 
	s_analysis_confidence    : 0.0569156
	s_ln_CD                  : 0.0073617
	s_CL                     : 0.00352678
	s_CM                     : 0.00210618
	s_Bot_Xtr                : 0.000641604
	s_Top_Xtr                : 0.000539228
	s_lower_bl_H_0           : 7.31315e-05
	s_upper_bl_H_0           : 6.84308e-05
	s_lower_bl_H_1           : 6.49389e-05
	s_upper_bl_H_1           : 6.48483e-05
Epoch: 491 | Train Loss: 0.0483191 | Test Loss: 0.0754157 | analysis_confidence: 0.0120201 | CL: 0.0257379 | ln_CD: 0.0728166 | CM: 0.0052396 | Top_Xtr: 0.0307784 | Bot_Xtr: 0.0341095
Loss contributors: 
	s_analysis_confidence    : 0.0569071
	s_ln_CD                  : 0.00736076
	s_CL                     : 0.00352715
	s_CM                     : 0.00210632
	s_Bot_Xtr                : 0.000641584
	s_Top_Xtr                : 0.000539269
	s_lower_bl_H_0           : 7.31297e-05
	s_upper_bl_H_0           : 6.84276e-05
	s_lower_bl_H_1           : 6.49365e-05
	s_upper_bl_H_1           : 6.48427e-05
Epoch: 492 | Train Loss: 0.0483198 | Test Loss: 0.075411 | analysis_confidence: 0.0120365 | CL: 0.0257337 | ln_CD: 0.0728214 | CM: 0.00523945 | Top_Xtr: 0.0307827 | Bot_Xtr: 0.0341142
Loss contributors: 
	s_analysis_confidence    : 0.0569019
	s_ln_CD                  : 0.00736168
	s_CL                     : 0.00352672
	s_CM                     : 0.00210623
	s_Bot_Xtr                : 0.00064153
	s_Top_Xtr                : 0.000539249
	s_lower_bl_H_0           : 7.31313e-05
	s_upper_bl_H_0           : 6.84298e-05
	s_lower_bl_H_1           : 6.49391e-05
	s_upper_bl_H_1           : 6.48482e-05
Epoch: 493 | Train Loss: 0.0483192 | Test Loss: 0.0754131 | analysis_confidence: 0.0120101 | CL: 0.0257373 | ln_CD: 0.0728167 | CM: 0.0052397 | Top_Xtr: 0.0307806 | Bot_Xtr: 0.034109
Loss contributors: 
	s_analysis_confidence    : 0.0569033
	s_ln_CD                  : 0.00736193
	s_CL                     : 0.00352713
	s_CM                     : 0.00210636
	s_Bot_Xtr                : 0.000641546
	s_Top_Xtr                : 0.000539248
	s_lower_bl_H_0           : 7.31293e-05
	s_upper_bl_H_0           : 6.84266e-05
	s_lower_bl_H_1           : 6.49352e-05
	s_upper_bl_H_1           : 6.48436e-05
Epoch: 494 | Train Loss: 0.0483188 | Test Loss: 0.075414 | analysis_confidence: 0.0120191 | CL: 0.0257337 | ln_CD: 0.0728294 | CM: 0.00523972 | Top_Xtr: 0.0307808 | Bot_Xtr: 0.0341107
Loss contributors: 
	s_analysis_confidence    : 0.0569043
	s_ln_CD                  : 0.00736212
	s_CL                     : 0.0035268
	s_CM                     : 0.00210634
	s_Bot_Xtr                : 0.000641576
	s_Top_Xtr                : 0.000539242
	s_lower_bl_H_0           : 7.3132e-05
	s_upper_bl_H_0           : 6.84304e-05
	s_lower_bl_H_1           : 6.4938e-05
	s_upper_bl_H_1           : 6.48493e-05
Epoch: 495 | Train Loss: 0.0483205 | Test Loss: 0.0754206 | analysis_confidence: 0.012044 | CL: 0.0257333 | ln_CD: 0.07281 | CM: 0.0052394 | Top_Xtr: 0.0307828 | Bot_Xtr: 0.0341118
Loss contributors: 
	s_analysis_confidence    : 0.0569116
	s_ln_CD                  : 0.00736161
	s_CL                     : 0.00352672
	s_CM                     : 0.00210624
	s_Bot_Xtr                : 0.000641568
	s_Top_Xtr                : 0.000539244
	s_lower_bl_H_0           : 7.31305e-05
	s_upper_bl_H_0           : 6.8428e-05
	s_lower_bl_H_1           : 6.49377e-05
	s_upper_bl_H_1           : 6.48463e-05
Epoch: 496 | Train Loss: 0.0483192 | Test Loss: 0.0754176 | analysis_confidence: 0.0119953 | CL: 0.0257328 | ln_CD: 0.072827 | CM: 0.00523946 | Top_Xtr: 0.0307787 | Bot_Xtr: 0.0341099
Loss contributors: 
	s_analysis_confidence    : 0.0569085
	s_ln_CD                  : 0.00736194
	s_CL                     : 0.00352667
	s_CM                     : 0.00210624
	s_Bot_Xtr                : 0.000641542
	s_Top_Xtr                : 0.000539224
	s_lower_bl_H_0           : 7.31315e-05
	s_upper_bl_H_0           : 6.84297e-05
	s_lower_bl_H_1           : 6.49361e-05
	s_upper_bl_H_1           : 6.48463e-05
Epoch: 497 | Train Loss: 0.0483194 | Test Loss: 0.0754128 | analysis_confidence: 0.0120351 | CL: 0.025735 | ln_CD: 0.0728145 | CM: 0.00523942 | Top_Xtr: 0.030781 | Bot_Xtr: 0.0341115
Loss contributors: 
	s_analysis_confidence    : 0.0569043
	s_ln_CD                  : 0.00736108
	s_CL                     : 0.0035269
	s_CM                     : 0.00210625
	s_Bot_Xtr                : 0.000641544
	s_Top_Xtr                : 0.000539247
	s_lower_bl_H_0           : 7.31297e-05
	s_upper_bl_H_0           : 6.84277e-05
	s_lower_bl_H_1           : 6.49367e-05
	s_upper_bl_H_1           : 6.4845e-05
Epoch: 498 | Train Loss: 0.0483203 | Test Loss: 0.0754209 | analysis_confidence: 0.01203 | CL: 0.0257325 | ln_CD: 0.0728418 | CM: 0.0052394 | Top_Xtr: 0.0307807 | Bot_Xtr: 0.0341124
Loss contributors: 
	s_analysis_confidence    : 0.056911
	s_ln_CD                  : 0.00736251
	s_CL                     : 0.00352665
	s_CM                     : 0.00210621
	s_Bot_Xtr                : 0.000641594
	s_Top_Xtr                : 0.000539255
	s_lower_bl_H_0           : 7.31328e-05
	s_upper_bl_H_0           : 6.84307e-05
	s_lower_bl_H_1           : 6.49397e-05
	s_upper_bl_H_1           : 6.48484e-05
Epoch: 499 | Train Loss: 0.0483204 | Test Loss: 0.075413 | analysis_confidence: 0.0120072 | CL: 0.025736 | ln_CD: 0.0728345 | CM: 0.00523959 | Top_Xtr: 0.0307796 | Bot_Xtr: 0.034112
Loss contributors: 
	s_analysis_confidence    : 0.0569035
	s_ln_CD                  : 0.00736182
	s_CL                     : 0.00352701
	s_CM                     : 0.00210629
	s_Bot_Xtr                : 0.000641612
	s_Top_Xtr                : 0.00053926
	s_lower_bl_H_0           : 7.3132e-05
	s_upper_bl_H_0           : 6.84299e-05
	s_lower_bl_H_1           : 6.49391e-05
	s_upper_bl_H_1           : 6.48467e-05
Epoch: 500 | Train Loss: 0.0483199 | Test Loss: 0.0754177 | analysis_confidence: 0.0120134 | CL: 0.0257374 | ln_CD: 0.0728238 | CM: 0.00523977 | Top_Xtr: 0.0307761 | Bot_Xtr: 0.0341105
Loss contributors: 
	s_analysis_confidence    : 0.0569078
	s_ln_CD                  : 0.00736204
	s_CL                     : 0.00352722
	s_CM                     : 0.00210638
	s_Bot_Xtr                : 0.000641611
	s_Top_Xtr                : 0.000539248
	s_lower_bl_H_0           : 7.31311e-05
	s_upper_bl_H_0           : 6.84284e-05
	s_lower_bl_H_1           : 6.49373e-05
	s_upper_bl_H_1           : 6.4845e-05
Epoch: 501 | Train Loss: 0.0483212 | Test Loss: 0.0754125 | analysis_confidence: 0.0120095 | CL: 0.0257348 | ln_CD: 0.0728263 | CM: 0.00523957 | Top_Xtr: 0.0307842 | Bot_Xtr: 0.0341121
Loss contributors: 
	s_analysis_confidence    : 0.0569029
	s_ln_CD                  : 0.00736208
	s_CL                     : 0.00352692
	s_CM                     : 0.00210629
	s_Bot_Xtr                : 0.00064154
	s_Top_Xtr                : 0.000539244
	s_lower_bl_H_0           : 7.31327e-05
	s_upper_bl_H_0           : 6.84311e-05
	s_lower_bl_H_1           : 6.49383e-05
	s_upper_bl_H_1           : 6.48484e-05
Epoch: 502 | Train Loss: 0.0483202 | Test Loss: 0.0754214 | analysis_confidence: 0.0120275 | CL: 0.0257342 | ln_CD: 0.072815 | CM: 0.00523954 | Top_Xtr: 0.0307841 | Bot_Xtr: 0.0341125
Loss contributors: 
	s_analysis_confidence    : 0.0569117
	s_ln_CD                  : 0.00736218
	s_CL                     : 0.00352682
	s_CM                     : 0.00210625
	s_Bot_Xtr                : 0.00064155
	s_Top_Xtr                : 0.000539241
	s_lower_bl_H_0           : 7.31314e-05
	s_upper_bl_H_0           : 6.84301e-05
	s_lower_bl_H_1           : 6.49402e-05
	s_upper_bl_H_1           : 6.48484e-05
Epoch: 503 | Train Loss: 0.0483194 | Test Loss: 0.0754196 | analysis_confidence: 0.0120449 | CL: 0.0257358 | ln_CD: 0.0728282 | CM: 0.00523989 | Top_Xtr: 0.0307795 | Bot_Xtr: 0.0341111
Loss contributors: 
	s_analysis_confidence    : 0.0569092
	s_ln_CD                  : 0.00736264
	s_CL                     : 0.00352704
	s_CM                     : 0.00210639
	s_Bot_Xtr                : 0.000641565
	s_Top_Xtr                : 0.000539235
	s_lower_bl_H_0           : 7.3134e-05
	s_upper_bl_H_0           : 6.84319e-05
	s_lower_bl_H_1           : 6.49405e-05
	s_upper_bl_H_1           : 6.48501e-05
Epoch: 504 | Train Loss: 0.04832 | Test Loss: 0.0754206 | analysis_confidence: 0.0120095 | CL: 0.0257378 | ln_CD: 0.0728106 | CM: 0.0052397 | Top_Xtr: 0.0307808 | Bot_Xtr: 0.0341116
Loss contributors: 
	s_analysis_confidence    : 0.056911
	s_ln_CD                  : 0.00736177
	s_CL                     : 0.00352716
	s_CM                     : 0.00210634
	s_Bot_Xtr                : 0.000641554
	s_Top_Xtr                : 0.000539238
	s_lower_bl_H_0           : 7.31315e-05
	s_upper_bl_H_0           : 6.84289e-05
	s_lower_bl_H_1           : 6.49385e-05
	s_upper_bl_H_1           : 6.48454e-05
Epoch: 505 | Train Loss: 0.0483223 | Test Loss: 0.0754191 | analysis_confidence: 0.0120265 | CL: 0.0257349 | ln_CD: 0.0728135 | CM: 0.00523951 | Top_Xtr: 0.0307766 | Bot_Xtr: 0.0341091
Loss contributors: 
	s_analysis_confidence    : 0.0569099
	s_ln_CD                  : 0.00736159
	s_CL                     : 0.00352688
	s_CM                     : 0.00210626
	s_Bot_Xtr                : 0.000641598
	s_Top_Xtr                : 0.000539248
	s_lower_bl_H_0           : 7.31318e-05
	s_upper_bl_H_0           : 6.84292e-05
	s_lower_bl_H_1           : 6.49391e-05
	s_upper_bl_H_1           : 6.48473e-05
Epoch: 506 | Train Loss: 0.0483198 | Test Loss: 0.0754289 | analysis_confidence: 0.0120565 | CL: 0.0257363 | ln_CD: 0.0728164 | CM: 0.00523953 | Top_Xtr: 0.0307768 | Bot_Xtr: 0.0341092
Loss contributors: 
	s_analysis_confidence    : 0.0569192
	s_ln_CD                  : 0.007362
	s_CL                     : 0.00352707
	s_CM                     : 0.00210629
	s_Bot_Xtr                : 0.000641581
	s_Top_Xtr                : 0.000539236
	s_lower_bl_H_0           : 7.31306e-05
	s_upper_bl_H_0           : 6.84289e-05
	s_lower_bl_H_1           : 6.49357e-05
	s_upper_bl_H_1           : 6.48455e-05
Epoch: 507 | Train Loss: 0.0483221 | Test Loss: 0.0754224 | analysis_confidence: 0.0120357 | CL: 0.0257354 | ln_CD: 0.0728153 | CM: 0.00523966 | Top_Xtr: 0.0307829 | Bot_Xtr: 0.0341102
Loss contributors: 
	s_analysis_confidence    : 0.0569126
	s_ln_CD                  : 0.00736211
	s_CL                     : 0.00352695
	s_CM                     : 0.00210633
	s_Bot_Xtr                : 0.000641561
	s_Top_Xtr                : 0.000539236
	s_lower_bl_H_0           : 7.31293e-05
	s_upper_bl_H_0           : 6.84273e-05
	s_lower_bl_H_1           : 6.49375e-05
	s_upper_bl_H_1           : 6.4846e-05
Epoch: 508 | Train Loss: 0.0483206 | Test Loss: 0.0754224 | analysis_confidence: 0.0120229 | CL: 0.025737 | ln_CD: 0.0728207 | CM: 0.00523979 | Top_Xtr: 0.030783 | Bot_Xtr: 0.0341088
Loss contributors: 
	s_analysis_confidence    : 0.0569129
	s_ln_CD                  : 0.00736177
	s_CL                     : 0.00352711
	s_CM                     : 0.00210639
	s_Bot_Xtr                : 0.000641512
	s_Top_Xtr                : 0.000539232
	s_lower_bl_H_0           : 7.31301e-05
	s_upper_bl_H_0           : 6.84284e-05
	s_lower_bl_H_1           : 6.49366e-05
	s_upper_bl_H_1           : 6.48454e-05
Epoch: 509 | Train Loss: 0.048321 | Test Loss: 0.0754159 | analysis_confidence: 0.0119851 | CL: 0.0257372 | ln_CD: 0.0728232 | CM: 0.00523993 | Top_Xtr: 0.0307793 | Bot_Xtr: 0.0341101
Loss contributors: 
	s_analysis_confidence    : 0.0569065
	s_ln_CD                  : 0.00736153
	s_CL                     : 0.00352714
	s_CM                     : 0.00210642
	s_Bot_Xtr                : 0.000641605
	s_Top_Xtr                : 0.000539227
	s_lower_bl_H_0           : 7.31312e-05
	s_upper_bl_H_0           : 6.84285e-05
	s_lower_bl_H_1           : 6.49365e-05
	s_upper_bl_H_1           : 6.48447e-05
Epoch: 510 | Train Loss: 0.0483201 | Test Loss: 0.0754181 | analysis_confidence: 0.0119835 | CL: 0.0257375 | ln_CD: 0.0728226 | CM: 0.00523985 | Top_Xtr: 0.0307835 | Bot_Xtr: 0.0341118
Loss contributors: 
	s_analysis_confidence    : 0.0569087
	s_ln_CD                  : 0.00736151
	s_CL                     : 0.00352718
	s_CM                     : 0.00210641
	s_Bot_Xtr                : 0.000641566
	s_Top_Xtr                : 0.000539217
	s_lower_bl_H_0           : 7.31299e-05
	s_upper_bl_H_0           : 6.84274e-05
	s_lower_bl_H_1           : 6.4935e-05
	s_upper_bl_H_1           : 6.48446e-05
Epoch: 511 | Train Loss: 0.0483203 | Test Loss: 0.0754211 | analysis_confidence: 0.0120127 | CL: 0.0257348 | ln_CD: 0.07282 | CM: 0.0052397 | Top_Xtr: 0.0307802 | Bot_Xtr: 0.034111
Loss contributors: 
	s_analysis_confidence    : 0.0569117
	s_ln_CD                  : 0.00736182
	s_CL                     : 0.00352693
	s_CM                     : 0.00210633
	s_Bot_Xtr                : 0.000641555
	s_Top_Xtr                : 0.00053922
	s_lower_bl_H_0           : 7.31328e-05
	s_upper_bl_H_0           : 6.84298e-05
	s_lower_bl_H_1           : 6.49375e-05
	s_upper_bl_H_1           : 6.48473e-05
Epoch: 512 | Train Loss: 0.0483218 | Test Loss: 0.0754196 | analysis_confidence: 0.012009 | CL: 0.0257393 | ln_CD: 0.0728093 | CM: 0.0052398 | Top_Xtr: 0.0307774 | Bot_Xtr: 0.034109
Loss contributors: 
	s_analysis_confidence    : 0.0569106
	s_ln_CD                  : 0.00736094
	s_CL                     : 0.00352738
	s_CM                     : 0.0021064
	s_Bot_Xtr                : 0.000641593
	s_Top_Xtr                : 0.000539243
	s_lower_bl_H_0           : 7.31316e-05
	s_upper_bl_H_0           : 6.84279e-05
	s_lower_bl_H_1           : 6.49335e-05
	s_upper_bl_H_1           : 6.48449e-05
Epoch: 513 | Train Loss: 0.0483216 | Test Loss: 0.0754179 | analysis_confidence: 0.0119994 | CL: 0.0257333 | ln_CD: 0.0728238 | CM: 0.00523952 | Top_Xtr: 0.0307779 | Bot_Xtr: 0.0341095
Loss contributors: 
	s_analysis_confidence    : 0.0569085
	s_ln_CD                  : 0.00736195
	s_CL                     : 0.00352678
	s_CM                     : 0.00210624
	s_Bot_Xtr                : 0.000641577
	s_Top_Xtr                : 0.00053923
	s_lower_bl_H_0           : 7.31368e-05
	s_upper_bl_H_0           : 6.84343e-05
	s_lower_bl_H_1           : 6.49385e-05
	s_upper_bl_H_1           : 6.48501e-05
Epoch: 514 | Train Loss: 0.0483216 | Test Loss: 0.075416 | analysis_confidence: 0.0120038 | CL: 0.0257357 | ln_CD: 0.0728104 | CM: 0.00523962 | Top_Xtr: 0.030782 | Bot_Xtr: 0.0341117
Loss contributors: 
	s_analysis_confidence    : 0.0569071
	s_ln_CD                  : 0.00736125
	s_CL                     : 0.00352698
	s_CM                     : 0.00210628
	s_Bot_Xtr                : 0.000641568
	s_Top_Xtr                : 0.000539236
	s_lower_bl_H_0           : 7.31326e-05
	s_upper_bl_H_0           : 6.84315e-05
	s_lower_bl_H_1           : 6.49378e-05
	s_upper_bl_H_1           : 6.48462e-05
Epoch: 515 | Train Loss: 0.0483208 | Test Loss: 0.075421 | analysis_confidence: 0.0120106 | CL: 0.0257369 | ln_CD: 0.0728256 | CM: 0.00523973 | Top_Xtr: 0.0307812 | Bot_Xtr: 0.0341115
Loss contributors: 
	s_analysis_confidence    : 0.0569113
	s_ln_CD                  : 0.00736198
	s_CL                     : 0.00352711
	s_CM                     : 0.00210634
	s_Bot_Xtr                : 0.000641561
	s_Top_Xtr                : 0.000539227
	s_lower_bl_H_0           : 7.31321e-05
	s_upper_bl_H_0           : 6.84301e-05
	s_lower_bl_H_1           : 6.49355e-05
	s_upper_bl_H_1           : 6.48458e-05
Epoch: 516 | Train Loss: 0.0483212 | Test Loss: 0.075418 | analysis_confidence: 0.0120165 | CL: 0.0257369 | ln_CD: 0.0728201 | CM: 0.00523971 | Top_Xtr: 0.0307791 | Bot_Xtr: 0.0341084
Loss contributors: 
	s_analysis_confidence    : 0.0569087
	s_ln_CD                  : 0.0073615
	s_CL                     : 0.00352711
	s_CM                     : 0.00210633
	s_Bot_Xtr                : 0.000641564
	s_Top_Xtr                : 0.000539253
	s_lower_bl_H_0           : 7.31328e-05
	s_upper_bl_H_0           : 6.84311e-05
	s_lower_bl_H_1           : 6.49376e-05
	s_upper_bl_H_1           : 6.48471e-05
Epoch: 517 | Train Loss: 0.0483209 | Test Loss: 0.0754184 | analysis_confidence: 0.0120095 | CL: 0.0257378 | ln_CD: 0.0728308 | CM: 0.00523976 | Top_Xtr: 0.0307774 | Bot_Xtr: 0.0341077
Loss contributors: 
	s_analysis_confidence    : 0.0569085
	s_ln_CD                  : 0.00736201
	s_CL                     : 0.00352714
	s_CM                     : 0.00210634
	s_Bot_Xtr                : 0.000641607
	s_Top_Xtr                : 0.000539281
	s_lower_bl_H_0           : 7.31331e-05
	s_upper_bl_H_0           : 6.84311e-05
	s_lower_bl_H_1           : 6.49378e-05
	s_upper_bl_H_1           : 6.48466e-05
Epoch: 518 | Train Loss: 0.0483245 | Test Loss: 0.0754185 | analysis_confidence: 0.0120457 | CL: 0.0257359 | ln_CD: 0.0728222 | CM: 0.00523967 | Top_Xtr: 0.0307801 | Bot_Xtr: 0.0341112
Loss contributors: 
	s_analysis_confidence    : 0.0569089
	s_ln_CD                  : 0.00736191
	s_CL                     : 0.00352703
	s_CM                     : 0.00210631
	s_Bot_Xtr                : 0.000641551
	s_Top_Xtr                : 0.000539234
	s_lower_bl_H_0           : 7.31325e-05
	s_upper_bl_H_0           : 6.84304e-05
	s_lower_bl_H_1           : 6.49368e-05
	s_upper_bl_H_1           : 6.4848e-05
Epoch: 519 | Train Loss: 0.0483208 | Test Loss: 0.0754271 | analysis_confidence: 0.0119994 | CL: 0.0257402 | ln_CD: 0.0728235 | CM: 0.00523998 | Top_Xtr: 0.0307756 | Bot_Xtr: 0.0341091
Loss contributors: 
	s_analysis_confidence    : 0.0569174
	s_ln_CD                  : 0.00736142
	s_CL                     : 0.00352746
	s_CM                     : 0.00210643
	s_Bot_Xtr                : 0.000641606
	s_Top_Xtr                : 0.000539263
	s_lower_bl_H_0           : 7.31321e-05
	s_upper_bl_H_0           : 6.84287e-05
	s_lower_bl_H_1           : 6.49366e-05
	s_upper_bl_H_1           : 6.48455e-05
Epoch: 520 | Train Loss: 0.0483216 | Test Loss: 0.0754167 | analysis_confidence: 0.0119978 | CL: 0.0257347 | ln_CD: 0.0728269 | CM: 0.00523962 | Top_Xtr: 0.0307832 | Bot_Xtr: 0.0341135
Loss contributors: 
	s_analysis_confidence    : 0.0569074
	s_ln_CD                  : 0.00736169
	s_CL                     : 0.00352687
	s_CM                     : 0.00210628
	s_Bot_Xtr                : 0.000641553
	s_Top_Xtr                : 0.000539227
	s_lower_bl_H_0           : 7.31336e-05
	s_upper_bl_H_0           : 6.84311e-05
	s_lower_bl_H_1           : 6.49378e-05
	s_upper_bl_H_1           : 6.48478e-05
Epoch: 521 | Train Loss: 0.0483211 | Test Loss: 0.0754243 | analysis_confidence: 0.0120018 | CL: 0.0257367 | ln_CD: 0.0728244 | CM: 0.00523977 | Top_Xtr: 0.0307801 | Bot_Xtr: 0.0341126
Loss contributors: 
	s_analysis_confidence    : 0.0569153
	s_ln_CD                  : 0.0073613
	s_CL                     : 0.00352707
	s_CM                     : 0.00210635
	s_Bot_Xtr                : 0.000641583
	s_Top_Xtr                : 0.00053924
	s_lower_bl_H_0           : 7.31341e-05
	s_upper_bl_H_0           : 6.84305e-05
	s_lower_bl_H_1           : 6.4938e-05
	s_upper_bl_H_1           : 6.48459e-05
Epoch: 522 | Train Loss: 0.0483209 | Test Loss: 0.0754277 | analysis_confidence: 0.012061 | CL: 0.0257401 | ln_CD: 0.072812 | CM: 0.00524002 | Top_Xtr: 0.0307767 | Bot_Xtr: 0.034109
Loss contributors: 
	s_analysis_confidence    : 0.0569178
	s_ln_CD                  : 0.00736172
	s_CL                     : 0.00352746
	s_CM                     : 0.00210648
	s_Bot_Xtr                : 0.000641567
	s_Top_Xtr                : 0.000539245
	s_lower_bl_H_0           : 7.31314e-05
	s_upper_bl_H_0           : 6.84283e-05
	s_lower_bl_H_1           : 6.49377e-05
	s_upper_bl_H_1           : 6.48441e-05
Epoch: 523 | Train Loss: 0.0483226 | Test Loss: 0.07543 | analysis_confidence: 0.0120336 | CL: 0.0257378 | ln_CD: 0.0728182 | CM: 0.00523977 | Top_Xtr: 0.0307795 | Bot_Xtr: 0.0341106
Loss contributors: 
	s_analysis_confidence    : 0.0569208
	s_ln_CD                  : 0.0073614
	s_CL                     : 0.00352719
	s_CM                     : 0.00210635
	s_Bot_Xtr                : 0.000641555
	s_Top_Xtr                : 0.000539245
	s_lower_bl_H_0           : 7.31328e-05
	s_upper_bl_H_0           : 6.84306e-05
	s_lower_bl_H_1           : 6.49384e-05
	s_upper_bl_H_1           : 6.48474e-05
Epoch: 524 | Train Loss: 0.0483218 | Test Loss: 0.0754258 | analysis_confidence: 0.0120228 | CL: 0.0257374 | ln_CD: 0.0728285 | CM: 0.00523986 | Top_Xtr: 0.0307776 | Bot_Xtr: 0.0341102
Loss contributors: 
	s_analysis_confidence    : 0.0569161
	s_ln_CD                  : 0.0073618
	s_CL                     : 0.00352715
	s_CM                     : 0.00210637
	s_Bot_Xtr                : 0.000641641
	s_Top_Xtr                : 0.000539253
	s_lower_bl_H_0           : 7.31323e-05
	s_upper_bl_H_0           : 6.84305e-05
	s_lower_bl_H_1           : 6.49359e-05
	s_upper_bl_H_1           : 6.48474e-05
Epoch: 525 | Train Loss: 0.0483214 | Test Loss: 0.0754219 | analysis_confidence: 0.0120007 | CL: 0.0257351 | ln_CD: 0.0728213 | CM: 0.00523969 | Top_Xtr: 0.0307787 | Bot_Xtr: 0.0341135
Loss contributors: 
	s_analysis_confidence    : 0.0569123
	s_ln_CD                  : 0.00736196
	s_CL                     : 0.00352693
	s_CM                     : 0.0021063
	s_Bot_Xtr                : 0.000641636
	s_Top_Xtr                : 0.000539224
	s_lower_bl_H_0           : 7.31328e-05
	s_upper_bl_H_0           : 6.8432e-05
	s_lower_bl_H_1           : 6.49366e-05
	s_upper_bl_H_1           : 6.48478e-05
Epoch: 526 | Train Loss: 0.0483208 | Test Loss: 0.0754249 | analysis_confidence: 0.0120071 | CL: 0.0257371 | ln_CD: 0.0728174 | CM: 0.0052398 | Top_Xtr: 0.030778 | Bot_Xtr: 0.0341126
Loss contributors: 
	s_analysis_confidence    : 0.0569151
	s_ln_CD                  : 0.00736211
	s_CL                     : 0.00352713
	s_CM                     : 0.00210636
	s_Bot_Xtr                : 0.000641573
	s_Top_Xtr                : 0.000539207
	s_lower_bl_H_0           : 7.31317e-05
	s_upper_bl_H_0           : 6.8428e-05
	s_lower_bl_H_1           : 6.49345e-05
	s_upper_bl_H_1           : 6.48438e-05
Epoch: 527 | Train Loss: 0.0483226 | Test Loss: 0.0754196 | analysis_confidence: 0.0120456 | CL: 0.0257368 | ln_CD: 0.0728159 | CM: 0.00523972 | Top_Xtr: 0.0307772 | Bot_Xtr: 0.03411
Loss contributors: 
	s_analysis_confidence    : 0.0569101
	s_ln_CD                  : 0.00736173
	s_CL                     : 0.00352712
	s_CM                     : 0.00210634
	s_Bot_Xtr                : 0.00064156
	s_Top_Xtr                : 0.000539227
	s_lower_bl_H_0           : 7.31331e-05
	s_upper_bl_H_0           : 6.84292e-05
	s_lower_bl_H_1           : 6.49384e-05
	s_upper_bl_H_1           : 6.48452e-05
Epoch: 528 | Train Loss: 0.0483223 | Test Loss: 0.0754219 | analysis_confidence: 0.0120007 | CL: 0.0257406 | ln_CD: 0.0728217 | CM: 0.00523989 | Top_Xtr: 0.0307762 | Bot_Xtr: 0.0341079
Loss contributors: 
	s_analysis_confidence    : 0.0569122
	s_ln_CD                  : 0.0073616
	s_CL                     : 0.00352744
	s_CM                     : 0.00210643
	s_Bot_Xtr                : 0.000641563
	s_Top_Xtr                : 0.000539243
	s_lower_bl_H_0           : 7.3132e-05
	s_upper_bl_H_0           : 6.84278e-05
	s_lower_bl_H_1           : 6.49355e-05
	s_upper_bl_H_1           : 6.48431e-05
Epoch: 529 | Train Loss: 0.0483227 | Test Loss: 0.0754235 | analysis_confidence: 0.012052 | CL: 0.0257399 | ln_CD: 0.0728309 | CM: 0.00523992 | Top_Xtr: 0.030777 | Bot_Xtr: 0.0341092
Loss contributors: 
	s_analysis_confidence    : 0.0569133
	s_ln_CD                  : 0.00736207
	s_CL                     : 0.0035274
	s_CM                     : 0.00210642
	s_Bot_Xtr                : 0.000641543
	s_Top_Xtr                : 0.000539219
	s_lower_bl_H_0           : 7.31333e-05
	s_upper_bl_H_0           : 6.843e-05
	s_lower_bl_H_1           : 6.49389e-05
	s_upper_bl_H_1           : 6.48471e-05
Epoch: 530 | Train Loss: 0.0483217 | Test Loss: 0.0754179 | analysis_confidence: 0.0120232 | CL: 0.0257356 | ln_CD: 0.0728229 | CM: 0.00523979 | Top_Xtr: 0.0307811 | Bot_Xtr: 0.0341123
Loss contributors: 
	s_analysis_confidence    : 0.056908
	s_ln_CD                  : 0.00736235
	s_CL                     : 0.00352699
	s_CM                     : 0.00210635
	s_Bot_Xtr                : 0.000641544
	s_Top_Xtr                : 0.000539205
	s_lower_bl_H_0           : 7.3133e-05
	s_upper_bl_H_0           : 6.84303e-05
	s_lower_bl_H_1           : 6.49391e-05
	s_upper_bl_H_1           : 6.48475e-05
Epoch: 531 | Train Loss: 0.0483222 | Test Loss: 0.0754187 | analysis_confidence: 0.012016 | CL: 0.0257388 | ln_CD: 0.0728241 | CM: 0.00523995 | Top_Xtr: 0.0307779 | Bot_Xtr: 0.0341098
Loss contributors: 
	s_analysis_confidence    : 0.0569088
	s_ln_CD                  : 0.00736183
	s_CL                     : 0.00352733
	s_CM                     : 0.00210646
	s_Bot_Xtr                : 0.000641578
	s_Top_Xtr                : 0.000539237
	s_lower_bl_H_0           : 7.31309e-05
	s_upper_bl_H_0           : 6.84279e-05
	s_lower_bl_H_1           : 6.4937e-05
	s_upper_bl_H_1           : 6.4844e-05
Epoch: 532 | Train Loss: 0.0483223 | Test Loss: 0.0754197 | analysis_confidence: 0.0120173 | CL: 0.0257381 | ln_CD: 0.0728496 | CM: 0.00523998 | Top_Xtr: 0.0307777 | Bot_Xtr: 0.0341105
Loss contributors: 
	s_analysis_confidence    : 0.0569096
	s_ln_CD                  : 0.00736195
	s_CL                     : 0.00352727
	s_CM                     : 0.00210643
	s_Bot_Xtr                : 0.000641575
	s_Top_Xtr                : 0.000539245
	s_lower_bl_H_0           : 7.31351e-05
	s_upper_bl_H_0           : 6.84318e-05
	s_lower_bl_H_1           : 6.49394e-05
	s_upper_bl_H_1           : 6.48492e-05
Epoch: 533 | Train Loss: 0.0483255 | Test Loss: 0.0754166 | analysis_confidence: 0.0120058 | CL: 0.0257371 | ln_CD: 0.0728209 | CM: 0.00523976 | Top_Xtr: 0.0307806 | Bot_Xtr: 0.0341143
Loss contributors: 
	s_analysis_confidence    : 0.0569067
	s_ln_CD                  : 0.00736204
	s_CL                     : 0.00352713
	s_CM                     : 0.00210634
	s_Bot_Xtr                : 0.000641627
	s_Top_Xtr                : 0.000539217
	s_lower_bl_H_0           : 7.31311e-05
	s_upper_bl_H_0           : 6.84277e-05
	s_lower_bl_H_1           : 6.49362e-05
	s_upper_bl_H_1           : 6.48454e-05
Epoch: 534 | Train Loss: 0.0483225 | Test Loss: 0.07543 | analysis_confidence: 0.0120556 | CL: 0.0257368 | ln_CD: 0.0728188 | CM: 0.00523977 | Top_Xtr: 0.0307794 | Bot_Xtr: 0.0341126
Loss contributors: 
	s_analysis_confidence    : 0.0569203
	s_ln_CD                  : 0.00736195
	s_CL                     : 0.00352714
	s_CM                     : 0.00210636
	s_Bot_Xtr                : 0.000641579
	s_Top_Xtr                : 0.00053921
	s_lower_bl_H_0           : 7.31308e-05
	s_upper_bl_H_0           : 6.84269e-05
	s_lower_bl_H_1           : 6.4934e-05
	s_upper_bl_H_1           : 6.48443e-05
Epoch: 535 | Train Loss: 0.0483225 | Test Loss: 0.0754205 | analysis_confidence: 0.0120008 | CL: 0.0257376 | ln_CD: 0.0728412 | CM: 0.00523987 | Top_Xtr: 0.0307749 | Bot_Xtr: 0.0341108
Loss contributors: 
	s_analysis_confidence    : 0.0569104
	s_ln_CD                  : 0.00736216
	s_CL                     : 0.00352719
	s_CM                     : 0.00210638
	s_Bot_Xtr                : 0.000641614
	s_Top_Xtr                : 0.000539223
	s_lower_bl_H_0           : 7.31336e-05
	s_upper_bl_H_0           : 6.84306e-05
	s_lower_bl_H_1           : 6.4937e-05
	s_upper_bl_H_1           : 6.48456e-05
Epoch: 536 | Train Loss: 0.0483238 | Test Loss: 0.0754218 | analysis_confidence: 0.0120239 | CL: 0.0257377 | ln_CD: 0.0728243 | CM: 0.00523998 | Top_Xtr: 0.0307742 | Bot_Xtr: 0.0341104
Loss contributors: 
	s_analysis_confidence    : 0.0569114
	s_ln_CD                  : 0.00736233
	s_CL                     : 0.00352723
	s_CM                     : 0.0021064
	s_Bot_Xtr                : 0.000641627
	s_Top_Xtr                : 0.000539225
	s_lower_bl_H_0           : 7.31338e-05
	s_upper_bl_H_0           : 6.84317e-05
	s_lower_bl_H_1           : 6.49374e-05
	s_upper_bl_H_1           : 6.48496e-05
Epoch: 537 | Train Loss: 0.0483221 | Test Loss: 0.0754247 | analysis_confidence: 0.0120319 | CL: 0.025736 | ln_CD: 0.0728295 | CM: 0.00523986 | Top_Xtr: 0.0307757 | Bot_Xtr: 0.0341109
Loss contributors: 
	s_analysis_confidence    : 0.0569149
	s_ln_CD                  : 0.00736202
	s_CL                     : 0.00352701
	s_CM                     : 0.00210634
	s_Bot_Xtr                : 0.000641626
	s_Top_Xtr                : 0.000539225
	s_lower_bl_H_0           : 7.3134e-05
	s_upper_bl_H_0           : 6.84318e-05
	s_lower_bl_H_1           : 6.49369e-05
	s_upper_bl_H_1           : 6.48487e-05
Epoch: 538 | Train Loss: 0.0483262 | Test Loss: 0.0754208 | analysis_confidence: 0.0120151 | CL: 0.025734 | ln_CD: 0.0728331 | CM: 0.00523981 | Top_Xtr: 0.0307795 | Bot_Xtr: 0.0341121
Loss contributors: 
	s_analysis_confidence    : 0.0569101
	s_ln_CD                  : 0.00736305
	s_CL                     : 0.00352683
	s_CM                     : 0.0021063
	s_Bot_Xtr                : 0.000641591
	s_Top_Xtr                : 0.00053919
	s_lower_bl_H_0           : 7.31343e-05
	s_upper_bl_H_0           : 6.84339e-05
	s_lower_bl_H_1           : 6.4941e-05
	s_upper_bl_H_1           : 6.48521e-05
Epoch: 539 | Train Loss: 0.0483226 | Test Loss: 0.0754215 | analysis_confidence: 0.0120155 | CL: 0.0257363 | ln_CD: 0.0728242 | CM: 0.00523976 | Top_Xtr: 0.0307793 | Bot_Xtr: 0.0341138
Loss contributors: 
	s_analysis_confidence    : 0.0569124
	s_ln_CD                  : 0.00736152
	s_CL                     : 0.00352703
	s_CM                     : 0.00210632
	s_Bot_Xtr                : 0.000641615
	s_Top_Xtr                : 0.000539202
	s_lower_bl_H_0           : 7.31319e-05
	s_upper_bl_H_0           : 6.84306e-05
	s_lower_bl_H_1           : 6.49362e-05
	s_upper_bl_H_1           : 6.48446e-05
Epoch: 540 | Train Loss: 0.0483264 | Test Loss: 0.0754236 | analysis_confidence: 0.012003 | CL: 0.0257357 | ln_CD: 0.072825 | CM: 0.0052398 | Top_Xtr: 0.0307753 | Bot_Xtr: 0.0341105
Loss contributors: 
	s_analysis_confidence    : 0.0569142
	s_ln_CD                  : 0.00736181
	s_CL                     : 0.00352696
	s_CM                     : 0.00210633
	s_Bot_Xtr                : 0.000641593
	s_Top_Xtr                : 0.000539201
	s_lower_bl_H_0           : 7.31317e-05
	s_upper_bl_H_0           : 6.84297e-05
	s_lower_bl_H_1           : 6.49352e-05
	s_upper_bl_H_1           : 6.48452e-05
Epoch: 541 | Train Loss: 0.0483225 | Test Loss: 0.0754298 | analysis_confidence: 0.0120239 | CL: 0.0257369 | ln_CD: 0.0728269 | CM: 0.00523989 | Top_Xtr: 0.0307744 | Bot_Xtr: 0.0341109
Loss contributors: 
	s_analysis_confidence    : 0.0569199
	s_ln_CD                  : 0.00736199
	s_CL                     : 0.00352709
	s_CM                     : 0.00210635
	s_Bot_Xtr                : 0.000641623
	s_Top_Xtr                : 0.000539205
	s_lower_bl_H_0           : 7.31344e-05
	s_upper_bl_H_0           : 6.84328e-05
	s_lower_bl_H_1           : 6.49383e-05
	s_upper_bl_H_1           : 6.48503e-05
Epoch: 542 | Train Loss: 0.0483238 | Test Loss: 0.0754183 | analysis_confidence: 0.0119991 | CL: 0.025734 | ln_CD: 0.0728246 | CM: 0.00523981 | Top_Xtr: 0.0307775 | Bot_Xtr: 0.0341128
Loss contributors: 
	s_analysis_confidence    : 0.056908
	s_ln_CD                  : 0.00736267
	s_CL                     : 0.00352682
	s_CM                     : 0.00210633
	s_Bot_Xtr                : 0.000641653
	s_Top_Xtr                : 0.000539192
	s_lower_bl_H_0           : 7.3133e-05
	s_upper_bl_H_0           : 6.84313e-05
	s_lower_bl_H_1           : 6.49357e-05
	s_upper_bl_H_1           : 6.48499e-05
Epoch: 543 | Train Loss: 0.0483258 | Test Loss: 0.0754188 | analysis_confidence: 0.0119806 | CL: 0.0257352 | ln_CD: 0.0728265 | CM: 0.00523994 | Top_Xtr: 0.0307781 | Bot_Xtr: 0.0341121
Loss contributors: 
	s_analysis_confidence    : 0.0569086
	s_ln_CD                  : 0.00736249
	s_CL                     : 0.00352692
	s_CM                     : 0.00210636
	s_Bot_Xtr                : 0.000641613
	s_Top_Xtr                : 0.000539192
	s_lower_bl_H_0           : 7.31346e-05
	s_upper_bl_H_0           : 6.84334e-05
	s_lower_bl_H_1           : 6.49362e-05
	s_upper_bl_H_1           : 6.48505e-05
Epoch: 544 | Train Loss: 0.0483259 | Test Loss: 0.0754179 | analysis_confidence: 0.0119983 | CL: 0.025732 | ln_CD: 0.0728256 | CM: 0.00523969 | Top_Xtr: 0.0307791 | Bot_Xtr: 0.0341111
Loss contributors: 
	s_analysis_confidence    : 0.0569079
	s_ln_CD                  : 0.00736266
	s_CL                     : 0.00352664
	s_CM                     : 0.00210628
	s_Bot_Xtr                : 0.000641577
	s_Top_Xtr                : 0.000539201
	s_lower_bl_H_0           : 7.31339e-05
	s_upper_bl_H_0           : 6.84328e-05
	s_lower_bl_H_1           : 6.49396e-05
	s_upper_bl_H_1           : 6.48504e-05
Epoch: 545 | Train Loss: 0.0483229 | Test Loss: 0.0754224 | analysis_confidence: 0.0120159 | CL: 0.0257376 | ln_CD: 0.0728195 | CM: 0.00523987 | Top_Xtr: 0.0307785 | Bot_Xtr: 0.0341103
Loss contributors: 
	s_analysis_confidence    : 0.0569126
	s_ln_CD                  : 0.00736195
	s_CL                     : 0.00352719
	s_CM                     : 0.00210639
	s_Bot_Xtr                : 0.000641549
	s_Top_Xtr                : 0.000539215
	s_lower_bl_H_0           : 7.31333e-05
	s_upper_bl_H_0           : 6.8431e-05
	s_lower_bl_H_1           : 6.4939e-05
	s_upper_bl_H_1           : 6.48462e-05
Epoch: 546 | Train Loss: 0.0483233 | Test Loss: 0.0754307 | analysis_confidence: 0.0120331 | CL: 0.0257352 | ln_CD: 0.0728279 | CM: 0.0052398 | Top_Xtr: 0.0307775 | Bot_Xtr: 0.0341114
Loss contributors: 
	s_analysis_confidence    : 0.0569201
	s_ln_CD                  : 0.00736295
	s_CL                     : 0.00352697
	s_CM                     : 0.00210634
	s_Bot_Xtr                : 0.000641579
	s_Top_Xtr                : 0.000539189
	s_lower_bl_H_0           : 7.31326e-05
	s_upper_bl_H_0           : 6.84311e-05
	s_lower_bl_H_1           : 6.49377e-05
	s_upper_bl_H_1           : 6.48488e-05
Epoch: 547 | Train Loss: 0.0483264 | Test Loss: 0.0754215 | analysis_confidence: 0.0120219 | CL: 0.02574 | ln_CD: 0.0728275 | CM: 0.00523999 | Top_Xtr: 0.0307763 | Bot_Xtr: 0.0341104
Loss contributors: 
	s_analysis_confidence    : 0.0569113
	s_ln_CD                  : 0.00736211
	s_CL                     : 0.00352745
	s_CM                     : 0.00210644
	s_Bot_Xtr                : 0.000641558
	s_Top_Xtr                : 0.000539204
	s_lower_bl_H_0           : 7.3132e-05
	s_upper_bl_H_0           : 6.84284e-05
	s_lower_bl_H_1           : 6.49356e-05
	s_upper_bl_H_1           : 6.48456e-05
Epoch: 548 | Train Loss: 0.0483243 | Test Loss: 0.0754157 | analysis_confidence: 0.0120251 | CL: 0.0257412 | ln_CD: 0.0728121 | CM: 0.00524016 | Top_Xtr: 0.0307784 | Bot_Xtr: 0.0341116
Loss contributors: 
	s_analysis_confidence    : 0.0569055
	s_ln_CD                  : 0.00736187
	s_CL                     : 0.00352758
	s_CM                     : 0.00210652
	s_Bot_Xtr                : 0.000641592
	s_Top_Xtr                : 0.000539197
	s_lower_bl_H_0           : 7.31317e-05
	s_upper_bl_H_0           : 6.84268e-05
	s_lower_bl_H_1           : 6.4935e-05
	s_upper_bl_H_1           : 6.48441e-05
Epoch: 549 | Train Loss: 0.0483234 | Test Loss: 0.075424 | analysis_confidence: 0.0120074 | CL: 0.0257389 | ln_CD: 0.0728287 | CM: 0.00524016 | Top_Xtr: 0.0307753 | Bot_Xtr: 0.0341102
Loss contributors: 
	s_analysis_confidence    : 0.0569138
	s_ln_CD                  : 0.0073622
	s_CL                     : 0.00352735
	s_CM                     : 0.00210649
	s_Bot_Xtr                : 0.000641578
	s_Top_Xtr                : 0.000539181
	s_lower_bl_H_0           : 7.31323e-05
	s_upper_bl_H_0           : 6.84295e-05
	s_lower_bl_H_1           : 6.49365e-05
	s_upper_bl_H_1           : 6.48453e-05
Epoch: 550 | Train Loss: 0.0483236 | Test Loss: 0.0754216 | analysis_confidence: 0.0120206 | CL: 0.0257394 | ln_CD: 0.0728251 | CM: 0.00524014 | Top_Xtr: 0.0307749 | Bot_Xtr: 0.0341099
Loss contributors: 
	s_analysis_confidence    : 0.0569109
	s_ln_CD                  : 0.00736251
	s_CL                     : 0.00352739
	s_CM                     : 0.00210647
	s_Bot_Xtr                : 0.000641598
	s_Top_Xtr                : 0.000539188
	s_lower_bl_H_0           : 7.31341e-05
	s_upper_bl_H_0           : 6.84312e-05
	s_lower_bl_H_1           : 6.49392e-05
	s_upper_bl_H_1           : 6.48474e-05
Epoch: 551 | Train Loss: 0.048324 | Test Loss: 0.075424 | analysis_confidence: 0.0120376 | CL: 0.0257372 | ln_CD: 0.0728285 | CM: 0.00523996 | Top_Xtr: 0.0307816 | Bot_Xtr: 0.0341108
Loss contributors: 
	s_analysis_confidence    : 0.0569138
	s_ln_CD                  : 0.00736227
	s_CL                     : 0.00352716
	s_CM                     : 0.00210639
	s_Bot_Xtr                : 0.000641541
	s_Top_Xtr                : 0.000539178
	s_lower_bl_H_0           : 7.31353e-05
	s_upper_bl_H_0           : 6.84332e-05
	s_lower_bl_H_1           : 6.4939e-05
	s_upper_bl_H_1           : 6.48493e-05
Epoch: 552 | Train Loss: 0.0483238 | Test Loss: 0.0754233 | analysis_confidence: 0.0120245 | CL: 0.025737 | ln_CD: 0.0728159 | CM: 0.00523975 | Top_Xtr: 0.030774 | Bot_Xtr: 0.0341115
Loss contributors: 
	s_analysis_confidence    : 0.056913
	s_ln_CD                  : 0.00736248
	s_CL                     : 0.00352717
	s_CM                     : 0.00210633
	s_Bot_Xtr                : 0.000641658
	s_Top_Xtr                : 0.00053918
	s_lower_bl_H_0           : 7.31331e-05
	s_upper_bl_H_0           : 6.8432e-05
	s_lower_bl_H_1           : 6.49374e-05
	s_upper_bl_H_1           : 6.48478e-05
Epoch: 553 | Train Loss: 0.0483248 | Test Loss: 0.0754154 | analysis_confidence: 0.0120158 | CL: 0.0257413 | ln_CD: 0.0728296 | CM: 0.00524009 | Top_Xtr: 0.030774 | Bot_Xtr: 0.034111
Loss contributors: 
	s_analysis_confidence    : 0.0569052
	s_ln_CD                  : 0.00736199
	s_CL                     : 0.00352757
	s_CM                     : 0.00210647
	s_Bot_Xtr                : 0.000641584
	s_Top_Xtr                : 0.000539184
	s_lower_bl_H_0           : 7.31329e-05
	s_upper_bl_H_0           : 6.84309e-05
	s_lower_bl_H_1           : 6.4935e-05
	s_upper_bl_H_1           : 6.48446e-05
Epoch: 554 | Train Loss: 0.0483251 | Test Loss: 0.0754182 | analysis_confidence: 0.012038 | CL: 0.0257403 | ln_CD: 0.0728179 | CM: 0.00524 | Top_Xtr: 0.0307773 | Bot_Xtr: 0.0341118
Loss contributors: 
	s_analysis_confidence    : 0.0569079
	s_ln_CD                  : 0.00736216
	s_CL                     : 0.0035275
	s_CM                     : 0.00210644
	s_Bot_Xtr                : 0.000641549
	s_Top_Xtr                : 0.000539184
	s_lower_bl_H_0           : 7.31321e-05
	s_upper_bl_H_0           : 6.84297e-05
	s_lower_bl_H_1           : 6.49349e-05
	s_upper_bl_H_1           : 6.48462e-05
Epoch: 555 | Train Loss: 0.0483239 | Test Loss: 0.0754182 | analysis_confidence: 0.0120039 | CL: 0.0257395 | ln_CD: 0.0728266 | CM: 0.00524003 | Top_Xtr: 0.0307772 | Bot_Xtr: 0.0341122
Loss contributors: 
	s_analysis_confidence    : 0.0569083
	s_ln_CD                  : 0.00736173
	s_CL                     : 0.00352739
	s_CM                     : 0.00210645
	s_Bot_Xtr                : 0.00064162
	s_Top_Xtr                : 0.000539185
	s_lower_bl_H_0           : 7.31337e-05
	s_upper_bl_H_0           : 6.8431e-05
	s_lower_bl_H_1           : 6.49378e-05
	s_upper_bl_H_1           : 6.48468e-05
Epoch: 556 | Train Loss: 0.0483255 | Test Loss: 0.0754243 | analysis_confidence: 0.012003 | CL: 0.0257396 | ln_CD: 0.0728268 | CM: 0.00524022 | Top_Xtr: 0.0307761 | Bot_Xtr: 0.0341109
Loss contributors: 
	s_analysis_confidence    : 0.0569143
	s_ln_CD                  : 0.00736178
	s_CL                     : 0.00352741
	s_CM                     : 0.00210651
	s_Bot_Xtr                : 0.000641612
	s_Top_Xtr                : 0.000539193
	s_lower_bl_H_0           : 7.31324e-05
	s_upper_bl_H_0           : 6.843e-05
	s_lower_bl_H_1           : 6.49355e-05
	s_upper_bl_H_1           : 6.48472e-05
Epoch: 557 | Train Loss: 0.048324 | Test Loss: 0.0754265 | analysis_confidence: 0.0120196 | CL: 0.0257398 | ln_CD: 0.0728298 | CM: 0.00524001 | Top_Xtr: 0.0307766 | Bot_Xtr: 0.034112
Loss contributors: 
	s_analysis_confidence    : 0.0569161
	s_ln_CD                  : 0.00736224
	s_CL                     : 0.00352742
	s_CM                     : 0.00210645
	s_Bot_Xtr                : 0.000641601
	s_Top_Xtr                : 0.000539181
	s_lower_bl_H_0           : 7.31321e-05
	s_upper_bl_H_0           : 6.84299e-05
	s_lower_bl_H_1           : 6.49373e-05
	s_upper_bl_H_1           : 6.48472e-05
Epoch: 558 | Train Loss: 0.0483245 | Test Loss: 0.0754258 | analysis_confidence: 0.0120458 | CL: 0.0257375 | ln_CD: 0.0728211 | CM: 0.00523995 | Top_Xtr: 0.0307777 | Bot_Xtr: 0.0341112
Loss contributors: 
	s_analysis_confidence    : 0.0569156
	s_ln_CD                  : 0.00736224
	s_CL                     : 0.0035272
	s_CM                     : 0.00210641
	s_Bot_Xtr                : 0.000641591
	s_Top_Xtr                : 0.000539185
	s_lower_bl_H_0           : 7.31341e-05
	s_upper_bl_H_0           : 6.84328e-05
	s_lower_bl_H_1           : 6.49361e-05
	s_upper_bl_H_1           : 6.48495e-05
Epoch: 559 | Train Loss: 0.0483252 | Test Loss: 0.0754265 | analysis_confidence: 0.012001 | CL: 0.0257372 | ln_CD: 0.0728225 | CM: 0.00524012 | Top_Xtr: 0.0307773 | Bot_Xtr: 0.0341103
Loss contributors: 
	s_analysis_confidence    : 0.056917
	s_ln_CD                  : 0.0073618
	s_CL                     : 0.00352717
	s_CM                     : 0.00210646
	s_Bot_Xtr                : 0.000641529
	s_Top_Xtr                : 0.000539194
	s_lower_bl_H_0           : 7.31352e-05
	s_upper_bl_H_0           : 6.84326e-05
	s_lower_bl_H_1           : 6.49364e-05
	s_upper_bl_H_1           : 6.48476e-05
Epoch: 560 | Train Loss: 0.0483247 | Test Loss: 0.0754275 | analysis_confidence: 0.0120011 | CL: 0.0257398 | ln_CD: 0.0728319 | CM: 0.00524024 | Top_Xtr: 0.0307737 | Bot_Xtr: 0.0341089
Loss contributors: 
	s_analysis_confidence    : 0.0569172
	s_ln_CD                  : 0.00736203
	s_CL                     : 0.00352742
	s_CM                     : 0.00210653
	s_Bot_Xtr                : 0.000641625
	s_Top_Xtr                : 0.000539228
	s_lower_bl_H_0           : 7.3133e-05
	s_upper_bl_H_0           : 6.8429e-05
	s_lower_bl_H_1           : 6.49322e-05
	s_upper_bl_H_1           : 6.4845e-05
Epoch: 561 | Train Loss: 0.0483264 | Test Loss: 0.0754248 | analysis_confidence: 0.0120024 | CL: 0.0257401 | ln_CD: 0.0728443 | CM: 0.00524029 | Top_Xtr: 0.030776 | Bot_Xtr: 0.0341103
Loss contributors: 
	s_analysis_confidence    : 0.0569139
	s_ln_CD                  : 0.00736269
	s_CL                     : 0.00352746
	s_CM                     : 0.00210654
	s_Bot_Xtr                : 0.000641565
	s_Top_Xtr                : 0.000539188
	s_lower_bl_H_0           : 7.31348e-05
	s_upper_bl_H_0           : 6.84299e-05
	s_lower_bl_H_1           : 6.49339e-05
	s_upper_bl_H_1           : 6.48466e-05
Epoch: 562 | Train Loss: 0.0483249 | Test Loss: 0.0754182 | analysis_confidence: 0.0119886 | CL: 0.0257412 | ln_CD: 0.0728335 | CM: 0.0052403 | Top_Xtr: 0.0307781 | Bot_Xtr: 0.0341123
Loss contributors: 
	s_analysis_confidence    : 0.0569078
	s_ln_CD                  : 0.00736205
	s_CL                     : 0.00352761
	s_CM                     : 0.00210655
	s_Bot_Xtr                : 0.000641572
	s_Top_Xtr                : 0.000539178
	s_lower_bl_H_0           : 7.31351e-05
	s_upper_bl_H_0           : 6.84311e-05
	s_lower_bl_H_1           : 6.49352e-05
	s_upper_bl_H_1           : 6.48456e-05
Epoch: 563 | Train Loss: 0.0483252 | Test Loss: 0.0754247 | analysis_confidence: 0.0120513 | CL: 0.0257362 | ln_CD: 0.0728402 | CM: 0.00524002 | Top_Xtr: 0.0307762 | Bot_Xtr: 0.0341111
Loss contributors: 
	s_analysis_confidence    : 0.0569137
	s_ln_CD                  : 0.00736311
	s_CL                     : 0.00352711
	s_CM                     : 0.00210642
	s_Bot_Xtr                : 0.000641595
	s_Top_Xtr                : 0.000539186
	s_lower_bl_H_0           : 7.31363e-05
	s_upper_bl_H_0           : 6.84342e-05
	s_lower_bl_H_1           : 6.49386e-05
	s_upper_bl_H_1           : 6.4848e-05
Epoch: 564 | Train Loss: 0.0483255 | Test Loss: 0.0754309 | analysis_confidence: 0.0120226 | CL: 0.0257388 | ln_CD: 0.0728318 | CM: 0.00524016 | Top_Xtr: 0.0307787 | Bot_Xtr: 0.0341112
Loss contributors: 
	s_analysis_confidence    : 0.0569201
	s_ln_CD                  : 0.00736261
	s_CL                     : 0.00352735
	s_CM                     : 0.00210651
	s_Bot_Xtr                : 0.000641568
	s_Top_Xtr                : 0.0005392
	s_lower_bl_H_0           : 7.31337e-05
	s_upper_bl_H_0           : 6.84302e-05
	s_lower_bl_H_1           : 6.49345e-05
	s_upper_bl_H_1           : 6.48456e-05
Epoch: 565 | Train Loss: 0.0483247 | Test Loss: 0.0754308 | analysis_confidence: 0.0120476 | CL: 0.0257389 | ln_CD: 0.0728294 | CM: 0.00524018 | Top_Xtr: 0.030774 | Bot_Xtr: 0.0341096
Loss contributors: 
	s_analysis_confidence    : 0.0569209
	s_ln_CD                  : 0.00736185
	s_CL                     : 0.00352734
	s_CM                     : 0.00210651
	s_Bot_Xtr                : 0.00064156
	s_Top_Xtr                : 0.000539199
	s_lower_bl_H_0           : 7.31337e-05
	s_upper_bl_H_0           : 6.84309e-05
	s_lower_bl_H_1           : 6.49349e-05
	s_upper_bl_H_1           : 6.4844e-05
Epoch: 566 | Train Loss: 0.0483243 | Test Loss: 0.0754217 | analysis_confidence: 0.0119879 | CL: 0.0257384 | ln_CD: 0.0728207 | CM: 0.00523999 | Top_Xtr: 0.0307771 | Bot_Xtr: 0.0341123
Loss contributors: 
	s_analysis_confidence    : 0.0569116
	s_ln_CD                  : 0.00736207
	s_CL                     : 0.00352732
	s_CM                     : 0.00210644
	s_Bot_Xtr                : 0.00064156
	s_Top_Xtr                : 0.000539174
	s_lower_bl_H_0           : 7.31316e-05
	s_upper_bl_H_0           : 6.84298e-05
	s_lower_bl_H_1           : 6.4933e-05
	s_upper_bl_H_1           : 6.4844e-05
Epoch: 567 | Train Loss: 0.0483255 | Test Loss: 0.0754242 | analysis_confidence: 0.0120194 | CL: 0.0257382 | ln_CD: 0.0728344 | CM: 0.00524009 | Top_Xtr: 0.0307766 | Bot_Xtr: 0.034111
Loss contributors: 
	s_analysis_confidence    : 0.0569132
	s_ln_CD                  : 0.00736278
	s_CL                     : 0.00352729
	s_CM                     : 0.00210646
	s_Bot_Xtr                : 0.000641597
	s_Top_Xtr                : 0.000539187
	s_lower_bl_H_0           : 7.31343e-05
	s_upper_bl_H_0           : 6.84324e-05
	s_lower_bl_H_1           : 6.49376e-05
	s_upper_bl_H_1           : 6.48472e-05
Epoch: 568 | Train Loss: 0.0483255 | Test Loss: 0.0754251 | analysis_confidence: 0.0119978 | CL: 0.0257389 | ln_CD: 0.0728327 | CM: 0.00524013 | Top_Xtr: 0.0307738 | Bot_Xtr: 0.0341099
Loss contributors: 
	s_analysis_confidence    : 0.0569146
	s_ln_CD                  : 0.00736234
	s_CL                     : 0.00352737
	s_CM                     : 0.00210649
	s_Bot_Xtr                : 0.000641569
	s_Top_Xtr                : 0.000539166
	s_lower_bl_H_0           : 7.31357e-05
	s_upper_bl_H_0           : 6.8433e-05
	s_lower_bl_H_1           : 6.49385e-05
	s_upper_bl_H_1           : 6.48455e-05
Epoch: 569 | Train Loss: 0.0483266 | Test Loss: 0.0754269 | analysis_confidence: 0.0120409 | CL: 0.0257366 | ln_CD: 0.0728319 | CM: 0.00523998 | Top_Xtr: 0.0307777 | Bot_Xtr: 0.0341115
Loss contributors: 
	s_analysis_confidence    : 0.0569167
	s_ln_CD                  : 0.00736237
	s_CL                     : 0.00352711
	s_CM                     : 0.00210641
	s_Bot_Xtr                : 0.000641589
	s_Top_Xtr                : 0.000539183
	s_lower_bl_H_0           : 7.31336e-05
	s_upper_bl_H_0           : 6.84316e-05
	s_lower_bl_H_1           : 6.49362e-05
	s_upper_bl_H_1           : 6.48466e-05
Epoch: 570 | Train Loss: 0.0483261 | Test Loss: 0.0754239 | analysis_confidence: 0.0120196 | CL: 0.0257398 | ln_CD: 0.0728265 | CM: 0.0052402 | Top_Xtr: 0.0307746 | Bot_Xtr: 0.0341089
Loss contributors: 
	s_analysis_confidence    : 0.056914
	s_ln_CD                  : 0.00736165
	s_CL                     : 0.00352745
	s_CM                     : 0.00210649
	s_Bot_Xtr                : 0.000641589
	s_Top_Xtr                : 0.000539187
	s_lower_bl_H_0           : 7.31345e-05
	s_upper_bl_H_0           : 6.84317e-05
	s_lower_bl_H_1           : 6.4937e-05
	s_upper_bl_H_1           : 6.48451e-05
Epoch: 571 | Train Loss: 0.0483254 | Test Loss: 0.0754298 | analysis_confidence: 0.0120416 | CL: 0.0257388 | ln_CD: 0.0728225 | CM: 0.00524033 | Top_Xtr: 0.0307755 | Bot_Xtr: 0.0341112
Loss contributors: 
	s_analysis_confidence    : 0.0569194
	s_ln_CD                  : 0.00736226
	s_CL                     : 0.0035274
	s_CM                     : 0.00210651
	s_Bot_Xtr                : 0.000641561
	s_Top_Xtr                : 0.00053916
	s_lower_bl_H_0           : 7.31363e-05
	s_upper_bl_H_0           : 6.84322e-05
	s_lower_bl_H_1           : 6.49378e-05
	s_upper_bl_H_1           : 6.48467e-05
Epoch: 572 | Train Loss: 0.0483253 | Test Loss: 0.0754297 | analysis_confidence: 0.0120352 | CL: 0.0257381 | ln_CD: 0.0728294 | CM: 0.00524026 | Top_Xtr: 0.0307768 | Bot_Xtr: 0.0341114
Loss contributors: 
	s_analysis_confidence    : 0.0569188
	s_ln_CD                  : 0.00736272
	s_CL                     : 0.00352736
	s_CM                     : 0.00210649
	s_Bot_Xtr                : 0.000641574
	s_Top_Xtr                : 0.000539151
	s_lower_bl_H_0           : 7.31357e-05
	s_upper_bl_H_0           : 6.84325e-05
	s_lower_bl_H_1           : 6.4937e-05
	s_upper_bl_H_1           : 6.48479e-05
Epoch: 573 | Train Loss: 0.0483308 | Test Loss: 0.0754271 | analysis_confidence: 0.012036 | CL: 0.0257378 | ln_CD: 0.0728215 | CM: 0.00524024 | Top_Xtr: 0.0307809 | Bot_Xtr: 0.0341124
Loss contributors: 
	s_analysis_confidence    : 0.056917
	s_ln_CD                  : 0.00736208
	s_CL                     : 0.00352724
	s_CM                     : 0.00210649
	s_Bot_Xtr                : 0.000641555
	s_Top_Xtr                : 0.000539184
	s_lower_bl_H_0           : 7.31345e-05
	s_upper_bl_H_0           : 6.8431e-05
	s_lower_bl_H_1           : 6.49353e-05
	s_upper_bl_H_1           : 6.48464e-05
Epoch: 574 | Train Loss: 0.0483255 | Test Loss: 0.0754336 | analysis_confidence: 0.0120393 | CL: 0.0257394 | ln_CD: 0.0728271 | CM: 0.0052402 | Top_Xtr: 0.0307741 | Bot_Xtr: 0.034109
Loss contributors: 
	s_analysis_confidence    : 0.0569226
	s_ln_CD                  : 0.00736268
	s_CL                     : 0.00352745
	s_CM                     : 0.00210649
	s_Bot_Xtr                : 0.000641561
	s_Top_Xtr                : 0.000539179
	s_lower_bl_H_0           : 7.31346e-05
	s_upper_bl_H_0           : 6.84314e-05
	s_lower_bl_H_1           : 6.49358e-05
	s_upper_bl_H_1           : 6.48466e-05
Epoch: 575 | Train Loss: 0.0483262 | Test Loss: 0.0754288 | analysis_confidence: 0.0120607 | CL: 0.0257395 | ln_CD: 0.0728368 | CM: 0.00524033 | Top_Xtr: 0.0307761 | Bot_Xtr: 0.0341109
Loss contributors: 
	s_analysis_confidence    : 0.0569174
	s_ln_CD                  : 0.00736296
	s_CL                     : 0.00352747
	s_CM                     : 0.00210651
	s_Bot_Xtr                : 0.000641581
	s_Top_Xtr                : 0.000539168
	s_lower_bl_H_0           : 7.31361e-05
	s_upper_bl_H_0           : 6.84341e-05
	s_lower_bl_H_1           : 6.49385e-05
	s_upper_bl_H_1           : 6.48501e-05
Epoch: 576 | Train Loss: 0.0483266 | Test Loss: 0.0754299 | analysis_confidence: 0.0120382 | CL: 0.0257362 | ln_CD: 0.0728384 | CM: 0.00524011 | Top_Xtr: 0.0307764 | Bot_Xtr: 0.0341115
Loss contributors: 
	s_analysis_confidence    : 0.056919
	s_ln_CD                  : 0.00736297
	s_CL                     : 0.00352713
	s_CM                     : 0.00210645
	s_Bot_Xtr                : 0.000641586
	s_Top_Xtr                : 0.00053918
	s_lower_bl_H_0           : 7.31346e-05
	s_upper_bl_H_0           : 6.84324e-05
	s_lower_bl_H_1           : 6.49374e-05
	s_upper_bl_H_1           : 6.48477e-05
Epoch: 577 | Train Loss: 0.0483259 | Test Loss: 0.0754303 | analysis_confidence: 0.0120089 | CL: 0.0257366 | ln_CD: 0.0728487 | CM: 0.00524023 | Top_Xtr: 0.030778 | Bot_Xtr: 0.0341135
Loss contributors: 
	s_analysis_confidence    : 0.0569191
	s_ln_CD                  : 0.00736331
	s_CL                     : 0.00352717
	s_CM                     : 0.00210647
	s_Bot_Xtr                : 0.000641589
	s_Top_Xtr                : 0.000539167
	s_lower_bl_H_0           : 7.31366e-05
	s_upper_bl_H_0           : 6.8434e-05
	s_lower_bl_H_1           : 6.4939e-05
	s_upper_bl_H_1           : 6.48476e-05
Epoch: 578 | Train Loss: 0.0483264 | Test Loss: 0.0754278 | analysis_confidence: 0.0120317 | CL: 0.0257395 | ln_CD: 0.0728257 | CM: 0.00524036 | Top_Xtr: 0.0307736 | Bot_Xtr: 0.03411
Loss contributors: 
	s_analysis_confidence    : 0.0569174
	s_ln_CD                  : 0.00736216
	s_CL                     : 0.00352745
	s_CM                     : 0.00210652
	s_Bot_Xtr                : 0.000641589
	s_Top_Xtr                : 0.00053918
	s_lower_bl_H_0           : 7.31372e-05
	s_upper_bl_H_0           : 6.84333e-05
	s_lower_bl_H_1           : 6.49381e-05
	s_upper_bl_H_1           : 6.48478e-05
Epoch: 579 | Train Loss: 0.0483294 | Test Loss: 0.0754252 | analysis_confidence: 0.0120229 | CL: 0.0257392 | ln_CD: 0.0728313 | CM: 0.00524024 | Top_Xtr: 0.0307769 | Bot_Xtr: 0.03411
Loss contributors: 
	s_analysis_confidence    : 0.0569145
	s_ln_CD                  : 0.0073624
	s_CL                     : 0.00352743
	s_CM                     : 0.00210649
	s_Bot_Xtr                : 0.000641548
	s_Top_Xtr                : 0.000539179
	s_lower_bl_H_0           : 7.31362e-05
	s_upper_bl_H_0           : 6.84332e-05
	s_lower_bl_H_1           : 6.49376e-05
	s_upper_bl_H_1           : 6.48486e-05
Epoch: 580 | Train Loss: 0.0483259 | Test Loss: 0.0754311 | analysis_confidence: 0.0120293 | CL: 0.0257384 | ln_CD: 0.0728309 | CM: 0.00524034 | Top_Xtr: 0.0307772 | Bot_Xtr: 0.0341107
Loss contributors: 
	s_analysis_confidence    : 0.0569205
	s_ln_CD                  : 0.00736243
	s_CL                     : 0.00352741
	s_CM                     : 0.00210654
	s_Bot_Xtr                : 0.000641573
	s_Top_Xtr                : 0.000539174
	s_lower_bl_H_0           : 7.31363e-05
	s_upper_bl_H_0           : 6.84326e-05
	s_lower_bl_H_1           : 6.49375e-05
	s_upper_bl_H_1           : 6.48473e-05
Epoch: 581 | Train Loss: 0.0483282 | Test Loss: 0.075423 | analysis_confidence: 0.0120135 | CL: 0.025736 | ln_CD: 0.0728288 | CM: 0.00524008 | Top_Xtr: 0.0307772 | Bot_Xtr: 0.0341096
Loss contributors: 
	s_analysis_confidence    : 0.0569121
	s_ln_CD                  : 0.00736306
	s_CL                     : 0.00352714
	s_CM                     : 0.00210641
	s_Bot_Xtr                : 0.000641568
	s_Top_Xtr                : 0.000539179
	s_lower_bl_H_0           : 7.31361e-05
	s_upper_bl_H_0           : 6.84333e-05
	s_lower_bl_H_1           : 6.49382e-05
	s_upper_bl_H_1           : 6.48491e-05
Epoch: 582 | Train Loss: 0.0483275 | Test Loss: 0.075427 | analysis_confidence: 0.0120227 | CL: 0.0257378 | ln_CD: 0.0728372 | CM: 0.00524019 | Top_Xtr: 0.0307804 | Bot_Xtr: 0.0341093
Loss contributors: 
	s_analysis_confidence    : 0.0569161
	s_ln_CD                  : 0.00736271
	s_CL                     : 0.00352732
	s_CM                     : 0.00210645
	s_Bot_Xtr                : 0.000641541
	s_Top_Xtr                : 0.00053919
	s_lower_bl_H_0           : 7.31376e-05
	s_upper_bl_H_0           : 6.84344e-05
	s_lower_bl_H_1           : 6.49398e-05
	s_upper_bl_H_1           : 6.48504e-05
Epoch: 583 | Train Loss: 0.0483261 | Test Loss: 0.075427 | analysis_confidence: 0.0119995 | CL: 0.0257401 | ln_CD: 0.0728157 | CM: 0.00524023 | Top_Xtr: 0.0307744 | Bot_Xtr: 0.0341074
Loss contributors: 
	s_analysis_confidence    : 0.0569166
	s_ln_CD                  : 0.00736207
	s_CL                     : 0.00352758
	s_CM                     : 0.00210651
	s_Bot_Xtr                : 0.000641576
	s_Top_Xtr                : 0.000539194
	s_lower_bl_H_0           : 7.31356e-05
	s_upper_bl_H_0           : 6.84323e-05
	s_lower_bl_H_1           : 6.49374e-05
	s_upper_bl_H_1           : 6.48455e-05
Epoch: 584 | Train Loss: 0.048327 | Test Loss: 0.0754206 | analysis_confidence: 0.0119913 | CL: 0.025741 | ln_CD: 0.0728281 | CM: 0.00524042 | Top_Xtr: 0.0307767 | Bot_Xtr: 0.0341104
Loss contributors: 
	s_analysis_confidence    : 0.0569101
	s_ln_CD                  : 0.00736213
	s_CL                     : 0.00352764
	s_CM                     : 0.00210656
	s_Bot_Xtr                : 0.000641564
	s_Top_Xtr                : 0.000539175
	s_lower_bl_H_0           : 7.31358e-05
	s_upper_bl_H_0           : 6.84324e-05
	s_lower_bl_H_1           : 6.49366e-05
	s_upper_bl_H_1           : 6.48473e-05
Epoch: 585 | Train Loss: 0.0483267 | Test Loss: 0.0754275 | analysis_confidence: 0.0120236 | CL: 0.0257395 | ln_CD: 0.0728168 | CM: 0.00524022 | Top_Xtr: 0.0307788 | Bot_Xtr: 0.0341118
Loss contributors: 
	s_analysis_confidence    : 0.0569172
	s_ln_CD                  : 0.00736214
	s_CL                     : 0.00352747
	s_CM                     : 0.00210648
	s_Bot_Xtr                : 0.000641566
	s_Top_Xtr                : 0.000539174
	s_lower_bl_H_0           : 7.31358e-05
	s_upper_bl_H_0           : 6.84316e-05
	s_lower_bl_H_1           : 6.49352e-05
	s_upper_bl_H_1           : 6.48488e-05
Epoch: 586 | Train Loss: 0.0483262 | Test Loss: 0.0754348 | analysis_confidence: 0.0120462 | CL: 0.0257384 | ln_CD: 0.072828 | CM: 0.00524021 | Top_Xtr: 0.0307759 | Bot_Xtr: 0.0341106
Loss contributors: 
	s_analysis_confidence    : 0.0569245
	s_ln_CD                  : 0.00736208
	s_CL                     : 0.00352737
	s_CM                     : 0.00210647
	s_Bot_Xtr                : 0.000641609
	s_Top_Xtr                : 0.000539188
	s_lower_bl_H_0           : 7.31347e-05
	s_upper_bl_H_0           : 6.84319e-05
	s_lower_bl_H_1           : 6.49342e-05
	s_upper_bl_H_1           : 6.48481e-05
Epoch: 587 | Train Loss: 0.048327 | Test Loss: 0.0754334 | analysis_confidence: 0.0120254 | CL: 0.0257397 | ln_CD: 0.0728236 | CM: 0.00524026 | Top_Xtr: 0.0307763 | Bot_Xtr: 0.0341091
Loss contributors: 
	s_analysis_confidence    : 0.0569228
	s_ln_CD                  : 0.00736241
	s_CL                     : 0.00352749
	s_CM                     : 0.0021065
	s_Bot_Xtr                : 0.000641571
	s_Top_Xtr                : 0.000539184
	s_lower_bl_H_0           : 7.31354e-05
	s_upper_bl_H_0           : 6.84331e-05
	s_lower_bl_H_1           : 6.49364e-05
	s_upper_bl_H_1           : 6.48473e-05
Epoch: 588 | Train Loss: 0.0483282 | Test Loss: 0.0754208 | analysis_confidence: 0.0119987 | CL: 0.0257419 | ln_CD: 0.0728297 | CM: 0.00524045 | Top_Xtr: 0.0307774 | Bot_Xtr: 0.0341105
Loss contributors: 
	s_analysis_confidence    : 0.0569095
	s_ln_CD                  : 0.00736264
	s_CL                     : 0.00352774
	s_CM                     : 0.00210657
	s_Bot_Xtr                : 0.000641573
	s_Top_Xtr                : 0.000539178
	s_lower_bl_H_0           : 7.31365e-05
	s_upper_bl_H_0           : 6.84338e-05
	s_lower_bl_H_1           : 6.4939e-05
	s_upper_bl_H_1           : 6.48485e-05
Epoch: 589 | Train Loss: 0.0483271 | Test Loss: 0.0754175 | analysis_confidence: 0.0119866 | CL: 0.0257389 | ln_CD: 0.0728345 | CM: 0.00524028 | Top_Xtr: 0.0307746 | Bot_Xtr: 0.0341095
Loss contributors: 
	s_analysis_confidence    : 0.0569072
	s_ln_CD                  : 0.0073621
	s_CL                     : 0.0035274
	s_CM                     : 0.00210649
	s_Bot_Xtr                : 0.000641605
	s_Top_Xtr                : 0.000539195
	s_lower_bl_H_0           : 7.31377e-05
	s_upper_bl_H_0           : 6.84342e-05
	s_lower_bl_H_1           : 6.49389e-05
	s_upper_bl_H_1           : 6.48474e-05
Epoch: 590 | Train Loss: 0.048327 | Test Loss: 0.0754375 | analysis_confidence: 0.0120431 | CL: 0.0257373 | ln_CD: 0.0728191 | CM: 0.00524006 | Top_Xtr: 0.0307786 | Bot_Xtr: 0.0341102
Loss contributors: 
	s_analysis_confidence    : 0.0569271
	s_ln_CD                  : 0.00736246
	s_CL                     : 0.0035272
	s_CM                     : 0.00210641
	s_Bot_Xtr                : 0.000641557
	s_Top_Xtr                : 0.000539184
	s_lower_bl_H_0           : 7.31348e-05
	s_upper_bl_H_0           : 6.84305e-05
	s_lower_bl_H_1           : 6.49365e-05
	s_upper_bl_H_1           : 6.48469e-05
Epoch: 591 | Train Loss: 0.0483269 | Test Loss: 0.0754292 | analysis_confidence: 0.0120266 | CL: 0.0257407 | ln_CD: 0.0728242 | CM: 0.0052404 | Top_Xtr: 0.030774 | Bot_Xtr: 0.0341126
Loss contributors: 
	s_analysis_confidence    : 0.0569185
	s_ln_CD                  : 0.00736223
	s_CL                     : 0.00352757
	s_CM                     : 0.00210654
	s_Bot_Xtr                : 0.000641609
	s_Top_Xtr                : 0.000539168
	s_lower_bl_H_0           : 7.3136e-05
	s_upper_bl_H_0           : 6.84323e-05
	s_lower_bl_H_1           : 6.49364e-05
	s_upper_bl_H_1           : 6.48475e-05
Epoch: 592 | Train Loss: 0.0483295 | Test Loss: 0.0754319 | analysis_confidence: 0.0120306 | CL: 0.0257409 | ln_CD: 0.072841 | CM: 0.00524055 | Top_Xtr: 0.0307726 | Bot_Xtr: 0.0341124
Loss contributors: 
	s_analysis_confidence    : 0.0569199
	s_ln_CD                  : 0.00736355
	s_CL                     : 0.00352761
	s_CM                     : 0.00210658
	s_Bot_Xtr                : 0.000641587
	s_Top_Xtr                : 0.000539143
	s_lower_bl_H_0           : 7.31364e-05
	s_upper_bl_H_0           : 6.84328e-05
	s_lower_bl_H_1           : 6.49388e-05
	s_upper_bl_H_1           : 6.48479e-05
Epoch: 593 | Train Loss: 0.0483302 | Test Loss: 0.0754277 | analysis_confidence: 0.0120147 | CL: 0.0257411 | ln_CD: 0.0728314 | CM: 0.00524045 | Top_Xtr: 0.0307769 | Bot_Xtr: 0.0341117
Loss contributors: 
	s_analysis_confidence    : 0.0569171
	s_ln_CD                  : 0.00736207
	s_CL                     : 0.00352761
	s_CM                     : 0.00210655
	s_Bot_Xtr                : 0.000641563
	s_Top_Xtr                : 0.000539176
	s_lower_bl_H_0           : 7.31372e-05
	s_upper_bl_H_0           : 6.84325e-05
	s_lower_bl_H_1           : 6.49365e-05
	s_upper_bl_H_1           : 6.48484e-05
Epoch: 594 | Train Loss: 0.0483279 | Test Loss: 0.0754283 | analysis_confidence: 0.0120347 | CL: 0.0257388 | ln_CD: 0.0728231 | CM: 0.0052402 | Top_Xtr: 0.0307752 | Bot_Xtr: 0.0341097
Loss contributors: 
	s_analysis_confidence    : 0.0569177
	s_ln_CD                  : 0.00736245
	s_CL                     : 0.0035274
	s_CM                     : 0.00210646
	s_Bot_Xtr                : 0.00064156
	s_Top_Xtr                : 0.000539166
	s_lower_bl_H_0           : 7.3137e-05
	s_upper_bl_H_0           : 6.84325e-05
	s_lower_bl_H_1           : 6.49353e-05
	s_upper_bl_H_1           : 6.48481e-05
Epoch: 595 | Train Loss: 0.0483277 | Test Loss: 0.0754351 | analysis_confidence: 0.0120497 | CL: 0.0257394 | ln_CD: 0.0728392 | CM: 0.00524032 | Top_Xtr: 0.0307766 | Bot_Xtr: 0.0341115
Loss contributors: 
	s_analysis_confidence    : 0.056924
	s_ln_CD                  : 0.00736274
	s_CL                     : 0.0035275
	s_CM                     : 0.00210649
	s_Bot_Xtr                : 0.000641569
	s_Top_Xtr                : 0.000539172
	s_lower_bl_H_0           : 7.31376e-05
	s_upper_bl_H_0           : 6.84341e-05
	s_lower_bl_H_1           : 6.49384e-05
	s_upper_bl_H_1           : 6.48494e-05
Epoch: 596 | Train Loss: 0.0483284 | Test Loss: 0.0754293 | analysis_confidence: 0.0120026 | CL: 0.0257424 | ln_CD: 0.0728222 | CM: 0.00524042 | Top_Xtr: 0.0307784 | Bot_Xtr: 0.0341126
Loss contributors: 
	s_analysis_confidence    : 0.0569192
	s_ln_CD                  : 0.00736173
	s_CL                     : 0.00352775
	s_CM                     : 0.00210658
	s_Bot_Xtr                : 0.00064153
	s_Top_Xtr                : 0.000539183
	s_lower_bl_H_0           : 7.31365e-05
	s_upper_bl_H_0           : 6.84324e-05
	s_lower_bl_H_1           : 6.49352e-05
	s_upper_bl_H_1           : 6.48467e-05
Epoch: 597 | Train Loss: 0.0483273 | Test Loss: 0.0754323 | analysis_confidence: 0.0120364 | CL: 0.0257407 | ln_CD: 0.0728243 | CM: 0.00524041 | Top_Xtr: 0.0307724 | Bot_Xtr: 0.0341097
Loss contributors: 
	s_analysis_confidence    : 0.0569217
	s_ln_CD                  : 0.00736217
	s_CL                     : 0.00352756
	s_CM                     : 0.00210654
	s_Bot_Xtr                : 0.000641591
	s_Top_Xtr                : 0.000539185
	s_lower_bl_H_0           : 7.31366e-05
	s_upper_bl_H_0           : 6.84338e-05
	s_lower_bl_H_1           : 6.49369e-05
	s_upper_bl_H_1           : 6.48485e-05
Epoch: 598 | Train Loss: 0.0483282 | Test Loss: 0.0754293 | analysis_confidence: 0.0120239 | CL: 0.0257381 | ln_CD: 0.0728293 | CM: 0.00524037 | Top_Xtr: 0.0307744 | Bot_Xtr: 0.0341106
Loss contributors: 
	s_analysis_confidence    : 0.0569187
	s_ln_CD                  : 0.00736252
	s_CL                     : 0.00352733
	s_CM                     : 0.00210651
	s_Bot_Xtr                : 0.000641574
	s_Top_Xtr                : 0.000539156
	s_lower_bl_H_0           : 7.31369e-05
	s_upper_bl_H_0           : 6.84346e-05
	s_lower_bl_H_1           : 6.49377e-05
	s_upper_bl_H_1           : 6.48492e-05
Epoch: 599 | Train Loss: 0.0483287 | Test Loss: 0.0754354 | analysis_confidence: 0.0120182 | CL: 0.0257389 | ln_CD: 0.07284 | CM: 0.00524045 | Top_Xtr: 0.0307735 | Bot_Xtr: 0.0341092
Loss contributors: 
	s_analysis_confidence    : 0.0569242
	s_ln_CD                  : 0.00736287
	s_CL                     : 0.00352742
	s_CM                     : 0.00210653
	s_Bot_Xtr                : 0.000641588
	s_Top_Xtr                : 0.000539168
	s_lower_bl_H_0           : 7.31385e-05
	s_upper_bl_H_0           : 6.84354e-05
	s_lower_bl_H_1           : 6.49369e-05
	s_upper_bl_H_1           : 6.48505e-05
Epoch: 600 | Train Loss: 0.0483293 | Test Loss: 0.075434 | analysis_confidence: 0.0120242 | CL: 0.0257405 | ln_CD: 0.072843 | CM: 0.0052405 | Top_Xtr: 0.0307736 | Bot_Xtr: 0.034108
Loss contributors: 
	s_analysis_confidence    : 0.0569229
	s_ln_CD                  : 0.00736268
	s_CL                     : 0.00352755
	s_CM                     : 0.00210659
	s_Bot_Xtr                : 0.000641567
	s_Top_Xtr                : 0.000539198
	s_lower_bl_H_0           : 7.31376e-05
	s_upper_bl_H_0           : 6.84338e-05
	s_lower_bl_H_1           : 6.49355e-05
	s_upper_bl_H_1           : 6.48476e-05
Epoch: 601 | Train Loss: 0.0483278 | Test Loss: 0.0754349 | analysis_confidence: 0.0120054 | CL: 0.0257426 | ln_CD: 0.0728256 | CM: 0.00524058 | Top_Xtr: 0.0307751 | Bot_Xtr: 0.0341073
Loss contributors: 
	s_analysis_confidence    : 0.0569247
	s_ln_CD                  : 0.00736183
	s_CL                     : 0.00352773
	s_CM                     : 0.00210662
	s_Bot_Xtr                : 0.00064151
	s_Top_Xtr                : 0.000539183
	s_lower_bl_H_0           : 7.3135e-05
	s_upper_bl_H_0           : 6.84305e-05
	s_lower_bl_H_1           : 6.49329e-05
	s_upper_bl_H_1           : 6.48442e-05
Epoch: 602 | Train Loss: 0.0483292 | Test Loss: 0.075428 | analysis_confidence: 0.0119836 | CL: 0.0257402 | ln_CD: 0.0728294 | CM: 0.00524051 | Top_Xtr: 0.0307742 | Bot_Xtr: 0.0341113
Loss contributors: 
	s_analysis_confidence    : 0.0569178
	s_ln_CD                  : 0.00736191
	s_CL                     : 0.0035275
	s_CM                     : 0.00210656
	s_Bot_Xtr                : 0.000641566
	s_Top_Xtr                : 0.000539174
	s_lower_bl_H_0           : 7.31364e-05
	s_upper_bl_H_0           : 6.84322e-05
	s_lower_bl_H_1           : 6.49354e-05
	s_upper_bl_H_1           : 6.48458e-05
Epoch: 603 | Train Loss: 0.0483279 | Test Loss: 0.0754367 | analysis_confidence: 0.0120583 | CL: 0.0257379 | ln_CD: 0.0728489 | CM: 0.00524035 | Top_Xtr: 0.0307734 | Bot_Xtr: 0.0341134
Loss contributors: 
	s_analysis_confidence    : 0.0569254
	s_ln_CD                  : 0.00736312
	s_CL                     : 0.0035273
	s_CM                     : 0.0021065
	s_Bot_Xtr                : 0.000641645
	s_Top_Xtr                : 0.00053917
	s_lower_bl_H_0           : 7.31387e-05
	s_upper_bl_H_0           : 6.84362e-05
	s_lower_bl_H_1           : 6.49396e-05
	s_upper_bl_H_1           : 6.48493e-05
Epoch: 604 | Train Loss: 0.0483293 | Test Loss: 0.075433 | analysis_confidence: 0.0120396 | CL: 0.025739 | ln_CD: 0.0728258 | CM: 0.00524045 | Top_Xtr: 0.0307764 | Bot_Xtr: 0.0341109
Loss contributors: 
	s_analysis_confidence    : 0.0569226
	s_ln_CD                  : 0.00736224
	s_CL                     : 0.00352743
	s_CM                     : 0.00210657
	s_Bot_Xtr                : 0.000641595
	s_Top_Xtr                : 0.00053916
	s_lower_bl_H_0           : 7.31363e-05
	s_upper_bl_H_0           : 6.84331e-05
	s_lower_bl_H_1           : 6.49353e-05
	s_upper_bl_H_1           : 6.4848e-05
Epoch: 605 | Train Loss: 0.0483279 | Test Loss: 0.0754322 | analysis_confidence: 0.0120025 | CL: 0.0257383 | ln_CD: 0.0728298 | CM: 0.00524049 | Top_Xtr: 0.0307752 | Bot_Xtr: 0.0341116
Loss contributors: 
	s_analysis_confidence    : 0.0569217
	s_ln_CD                  : 0.00736227
	s_CL                     : 0.00352732
	s_CM                     : 0.00210655
	s_Bot_Xtr                : 0.000641568
	s_Top_Xtr                : 0.000539159
	s_lower_bl_H_0           : 7.31379e-05
	s_upper_bl_H_0           : 6.84354e-05
	s_lower_bl_H_1           : 6.49382e-05
	s_upper_bl_H_1           : 6.48501e-05
Epoch: 606 | Train Loss: 0.0483285 | Test Loss: 0.0754366 | analysis_confidence: 0.0120516 | CL: 0.0257403 | ln_CD: 0.0728234 | CM: 0.00524056 | Top_Xtr: 0.0307714 | Bot_Xtr: 0.0341098
Loss contributors: 
	s_analysis_confidence    : 0.0569259
	s_ln_CD                  : 0.00736235
	s_CL                     : 0.00352755
	s_CM                     : 0.00210659
	s_Bot_Xtr                : 0.000641567
	s_Top_Xtr                : 0.00053915
	s_lower_bl_H_0           : 7.31354e-05
	s_upper_bl_H_0           : 6.8433e-05
	s_lower_bl_H_1           : 6.49367e-05
	s_upper_bl_H_1           : 6.48463e-05
Epoch: 607 | Train Loss: 0.0483287 | Test Loss: 0.0754267 | analysis_confidence: 0.0120143 | CL: 0.0257397 | ln_CD: 0.0728302 | CM: 0.00524053 | Top_Xtr: 0.030774 | Bot_Xtr: 0.0341128
Loss contributors: 
	s_analysis_confidence    : 0.056916
	s_ln_CD                  : 0.00736241
	s_CL                     : 0.00352751
	s_CM                     : 0.00210657
	s_Bot_Xtr                : 0.000641558
	s_Top_Xtr                : 0.000539144
	s_lower_bl_H_0           : 7.31361e-05
	s_upper_bl_H_0           : 6.84335e-05
	s_lower_bl_H_1           : 6.49384e-05
	s_upper_bl_H_1           : 6.48476e-05
Epoch: 608 | Train Loss: 0.0483289 | Test Loss: 0.0754358 | analysis_confidence: 0.0120152 | CL: 0.0257413 | ln_CD: 0.0728285 | CM: 0.00524067 | Top_Xtr: 0.0307748 | Bot_Xtr: 0.0341121
Loss contributors: 
	s_analysis_confidence    : 0.0569249
	s_ln_CD                  : 0.00736251
	s_CL                     : 0.00352766
	s_CM                     : 0.00210664
	s_Bot_Xtr                : 0.000641594
	s_Top_Xtr                : 0.000539142
	s_lower_bl_H_0           : 7.31356e-05
	s_upper_bl_H_0           : 6.84332e-05
	s_lower_bl_H_1           : 6.49364e-05
	s_upper_bl_H_1           : 6.48461e-05
Epoch: 609 | Train Loss: 0.0483285 | Test Loss: 0.0754257 | analysis_confidence: 0.0120367 | CL: 0.0257383 | ln_CD: 0.0728284 | CM: 0.00524043 | Top_Xtr: 0.0307788 | Bot_Xtr: 0.0341125
Loss contributors: 
	s_analysis_confidence    : 0.0569145
	s_ln_CD                  : 0.00736318
	s_CL                     : 0.00352733
	s_CM                     : 0.00210651
	s_Bot_Xtr                : 0.000641538
	s_Top_Xtr                : 0.000539133
	s_lower_bl_H_0           : 7.31363e-05
	s_upper_bl_H_0           : 6.8435e-05
	s_lower_bl_H_1           : 6.49376e-05
	s_upper_bl_H_1           : 6.48505e-05
Epoch: 610 | Train Loss: 0.0483292 | Test Loss: 0.0754331 | analysis_confidence: 0.0120259 | CL: 0.0257406 | ln_CD: 0.0728348 | CM: 0.00524057 | Top_Xtr: 0.0307725 | Bot_Xtr: 0.0341132
Loss contributors: 
	s_analysis_confidence    : 0.0569221
	s_ln_CD                  : 0.00736259
	s_CL                     : 0.0035276
	s_CM                     : 0.00210658
	s_Bot_Xtr                : 0.000641593
	s_Top_Xtr                : 0.000539128
	s_lower_bl_H_0           : 7.3137e-05
	s_upper_bl_H_0           : 6.84349e-05
	s_lower_bl_H_1           : 6.49387e-05
	s_upper_bl_H_1           : 6.48483e-05
Epoch: 611 | Train Loss: 0.0483288 | Test Loss: 0.0754372 | analysis_confidence: 0.0120435 | CL: 0.0257398 | ln_CD: 0.072839 | CM: 0.00524062 | Top_Xtr: 0.0307742 | Bot_Xtr: 0.0341127
Loss contributors: 
	s_analysis_confidence    : 0.0569258
	s_ln_CD                  : 0.00736304
	s_CL                     : 0.0035275
	s_CM                     : 0.0021066
	s_Bot_Xtr                : 0.000641571
	s_Top_Xtr                : 0.000539128
	s_lower_bl_H_0           : 7.3139e-05
	s_upper_bl_H_0           : 6.84371e-05
	s_lower_bl_H_1           : 6.49409e-05
	s_upper_bl_H_1           : 6.48507e-05
Epoch: 612 | Train Loss: 0.0483308 | Test Loss: 0.0754367 | analysis_confidence: 0.012031 | CL: 0.0257392 | ln_CD: 0.0728324 | CM: 0.00524049 | Top_Xtr: 0.0307789 | Bot_Xtr: 0.0341154
Loss contributors: 
	s_analysis_confidence    : 0.0569253
	s_ln_CD                  : 0.00736314
	s_CL                     : 0.00352745
	s_CM                     : 0.00210656
	s_Bot_Xtr                : 0.000641558
	s_Top_Xtr                : 0.000539134
	s_lower_bl_H_0           : 7.31356e-05
	s_upper_bl_H_0           : 6.84339e-05
	s_lower_bl_H_1           : 6.49384e-05
	s_upper_bl_H_1           : 6.48483e-05
Epoch: 613 | Train Loss: 0.0483285 | Test Loss: 0.075436 | analysis_confidence: 0.0120064 | CL: 0.0257405 | ln_CD: 0.0728313 | CM: 0.00524059 | Top_Xtr: 0.0307758 | Bot_Xtr: 0.0341112
Loss contributors: 
	s_analysis_confidence    : 0.0569248
	s_ln_CD                  : 0.0073629
	s_CL                     : 0.00352759
	s_CM                     : 0.0021066
	s_Bot_Xtr                : 0.000641574
	s_Top_Xtr                : 0.00053914
	s_lower_bl_H_0           : 7.31351e-05
	s_upper_bl_H_0           : 6.84322e-05
	s_lower_bl_H_1           : 6.4935e-05
	s_upper_bl_H_1           : 6.48484e-05
Epoch: 614 | Train Loss: 0.048331 | Test Loss: 0.0754432 | analysis_confidence: 0.0120399 | CL: 0.0257472 | ln_CD: 0.0728403 | CM: 0.00524089 | Top_Xtr: 0.0307739 | Bot_Xtr: 0.0341099
Loss contributors: 
	s_analysis_confidence    : 0.056932
	s_ln_CD                  : 0.00736209
	s_CL                     : 0.00352827
	s_CM                     : 0.00210674
	s_Bot_Xtr                : 0.000641601
	s_Top_Xtr                : 0.000539174
	s_lower_bl_H_0           : 7.3137e-05
	s_upper_bl_H_0           : 6.8434e-05
	s_lower_bl_H_1           : 6.49365e-05
	s_upper_bl_H_1           : 6.48454e-05
Epoch: 615 | Train Loss: 0.0483306 | Test Loss: 0.0754359 | analysis_confidence: 0.0120033 | CL: 0.0257418 | ln_CD: 0.0728461 | CM: 0.00524084 | Top_Xtr: 0.0307737 | Bot_Xtr: 0.0341119
Loss contributors: 
	s_analysis_confidence    : 0.0569238
	s_ln_CD                  : 0.00736345
	s_CL                     : 0.00352774
	s_CM                     : 0.00210666
	s_Bot_Xtr                : 0.000641534
	s_Top_Xtr                : 0.000539129
	s_lower_bl_H_0           : 7.31386e-05
	s_upper_bl_H_0           : 6.84362e-05
	s_lower_bl_H_1           : 6.49365e-05
	s_upper_bl_H_1           : 6.48512e-05
Epoch: 616 | Train Loss: 0.0483291 | Test Loss: 0.0754366 | analysis_confidence: 0.0120309 | CL: 0.0257389 | ln_CD: 0.0728371 | CM: 0.00524056 | Top_Xtr: 0.0307714 | Bot_Xtr: 0.0341124
Loss contributors: 
	s_analysis_confidence    : 0.0569253
	s_ln_CD                  : 0.00736305
	s_CL                     : 0.00352744
	s_CM                     : 0.00210657
	s_Bot_Xtr                : 0.000641593
	s_Top_Xtr                : 0.000539127
	s_lower_bl_H_0           : 7.31378e-05
	s_upper_bl_H_0           : 6.84346e-05
	s_lower_bl_H_1           : 6.49368e-05
	s_upper_bl_H_1           : 6.4849e-05
Epoch: 617 | Train Loss: 0.0483294 | Test Loss: 0.0754421 | analysis_confidence: 0.0120337 | CL: 0.025742 | ln_CD: 0.0728415 | CM: 0.00524077 | Top_Xtr: 0.0307708 | Bot_Xtr: 0.0341108
Loss contributors: 
	s_analysis_confidence    : 0.056931
	s_ln_CD                  : 0.00736243
	s_CL                     : 0.00352776
	s_CM                     : 0.00210667
	s_Bot_Xtr                : 0.000641572
	s_Top_Xtr                : 0.000539151
	s_lower_bl_H_0           : 7.31397e-05
	s_upper_bl_H_0           : 6.84361e-05
	s_lower_bl_H_1           : 6.49384e-05
	s_upper_bl_H_1           : 6.48478e-05
Epoch: 618 | Train Loss: 0.0483316 | Test Loss: 0.0754331 | analysis_confidence: 0.0120284 | CL: 0.0257411 | ln_CD: 0.072822 | CM: 0.00524074 | Top_Xtr: 0.0307729 | Bot_Xtr: 0.0341088
Loss contributors: 
	s_analysis_confidence    : 0.0569227
	s_ln_CD                  : 0.00736199
	s_CL                     : 0.00352763
	s_CM                     : 0.00210665
	s_Bot_Xtr                : 0.000641509
	s_Top_Xtr                : 0.00053916
	s_lower_bl_H_0           : 7.31363e-05
	s_upper_bl_H_0           : 6.84331e-05
	s_lower_bl_H_1           : 6.49359e-05
	s_upper_bl_H_1           : 6.48476e-05
Epoch: 619 | Train Loss: 0.04833 | Test Loss: 0.0754335 | analysis_confidence: 0.0120047 | CL: 0.0257429 | ln_CD: 0.072834 | CM: 0.00524084 | Top_Xtr: 0.0307749 | Bot_Xtr: 0.0341087
Loss contributors: 
	s_analysis_confidence    : 0.0569227
	s_ln_CD                  : 0.00736209
	s_CL                     : 0.00352782
	s_CM                     : 0.00210669
	s_Bot_Xtr                : 0.000641518
	s_Top_Xtr                : 0.000539155
	s_lower_bl_H_0           : 7.3137e-05
	s_upper_bl_H_0           : 6.84341e-05
	s_lower_bl_H_1           : 6.49354e-05
	s_upper_bl_H_1           : 6.48482e-05
Epoch: 620 | Train Loss: 0.0483292 | Test Loss: 0.0754356 | analysis_confidence: 0.0120152 | CL: 0.0257394 | ln_CD: 0.0728445 | CM: 0.00524066 | Top_Xtr: 0.0307743 | Bot_Xtr: 0.0341103
Loss contributors: 
	s_analysis_confidence    : 0.056924
	s_ln_CD                  : 0.0073633
	s_CL                     : 0.00352745
	s_CM                     : 0.00210659
	s_Bot_Xtr                : 0.000641557
	s_Top_Xtr                : 0.000539156
	s_lower_bl_H_0           : 7.31375e-05
	s_upper_bl_H_0           : 6.84359e-05
	s_lower_bl_H_1           : 6.4937e-05
	s_upper_bl_H_1           : 6.48499e-05
Epoch: 621 | Train Loss: 0.0483319 | Test Loss: 0.0754294 | analysis_confidence: 0.0120172 | CL: 0.0257398 | ln_CD: 0.072824 | CM: 0.00524066 | Top_Xtr: 0.030774 | Bot_Xtr: 0.0341115
Loss contributors: 
	s_analysis_confidence    : 0.0569186
	s_ln_CD                  : 0.00736245
	s_CL                     : 0.00352749
	s_CM                     : 0.00210661
	s_Bot_Xtr                : 0.000641581
	s_Top_Xtr                : 0.000539167
	s_lower_bl_H_0           : 7.31369e-05
	s_upper_bl_H_0           : 6.84349e-05
	s_lower_bl_H_1           : 6.49377e-05
	s_upper_bl_H_1           : 6.48498e-05
Epoch: 622 | Train Loss: 0.0483291 | Test Loss: 0.0754395 | analysis_confidence: 0.0120438 | CL: 0.0257357 | ln_CD: 0.0728391 | CM: 0.00524049 | Top_Xtr: 0.030773 | Bot_Xtr: 0.0341107
Loss contributors: 
	s_analysis_confidence    : 0.0569284
	s_ln_CD                  : 0.00736321
	s_CL                     : 0.00352708
	s_CM                     : 0.0021065
	s_Bot_Xtr                : 0.000641544
	s_Top_Xtr                : 0.000539154
	s_lower_bl_H_0           : 7.31386e-05
	s_upper_bl_H_0           : 6.84386e-05
	s_lower_bl_H_1           : 6.49401e-05
	s_upper_bl_H_1           : 6.48529e-05
Epoch: 623 | Train Loss: 0.0483303 | Test Loss: 0.0754367 | analysis_confidence: 0.0120102 | CL: 0.0257423 | ln_CD: 0.0728327 | CM: 0.00524072 | Top_Xtr: 0.0307734 | Bot_Xtr: 0.0341089
Loss contributors: 
	s_analysis_confidence    : 0.0569252
	s_ln_CD                  : 0.00736299
	s_CL                     : 0.00352777
	s_CM                     : 0.00210663
	s_Bot_Xtr                : 0.000641546
	s_Top_Xtr                : 0.000539156
	s_lower_bl_H_0           : 7.31372e-05
	s_upper_bl_H_0           : 6.84347e-05
	s_lower_bl_H_1           : 6.49361e-05
	s_upper_bl_H_1           : 6.48486e-05
Epoch: 624 | Train Loss: 0.0483299 | Test Loss: 0.0754379 | analysis_confidence: 0.0120287 | CL: 0.0257379 | ln_CD: 0.0728484 | CM: 0.00524061 | Top_Xtr: 0.0307754 | Bot_Xtr: 0.0341108
Loss contributors: 
	s_analysis_confidence    : 0.0569264
	s_ln_CD                  : 0.0073632
	s_CL                     : 0.00352732
	s_CM                     : 0.00210656
	s_Bot_Xtr                : 0.00064159
	s_Top_Xtr                : 0.000539143
	s_lower_bl_H_0           : 7.31389e-05
	s_upper_bl_H_0           : 6.84371e-05
	s_lower_bl_H_1           : 6.494e-05
	s_upper_bl_H_1           : 6.48518e-05
Epoch: 625 | Train Loss: 0.0483312 | Test Loss: 0.0754438 | analysis_confidence: 0.0120349 | CL: 0.0257391 | ln_CD: 0.0728574 | CM: 0.00524067 | Top_Xtr: 0.0307728 | Bot_Xtr: 0.0341111
Loss contributors: 
	s_analysis_confidence    : 0.0569314
	s_ln_CD                  : 0.00736392
	s_CL                     : 0.00352745
	s_CM                     : 0.00210658
	s_Bot_Xtr                : 0.000641608
	s_Top_Xtr                : 0.00053915
	s_lower_bl_H_0           : 7.31402e-05
	s_upper_bl_H_0           : 6.84382e-05
	s_lower_bl_H_1           : 6.49415e-05
	s_upper_bl_H_1           : 6.48519e-05
Epoch: 626 | Train Loss: 0.0483301 | Test Loss: 0.0754388 | analysis_confidence: 0.012033 | CL: 0.0257399 | ln_CD: 0.072826 | CM: 0.00524057 | Top_Xtr: 0.0307764 | Bot_Xtr: 0.0341096
Loss contributors: 
	s_analysis_confidence    : 0.0569274
	s_ln_CD                  : 0.00736314
	s_CL                     : 0.00352754
	s_CM                     : 0.00210658
	s_Bot_Xtr                : 0.000641515
	s_Top_Xtr                : 0.000539144
	s_lower_bl_H_0           : 7.31375e-05
	s_upper_bl_H_0           : 6.84352e-05
	s_lower_bl_H_1           : 6.49364e-05
	s_upper_bl_H_1           : 6.48492e-05
Epoch: 627 | Train Loss: 0.0483297 | Test Loss: 0.0754435 | analysis_confidence: 0.0120323 | CL: 0.0257431 | ln_CD: 0.072835 | CM: 0.0052408 | Top_Xtr: 0.0307739 | Bot_Xtr: 0.0341087
Loss contributors: 
	s_analysis_confidence    : 0.0569324
	s_ln_CD                  : 0.00736254
	s_CL                     : 0.00352785
	s_CM                     : 0.00210668
	s_Bot_Xtr                : 0.000641536
	s_Top_Xtr                : 0.000539153
	s_lower_bl_H_0           : 7.31381e-05
	s_upper_bl_H_0           : 6.84338e-05
	s_lower_bl_H_1           : 6.49356e-05
	s_upper_bl_H_1           : 6.48469e-05
Epoch: 628 | Train Loss: 0.0483308 | Test Loss: 0.075441 | analysis_confidence: 0.0120382 | CL: 0.0257437 | ln_CD: 0.0728294 | CM: 0.00524086 | Top_Xtr: 0.0307747 | Bot_Xtr: 0.0341124
Loss contributors: 
	s_analysis_confidence    : 0.0569296
	s_ln_CD                  : 0.0073626
	s_CL                     : 0.0035279
	s_CM                     : 0.00210671
	s_Bot_Xtr                : 0.000641592
	s_Top_Xtr                : 0.000539146
	s_lower_bl_H_0           : 7.31383e-05
	s_upper_bl_H_0           : 6.84339e-05
	s_lower_bl_H_1           : 6.49358e-05
	s_upper_bl_H_1           : 6.48467e-05
Epoch: 629 | Train Loss: 0.0483302 | Test Loss: 0.0754393 | analysis_confidence: 0.0120568 | CL: 0.0257389 | ln_CD: 0.0728284 | CM: 0.00524058 | Top_Xtr: 0.0307708 | Bot_Xtr: 0.0341116
Loss contributors: 
	s_analysis_confidence    : 0.0569281
	s_ln_CD                  : 0.00736286
	s_CL                     : 0.00352744
	s_CM                     : 0.0021066
	s_Bot_Xtr                : 0.000641612
	s_Top_Xtr                : 0.000539157
	s_lower_bl_H_0           : 7.31369e-05
	s_upper_bl_H_0           : 6.84335e-05
	s_lower_bl_H_1           : 6.49344e-05
	s_upper_bl_H_1           : 6.48478e-05
Epoch: 630 | Train Loss: 0.0483313 | Test Loss: 0.075441 | analysis_confidence: 0.0120529 | CL: 0.0257411 | ln_CD: 0.0728411 | CM: 0.00524067 | Top_Xtr: 0.0307754 | Bot_Xtr: 0.0341138
Loss contributors: 
	s_analysis_confidence    : 0.0569298
	s_ln_CD                  : 0.0073627
	s_CL                     : 0.00352766
	s_CM                     : 0.00210665
	s_Bot_Xtr                : 0.00064154
	s_Top_Xtr                : 0.000539142
	s_lower_bl_H_0           : 7.3138e-05
	s_upper_bl_H_0           : 6.84346e-05
	s_lower_bl_H_1           : 6.49354e-05
	s_upper_bl_H_1           : 6.48461e-05
Epoch: 631 | Train Loss: 0.0483302 | Test Loss: 0.0754339 | analysis_confidence: 0.0120284 | CL: 0.0257437 | ln_CD: 0.0728356 | CM: 0.00524078 | Top_Xtr: 0.030772 | Bot_Xtr: 0.0341115
Loss contributors: 
	s_analysis_confidence    : 0.0569228
	s_ln_CD                  : 0.00736238
	s_CL                     : 0.00352793
	s_CM                     : 0.0021067
	s_Bot_Xtr                : 0.00064156
	s_Top_Xtr                : 0.000539164
	s_lower_bl_H_0           : 7.31374e-05
	s_upper_bl_H_0           : 6.84341e-05
	s_lower_bl_H_1           : 6.49335e-05
	s_upper_bl_H_1           : 6.48455e-05
Epoch: 632 | Train Loss: 0.0483303 | Test Loss: 0.0754433 | analysis_confidence: 0.0120184 | CL: 0.0257393 | ln_CD: 0.0728435 | CM: 0.00524076 | Top_Xtr: 0.0307756 | Bot_Xtr: 0.0341117
Loss contributors: 
	s_analysis_confidence    : 0.0569317
	s_ln_CD                  : 0.00736322
	s_CL                     : 0.00352747
	s_CM                     : 0.00210664
	s_Bot_Xtr                : 0.000641569
	s_Top_Xtr                : 0.000539134
	s_lower_bl_H_0           : 7.31381e-05
	s_upper_bl_H_0           : 6.84352e-05
	s_lower_bl_H_1           : 6.49365e-05
	s_upper_bl_H_1           : 6.48497e-05
Epoch: 633 | Train Loss: 0.0483329 | Test Loss: 0.0754384 | analysis_confidence: 0.0120355 | CL: 0.0257388 | ln_CD: 0.0728336 | CM: 0.00524067 | Top_Xtr: 0.0307741 | Bot_Xtr: 0.034111
Loss contributors: 
	s_analysis_confidence    : 0.056927
	s_ln_CD                  : 0.0073632
	s_CL                     : 0.00352742
	s_CM                     : 0.0021066
	s_Bot_Xtr                : 0.000641563
	s_Top_Xtr                : 0.00053914
	s_lower_bl_H_0           : 7.31385e-05
	s_upper_bl_H_0           : 6.84353e-05
	s_lower_bl_H_1           : 6.49371e-05
	s_upper_bl_H_1           : 6.48501e-05
Epoch: 634 | Train Loss: 0.0483304 | Test Loss: 0.0754386 | analysis_confidence: 0.0120293 | CL: 0.0257407 | ln_CD: 0.0728321 | CM: 0.00524083 | Top_Xtr: 0.0307769 | Bot_Xtr: 0.0341142
Loss contributors: 
	s_analysis_confidence    : 0.0569275
	s_ln_CD                  : 0.0073626
	s_CL                     : 0.00352762
	s_CM                     : 0.00210669
	s_Bot_Xtr                : 0.000641576
	s_Top_Xtr                : 0.000539133
	s_lower_bl_H_0           : 7.31373e-05
	s_upper_bl_H_0           : 6.84326e-05
	s_lower_bl_H_1           : 6.49361e-05
	s_upper_bl_H_1           : 6.48454e-05
Epoch: 635 | Train Loss: 0.0483304 | Test Loss: 0.0754347 | analysis_confidence: 0.0120046 | CL: 0.0257415 | ln_CD: 0.072854 | CM: 0.00524091 | Top_Xtr: 0.0307752 | Bot_Xtr: 0.0341112
Loss contributors: 
	s_analysis_confidence    : 0.0569225
	s_ln_CD                  : 0.00736357
	s_CL                     : 0.00352769
	s_CM                     : 0.00210668
	s_Bot_Xtr                : 0.000641566
	s_Top_Xtr                : 0.000539143
	s_lower_bl_H_0           : 7.31391e-05
	s_upper_bl_H_0           : 6.84356e-05
	s_lower_bl_H_1           : 6.49385e-05
	s_upper_bl_H_1           : 6.48493e-05
Epoch: 636 | Train Loss: 0.0483316 | Test Loss: 0.0754372 | analysis_confidence: 0.0119997 | CL: 0.0257439 | ln_CD: 0.0728306 | CM: 0.00524096 | Top_Xtr: 0.0307736 | Bot_Xtr: 0.0341089
Loss contributors: 
	s_analysis_confidence    : 0.0569258
	s_ln_CD                  : 0.00736266
	s_CL                     : 0.00352791
	s_CM                     : 0.00210672
	s_Bot_Xtr                : 0.000641529
	s_Top_Xtr                : 0.000539149
	s_lower_bl_H_0           : 7.31357e-05
	s_upper_bl_H_0           : 6.84305e-05
	s_lower_bl_H_1           : 6.49339e-05
	s_upper_bl_H_1           : 6.48454e-05
Epoch: 637 | Train Loss: 0.0483305 | Test Loss: 0.0754336 | analysis_confidence: 0.0119866 | CL: 0.0257434 | ln_CD: 0.0728513 | CM: 0.00524099 | Top_Xtr: 0.0307723 | Bot_Xtr: 0.0341082
Loss contributors: 
	s_analysis_confidence    : 0.0569222
	s_ln_CD                  : 0.00736267
	s_CL                     : 0.00352787
	s_CM                     : 0.00210671
	s_Bot_Xtr                : 0.000641591
	s_Top_Xtr                : 0.000539152
	s_lower_bl_H_0           : 7.31384e-05
	s_upper_bl_H_0           : 6.84346e-05
	s_lower_bl_H_1           : 6.49353e-05
	s_upper_bl_H_1           : 6.48469e-05
Epoch: 638 | Train Loss: 0.0483329 | Test Loss: 0.0754433 | analysis_confidence: 0.012044 | CL: 0.0257411 | ln_CD: 0.072851 | CM: 0.00524078 | Top_Xtr: 0.0307721 | Bot_Xtr: 0.03411
Loss contributors: 
	s_analysis_confidence    : 0.0569316
	s_ln_CD                  : 0.00736322
	s_CL                     : 0.00352764
	s_CM                     : 0.00210663
	s_Bot_Xtr                : 0.000641578
	s_Top_Xtr                : 0.000539137
	s_lower_bl_H_0           : 7.314e-05
	s_upper_bl_H_0           : 6.84367e-05
	s_lower_bl_H_1           : 6.49372e-05
	s_upper_bl_H_1           : 6.48492e-05
Epoch: 639 | Train Loss: 0.0483311 | Test Loss: 0.0754408 | analysis_confidence: 0.012041 | CL: 0.0257412 | ln_CD: 0.0728393 | CM: 0.00524066 | Top_Xtr: 0.0307718 | Bot_Xtr: 0.0341098
Loss contributors: 
	s_analysis_confidence    : 0.0569294
	s_ln_CD                  : 0.00736301
	s_CL                     : 0.00352764
	s_CM                     : 0.00210658
	s_Bot_Xtr                : 0.000641547
	s_Top_Xtr                : 0.000539114
	s_lower_bl_H_0           : 7.31401e-05
	s_upper_bl_H_0           : 6.84378e-05
	s_lower_bl_H_1           : 6.49368e-05
	s_upper_bl_H_1           : 6.48498e-05
Epoch: 640 | Train Loss: 0.0483318 | Test Loss: 0.0754385 | analysis_confidence: 0.0120144 | CL: 0.0257406 | ln_CD: 0.0728538 | CM: 0.00524066 | Top_Xtr: 0.0307752 | Bot_Xtr: 0.0341127
Loss contributors: 
	s_analysis_confidence    : 0.0569271
	s_ln_CD                  : 0.0073631
	s_CL                     : 0.0035276
	s_CM                     : 0.00210657
	s_Bot_Xtr                : 0.000641583
	s_Top_Xtr                : 0.000539105
	s_lower_bl_H_0           : 7.31401e-05
	s_upper_bl_H_0           : 6.84389e-05
	s_lower_bl_H_1           : 6.49375e-05
	s_upper_bl_H_1           : 6.48495e-05
Epoch: 641 | Train Loss: 0.0483319 | Test Loss: 0.0754383 | analysis_confidence: 0.0119869 | CL: 0.0257466 | ln_CD: 0.0728387 | CM: 0.00524101 | Top_Xtr: 0.0307719 | Bot_Xtr: 0.0341086
Loss contributors: 
	s_analysis_confidence    : 0.0569268
	s_ln_CD                  : 0.00736255
	s_CL                     : 0.0035282
	s_CM                     : 0.00210671
	s_Bot_Xtr                : 0.000641557
	s_Top_Xtr                : 0.000539144
	s_lower_bl_H_0           : 7.31396e-05
	s_upper_bl_H_0           : 6.84365e-05
	s_lower_bl_H_1           : 6.49346e-05
	s_upper_bl_H_1           : 6.48471e-05
Epoch: 642 | Train Loss: 0.0483319 | Test Loss: 0.0754397 | analysis_confidence: 0.0120148 | CL: 0.0257447 | ln_CD: 0.0728228 | CM: 0.005241 | Top_Xtr: 0.03077 | Bot_Xtr: 0.0341095
Loss contributors: 
	s_analysis_confidence    : 0.0569283
	s_ln_CD                  : 0.00736249
	s_CL                     : 0.00352804
	s_CM                     : 0.00210671
	s_Bot_Xtr                : 0.000641535
	s_Top_Xtr                : 0.000539128
	s_lower_bl_H_0           : 7.31381e-05
	s_upper_bl_H_0           : 6.84349e-05
	s_lower_bl_H_1           : 6.49355e-05
	s_upper_bl_H_1           : 6.48466e-05
Epoch: 643 | Train Loss: 0.0483344 | Test Loss: 0.0754369 | analysis_confidence: 0.0119917 | CL: 0.0257428 | ln_CD: 0.0728435 | CM: 0.00524092 | Top_Xtr: 0.0307712 | Bot_Xtr: 0.0341093
Loss contributors: 
	s_analysis_confidence    : 0.0569254
	s_ln_CD                  : 0.00736289
	s_CL                     : 0.00352784
	s_CM                     : 0.00210668
	s_Bot_Xtr                : 0.000641562
	s_Top_Xtr                : 0.000539115
	s_lower_bl_H_0           : 7.31375e-05
	s_upper_bl_H_0           : 6.84359e-05
	s_lower_bl_H_1           : 6.49349e-05
	s_upper_bl_H_1           : 6.48463e-05
Epoch: 644 | Train Loss: 0.0483324 | Test Loss: 0.0754421 | analysis_confidence: 0.0120206 | CL: 0.0257423 | ln_CD: 0.0728499 | CM: 0.00524091 | Top_Xtr: 0.0307738 | Bot_Xtr: 0.0341094
Loss contributors: 
	s_analysis_confidence    : 0.0569301
	s_ln_CD                  : 0.00736334
	s_CL                     : 0.0035278
	s_CM                     : 0.00210667
	s_Bot_Xtr                : 0.000641551
	s_Top_Xtr                : 0.000539119
	s_lower_bl_H_0           : 7.31392e-05
	s_upper_bl_H_0           : 6.84377e-05
	s_lower_bl_H_1           : 6.4937e-05
	s_upper_bl_H_1           : 6.48486e-05
Epoch: 645 | Train Loss: 0.0483315 | Test Loss: 0.0754395 | analysis_confidence: 0.0120066 | CL: 0.0257432 | ln_CD: 0.0728245 | CM: 0.00524088 | Top_Xtr: 0.0307733 | Bot_Xtr: 0.0341108
Loss contributors: 
	s_analysis_confidence    : 0.0569283
	s_ln_CD                  : 0.00736259
	s_CL                     : 0.00352786
	s_CM                     : 0.00210668
	s_Bot_Xtr                : 0.000641566
	s_Top_Xtr                : 0.000539116
	s_lower_bl_H_0           : 7.31367e-05
	s_upper_bl_H_0           : 6.84334e-05
	s_lower_bl_H_1           : 6.49358e-05
	s_upper_bl_H_1           : 6.48456e-05
Epoch: 646 | Train Loss: 0.0483315 | Test Loss: 0.075445 | analysis_confidence: 0.0120507 | CL: 0.0257423 | ln_CD: 0.0728332 | CM: 0.00524095 | Top_Xtr: 0.0307717 | Bot_Xtr: 0.0341089
Loss contributors: 
	s_analysis_confidence    : 0.0569331
	s_ln_CD                  : 0.00736331
	s_CL                     : 0.00352782
	s_CM                     : 0.0021067
	s_Bot_Xtr                : 0.000641565
	s_Top_Xtr                : 0.000539112
	s_lower_bl_H_0           : 7.31373e-05
	s_upper_bl_H_0           : 6.8435e-05
	s_lower_bl_H_1           : 6.49361e-05
	s_upper_bl_H_1           : 6.48475e-05
Epoch: 647 | Train Loss: 0.0483323 | Test Loss: 0.075444 | analysis_confidence: 0.0120266 | CL: 0.0257414 | ln_CD: 0.0728439 | CM: 0.00524098 | Top_Xtr: 0.0307712 | Bot_Xtr: 0.034111
Loss contributors: 
	s_analysis_confidence    : 0.056932
	s_ln_CD                  : 0.00736345
	s_CL                     : 0.00352767
	s_CM                     : 0.00210667
	s_Bot_Xtr                : 0.000641597
	s_Top_Xtr                : 0.000539107
	s_lower_bl_H_0           : 7.31395e-05
	s_upper_bl_H_0           : 6.84369e-05
	s_lower_bl_H_1           : 6.49359e-05
	s_upper_bl_H_1           : 6.48486e-05
Epoch: 648 | Train Loss: 0.0483347 | Test Loss: 0.0754413 | analysis_confidence: 0.0120306 | CL: 0.0257403 | ln_CD: 0.0728397 | CM: 0.00524083 | Top_Xtr: 0.0307725 | Bot_Xtr: 0.034113
Loss contributors: 
	s_analysis_confidence    : 0.0569292
	s_ln_CD                  : 0.00736366
	s_CL                     : 0.00352753
	s_CM                     : 0.00210663
	s_Bot_Xtr                : 0.000641632
	s_Top_Xtr                : 0.000539114
	s_lower_bl_H_0           : 7.31382e-05
	s_upper_bl_H_0           : 6.84371e-05
	s_lower_bl_H_1           : 6.49365e-05
	s_upper_bl_H_1           : 6.4849e-05
Epoch: 649 | Train Loss: 0.0483324 | Test Loss: 0.0754362 | analysis_confidence: 0.0119918 | CL: 0.0257418 | ln_CD: 0.0728343 | CM: 0.00524085 | Top_Xtr: 0.0307766 | Bot_Xtr: 0.0341122
Loss contributors: 
	s_analysis_confidence    : 0.0569248
	s_ln_CD                  : 0.00736281
	s_CL                     : 0.00352771
	s_CM                     : 0.00210667
	s_Bot_Xtr                : 0.00064155
	s_Top_Xtr                : 0.000539125
	s_lower_bl_H_0           : 7.31375e-05
	s_upper_bl_H_0           : 6.84355e-05
	s_lower_bl_H_1           : 6.49345e-05
	s_upper_bl_H_1           : 6.48472e-05
Epoch: 650 | Train Loss: 0.0483336 | Test Loss: 0.0754417 | analysis_confidence: 0.0120462 | CL: 0.025738 | ln_CD: 0.0728533 | CM: 0.00524075 | Top_Xtr: 0.0307776 | Bot_Xtr: 0.034112
Loss contributors: 
	s_analysis_confidence    : 0.0569299
	s_ln_CD                  : 0.00736347
	s_CL                     : 0.00352736
	s_CM                     : 0.00210659
	s_Bot_Xtr                : 0.000641548
	s_Top_Xtr                : 0.00053912
	s_lower_bl_H_0           : 7.31414e-05
	s_upper_bl_H_0           : 6.844e-05
	s_lower_bl_H_1           : 6.49397e-05
	s_upper_bl_H_1           : 6.48547e-05
Epoch: 651 | Train Loss: 0.0483322 | Test Loss: 0.0754365 | analysis_confidence: 0.0120403 | CL: 0.0257401 | ln_CD: 0.0728366 | CM: 0.00524076 | Top_Xtr: 0.0307713 | Bot_Xtr: 0.0341113
Loss contributors: 
	s_analysis_confidence    : 0.0569246
	s_ln_CD                  : 0.00736345
	s_CL                     : 0.00352755
	s_CM                     : 0.00210661
	s_Bot_Xtr                : 0.00064164
	s_Top_Xtr                : 0.000539121
	s_lower_bl_H_0           : 7.31388e-05
	s_upper_bl_H_0           : 6.8437e-05
	s_lower_bl_H_1           : 6.49362e-05
	s_upper_bl_H_1           : 6.48494e-05
Epoch: 652 | Train Loss: 0.0483321 | Test Loss: 0.0754343 | analysis_confidence: 0.0120116 | CL: 0.0257413 | ln_CD: 0.0728493 | CM: 0.00524081 | Top_Xtr: 0.0307746 | Bot_Xtr: 0.0341131
Loss contributors: 
	s_analysis_confidence    : 0.0569222
	s_ln_CD                  : 0.00736349
	s_CL                     : 0.00352765
	s_CM                     : 0.00210661
	s_Bot_Xtr                : 0.000641653
	s_Top_Xtr                : 0.000539127
	s_lower_bl_H_0           : 7.31393e-05
	s_upper_bl_H_0           : 6.84372e-05
	s_lower_bl_H_1           : 6.49387e-05
	s_upper_bl_H_1           : 6.485e-05
Epoch: 653 | Train Loss: 0.0483343 | Test Loss: 0.0754356 | analysis_confidence: 0.0119874 | CL: 0.0257409 | ln_CD: 0.0728336 | CM: 0.00524078 | Top_Xtr: 0.0307732 | Bot_Xtr: 0.0341114
Loss contributors: 
	s_analysis_confidence    : 0.0569235
	s_ln_CD                  : 0.00736363
	s_CL                     : 0.00352764
	s_CM                     : 0.0021066
	s_Bot_Xtr                : 0.000641609
	s_Top_Xtr                : 0.000539113
	s_lower_bl_H_0           : 7.31393e-05
	s_upper_bl_H_0           : 6.84372e-05
	s_lower_bl_H_1           : 6.49372e-05
	s_upper_bl_H_1           : 6.48506e-05
Epoch: 654 | Train Loss: 0.0483332 | Test Loss: 0.0754429 | analysis_confidence: 0.0120248 | CL: 0.0257405 | ln_CD: 0.0728381 | CM: 0.00524069 | Top_Xtr: 0.0307724 | Bot_Xtr: 0.0341106
Loss contributors: 
	s_analysis_confidence    : 0.0569308
	s_ln_CD                  : 0.00736355
	s_CL                     : 0.00352762
	s_CM                     : 0.00210657
	s_Bot_Xtr                : 0.000641603
	s_Top_Xtr                : 0.000539114
	s_lower_bl_H_0           : 7.31397e-05
	s_upper_bl_H_0           : 6.84375e-05
	s_lower_bl_H_1           : 6.49378e-05
	s_upper_bl_H_1           : 6.48507e-05
Epoch: 655 | Train Loss: 0.0483332 | Test Loss: 0.0754435 | analysis_confidence: 0.0120358 | CL: 0.0257397 | ln_CD: 0.0728327 | CM: 0.00524068 | Top_Xtr: 0.0307731 | Bot_Xtr: 0.0341107
Loss contributors: 
	s_analysis_confidence    : 0.0569323
	s_ln_CD                  : 0.00736289
	s_CL                     : 0.00352754
	s_CM                     : 0.00210658
	s_Bot_Xtr                : 0.000641576
	s_Top_Xtr                : 0.000539127
	s_lower_bl_H_0           : 7.31396e-05
	s_upper_bl_H_0           : 6.84374e-05
	s_lower_bl_H_1           : 6.49372e-05
	s_upper_bl_H_1           : 6.48489e-05
Epoch: 656 | Train Loss: 0.0483331 | Test Loss: 0.0754398 | analysis_confidence: 0.0120196 | CL: 0.0257413 | ln_CD: 0.0728424 | CM: 0.00524082 | Top_Xtr: 0.0307722 | Bot_Xtr: 0.0341113
Loss contributors: 
	s_analysis_confidence    : 0.056928
	s_ln_CD                  : 0.00736312
	s_CL                     : 0.00352773
	s_CM                     : 0.00210664
	s_Bot_Xtr                : 0.000641607
	s_Top_Xtr                : 0.000539118
	s_lower_bl_H_0           : 7.31393e-05
	s_upper_bl_H_0           : 6.84359e-05
	s_lower_bl_H_1           : 6.49363e-05
	s_upper_bl_H_1           : 6.4849e-05
Epoch: 657 | Train Loss: 0.0483333 | Test Loss: 0.0754437 | analysis_confidence: 0.0120358 | CL: 0.0257422 | ln_CD: 0.0728371 | CM: 0.00524081 | Top_Xtr: 0.0307697 | Bot_Xtr: 0.0341106
Loss contributors: 
	s_analysis_confidence    : 0.0569321
	s_ln_CD                  : 0.00736287
	s_CL                     : 0.00352782
	s_CM                     : 0.00210666
	s_Bot_Xtr                : 0.000641626
	s_Top_Xtr                : 0.000539127
	s_lower_bl_H_0           : 7.31383e-05
	s_upper_bl_H_0           : 6.84352e-05
	s_lower_bl_H_1           : 6.49338e-05
	s_upper_bl_H_1           : 6.48472e-05
Epoch: 658 | Train Loss: 0.0483335 | Test Loss: 0.075444 | analysis_confidence: 0.012011 | CL: 0.0257424 | ln_CD: 0.0728277 | CM: 0.00524089 | Top_Xtr: 0.0307695 | Bot_Xtr: 0.0341089
Loss contributors: 
	s_analysis_confidence    : 0.0569329
	s_ln_CD                  : 0.00736244
	s_CL                     : 0.00352779
	s_CM                     : 0.00210668
	s_Bot_Xtr                : 0.000641598
	s_Top_Xtr                : 0.000539148
	s_lower_bl_H_0           : 7.31391e-05
	s_upper_bl_H_0           : 6.8435e-05
	s_lower_bl_H_1           : 6.49365e-05
	s_upper_bl_H_1           : 6.4846e-05
Epoch: 659 | Train Loss: 0.0483323 | Test Loss: 0.0754431 | analysis_confidence: 0.0120499 | CL: 0.0257426 | ln_CD: 0.0728355 | CM: 0.00524086 | Top_Xtr: 0.0307721 | Bot_Xtr: 0.0341091
Loss contributors: 
	s_analysis_confidence    : 0.0569319
	s_ln_CD                  : 0.00736243
	s_CL                     : 0.00352781
	s_CM                     : 0.00210666
	s_Bot_Xtr                : 0.000641627
	s_Top_Xtr                : 0.000539151
	s_lower_bl_H_0           : 7.31402e-05
	s_upper_bl_H_0           : 6.84367e-05
	s_lower_bl_H_1           : 6.49377e-05
	s_upper_bl_H_1           : 6.48478e-05
Epoch: 660 | Train Loss: 0.048333 | Test Loss: 0.0754443 | analysis_confidence: 0.0120186 | CL: 0.0257448 | ln_CD: 0.0728339 | CM: 0.00524114 | Top_Xtr: 0.0307753 | Bot_Xtr: 0.0341111
Loss contributors: 
	s_analysis_confidence    : 0.0569329
	s_ln_CD                  : 0.00736231
	s_CL                     : 0.00352802
	s_CM                     : 0.00210677
	s_Bot_Xtr                : 0.000641604
	s_Top_Xtr                : 0.000539129
	s_lower_bl_H_0           : 7.31392e-05
	s_upper_bl_H_0           : 6.84358e-05
	s_lower_bl_H_1           : 6.49359e-05
	s_upper_bl_H_1           : 6.48476e-05
Epoch: 661 | Train Loss: 0.0483331 | Test Loss: 0.0754445 | analysis_confidence: 0.0120221 | CL: 0.0257424 | ln_CD: 0.0728416 | CM: 0.00524101 | Top_Xtr: 0.0307714 | Bot_Xtr: 0.0341105
Loss contributors: 
	s_analysis_confidence    : 0.0569323
	s_ln_CD                  : 0.00736353
	s_CL                     : 0.00352777
	s_CM                     : 0.00210671
	s_Bot_Xtr                : 0.000641604
	s_Top_Xtr                : 0.000539113
	s_lower_bl_H_0           : 7.31383e-05
	s_upper_bl_H_0           : 6.84349e-05
	s_lower_bl_H_1           : 6.49338e-05
	s_upper_bl_H_1           : 6.4847e-05
Epoch: 662 | Train Loss: 0.0483331 | Test Loss: 0.0754426 | analysis_confidence: 0.0120372 | CL: 0.0257432 | ln_CD: 0.0728426 | CM: 0.0052411 | Top_Xtr: 0.0307723 | Bot_Xtr: 0.034111
Loss contributors: 
	s_analysis_confidence    : 0.0569304
	s_ln_CD                  : 0.0073634
	s_CL                     : 0.0035279
	s_CM                     : 0.00210674
	s_Bot_Xtr                : 0.000641537
	s_Top_Xtr                : 0.000539095
	s_lower_bl_H_0           : 7.31401e-05
	s_upper_bl_H_0           : 6.84368e-05
	s_lower_bl_H_1           : 6.49348e-05
	s_upper_bl_H_1           : 6.48487e-05
Epoch: 663 | Train Loss: 0.0483329 | Test Loss: 0.0754393 | analysis_confidence: 0.0120156 | CL: 0.0257428 | ln_CD: 0.0728371 | CM: 0.00524101 | Top_Xtr: 0.0307711 | Bot_Xtr: 0.0341109
Loss contributors: 
	s_analysis_confidence    : 0.0569272
	s_ln_CD                  : 0.00736333
	s_CL                     : 0.00352785
	s_CM                     : 0.00210668
	s_Bot_Xtr                : 0.000641589
	s_Top_Xtr                : 0.00053908
	s_lower_bl_H_0           : 7.31411e-05
	s_upper_bl_H_0           : 6.84388e-05
	s_lower_bl_H_1           : 6.49366e-05
	s_upper_bl_H_1           : 6.48504e-05
Epoch: 664 | Train Loss: 0.0483354 | Test Loss: 0.0754436 | analysis_confidence: 0.0120149 | CL: 0.0257416 | ln_CD: 0.0728554 | CM: 0.00524103 | Top_Xtr: 0.030771 | Bot_Xtr: 0.0341111
Loss contributors: 
	s_analysis_confidence    : 0.0569312
	s_ln_CD                  : 0.00736372
	s_CL                     : 0.0035277
	s_CM                     : 0.00210668
	s_Bot_Xtr                : 0.000641603
	s_Top_Xtr                : 0.000539095
	s_lower_bl_H_0           : 7.31424e-05
	s_upper_bl_H_0           : 6.84396e-05
	s_lower_bl_H_1           : 6.4937e-05
	s_upper_bl_H_1           : 6.48514e-05
Epoch: 665 | Train Loss: 0.0483327 | Test Loss: 0.075445 | analysis_confidence: 0.0120281 | CL: 0.0257434 | ln_CD: 0.0728519 | CM: 0.00524116 | Top_Xtr: 0.0307705 | Bot_Xtr: 0.0341117
Loss contributors: 
	s_analysis_confidence    : 0.0569322
	s_ln_CD                  : 0.00736393
	s_CL                     : 0.00352791
	s_CM                     : 0.00210674
	s_Bot_Xtr                : 0.000641604
	s_Top_Xtr                : 0.000539103
	s_lower_bl_H_0           : 7.31409e-05
	s_upper_bl_H_0           : 6.84382e-05
	s_lower_bl_H_1           : 6.49363e-05
	s_upper_bl_H_1           : 6.48503e-05
Epoch: 666 | Train Loss: 0.0483334 | Test Loss: 0.0754383 | analysis_confidence: 0.0120156 | CL: 0.0257433 | ln_CD: 0.0728405 | CM: 0.00524107 | Top_Xtr: 0.0307708 | Bot_Xtr: 0.0341096
Loss contributors: 
	s_analysis_confidence    : 0.0569269
	s_ln_CD                  : 0.00736252
	s_CL                     : 0.00352787
	s_CM                     : 0.00210671
	s_Bot_Xtr                : 0.000641583
	s_Top_Xtr                : 0.000539106
	s_lower_bl_H_0           : 7.31397e-05
	s_upper_bl_H_0           : 6.84357e-05
	s_lower_bl_H_1           : 6.49349e-05
	s_upper_bl_H_1           : 6.48494e-05
Epoch: 667 | Train Loss: 0.0483343 | Test Loss: 0.0754449 | analysis_confidence: 0.0120267 | CL: 0.0257444 | ln_CD: 0.0728324 | CM: 0.00524106 | Top_Xtr: 0.0307733 | Bot_Xtr: 0.0341097
Loss contributors: 
	s_analysis_confidence    : 0.0569337
	s_ln_CD                  : 0.00736244
	s_CL                     : 0.00352795
	s_CM                     : 0.00210671
	s_Bot_Xtr                : 0.000641541
	s_Top_Xtr                : 0.000539119
	s_lower_bl_H_0           : 7.31406e-05
	s_upper_bl_H_0           : 6.84361e-05
	s_lower_bl_H_1           : 6.49367e-05
	s_upper_bl_H_1           : 6.48475e-05
Epoch: 668 | Train Loss: 0.0483345 | Test Loss: 0.0754412 | analysis_confidence: 0.0120135 | CL: 0.0257439 | ln_CD: 0.0728402 | CM: 0.00524101 | Top_Xtr: 0.0307713 | Bot_Xtr: 0.0341085
Loss contributors: 
	s_analysis_confidence    : 0.0569296
	s_ln_CD                  : 0.00736281
	s_CL                     : 0.00352791
	s_CM                     : 0.00210668
	s_Bot_Xtr                : 0.000641549
	s_Top_Xtr                : 0.000539117
	s_lower_bl_H_0           : 7.31422e-05
	s_upper_bl_H_0           : 6.84374e-05
	s_lower_bl_H_1           : 6.49357e-05
	s_upper_bl_H_1           : 6.4849e-05
Epoch: 669 | Train Loss: 0.0483337 | Test Loss: 0.075445 | analysis_confidence: 0.0120206 | CL: 0.02574 | ln_CD: 0.0728572 | CM: 0.00524076 | Top_Xtr: 0.030771 | Bot_Xtr: 0.0341091
Loss contributors: 
	s_analysis_confidence    : 0.0569321
	s_ln_CD                  : 0.00736443
	s_CL                     : 0.0035275
	s_CM                     : 0.00210655
	s_Bot_Xtr                : 0.000641581
	s_Top_Xtr                : 0.000539106
	s_lower_bl_H_0           : 7.3142e-05
	s_upper_bl_H_0           : 6.84405e-05
	s_lower_bl_H_1           : 6.49383e-05
	s_upper_bl_H_1           : 6.48541e-05
Epoch: 670 | Train Loss: 0.0483355 | Test Loss: 0.0754427 | analysis_confidence: 0.0120101 | CL: 0.0257447 | ln_CD: 0.072839 | CM: 0.00524107 | Top_Xtr: 0.0307751 | Bot_Xtr: 0.0341114
Loss contributors: 
	s_analysis_confidence    : 0.0569308
	s_ln_CD                  : 0.00736289
	s_CL                     : 0.00352804
	s_CM                     : 0.0021067
	s_Bot_Xtr                : 0.000641541
	s_Top_Xtr                : 0.000539109
	s_lower_bl_H_0           : 7.31433e-05
	s_upper_bl_H_0           : 6.84397e-05
	s_lower_bl_H_1           : 6.49368e-05
	s_upper_bl_H_1           : 6.48522e-05
Epoch: 671 | Train Loss: 0.0483336 | Test Loss: 0.075444 | analysis_confidence: 0.0120328 | CL: 0.0257429 | ln_CD: 0.0728433 | CM: 0.0052408 | Top_Xtr: 0.0307718 | Bot_Xtr: 0.0341102
Loss contributors: 
	s_analysis_confidence    : 0.0569321
	s_ln_CD                  : 0.00736318
	s_CL                     : 0.00352781
	s_CM                     : 0.00210661
	s_Bot_Xtr                : 0.000641565
	s_Top_Xtr                : 0.00053911
	s_lower_bl_H_0           : 7.31416e-05
	s_upper_bl_H_0           : 6.84389e-05
	s_lower_bl_H_1           : 6.49356e-05
	s_upper_bl_H_1           : 6.48514e-05
Epoch: 672 | Train Loss: 0.0483336 | Test Loss: 0.0754423 | analysis_confidence: 0.0120108 | CL: 0.0257426 | ln_CD: 0.0728548 | CM: 0.00524108 | Top_Xtr: 0.0307697 | Bot_Xtr: 0.0341096
Loss contributors: 
	s_analysis_confidence    : 0.0569306
	s_ln_CD                  : 0.00736288
	s_CL                     : 0.00352779
	s_CM                     : 0.0021067
	s_Bot_Xtr                : 0.000641601
	s_Top_Xtr                : 0.000539108
	s_lower_bl_H_0           : 7.31423e-05
	s_upper_bl_H_0           : 6.84385e-05
	s_lower_bl_H_1           : 6.49362e-05
	s_upper_bl_H_1           : 6.48501e-05
Epoch: 673 | Train Loss: 0.0483358 | Test Loss: 0.0754427 | analysis_confidence: 0.0120204 | CL: 0.02574 | ln_CD: 0.0728386 | CM: 0.00524077 | Top_Xtr: 0.0307715 | Bot_Xtr: 0.0341087
Loss contributors: 
	s_analysis_confidence    : 0.0569306
	s_ln_CD                  : 0.0073637
	s_CL                     : 0.00352752
	s_CM                     : 0.00210659
	s_Bot_Xtr                : 0.00064155
	s_Top_Xtr                : 0.000539072
	s_lower_bl_H_0           : 7.31433e-05
	s_upper_bl_H_0           : 6.84395e-05
	s_lower_bl_H_1           : 6.49379e-05
	s_upper_bl_H_1           : 6.48507e-05
Epoch: 674 | Train Loss: 0.0483344 | Test Loss: 0.0754432 | analysis_confidence: 0.0119935 | CL: 0.0257428 | ln_CD: 0.0728381 | CM: 0.00524098 | Top_Xtr: 0.0307726 | Bot_Xtr: 0.0341088
Loss contributors: 
	s_analysis_confidence    : 0.056932
	s_ln_CD                  : 0.0073626
	s_CL                     : 0.00352782
	s_CM                     : 0.00210668
	s_Bot_Xtr                : 0.000641562
	s_Top_Xtr                : 0.00053909
	s_lower_bl_H_0           : 7.31408e-05
	s_upper_bl_H_0           : 6.84382e-05
	s_lower_bl_H_1           : 6.49336e-05
	s_upper_bl_H_1           : 6.48468e-05
Epoch: 675 | Train Loss: 0.0483349 | Test Loss: 0.0754383 | analysis_confidence: 0.0120136 | CL: 0.0257408 | ln_CD: 0.0728397 | CM: 0.00524091 | Top_Xtr: 0.0307724 | Bot_Xtr: 0.0341096
Loss contributors: 
	s_analysis_confidence    : 0.0569272
	s_ln_CD                  : 0.00736264
	s_CL                     : 0.00352761
	s_CM                     : 0.00210665
	s_Bot_Xtr                : 0.00064155
	s_Top_Xtr                : 0.000539093
	s_lower_bl_H_0           : 7.31407e-05
	s_upper_bl_H_0           : 6.84381e-05
	s_lower_bl_H_1           : 6.49348e-05
	s_upper_bl_H_1           : 6.48499e-05
Epoch: 676 | Train Loss: 0.0483342 | Test Loss: 0.0754445 | analysis_confidence: 0.012036 | CL: 0.0257377 | ln_CD: 0.072839 | CM: 0.00524078 | Top_Xtr: 0.0307743 | Bot_Xtr: 0.0341116
Loss contributors: 
	s_analysis_confidence    : 0.0569335
	s_ln_CD                  : 0.00736286
	s_CL                     : 0.0035273
	s_CM                     : 0.00210657
	s_Bot_Xtr                : 0.000641567
	s_Top_Xtr                : 0.000539091
	s_lower_bl_H_0           : 7.31433e-05
	s_upper_bl_H_0           : 6.84409e-05
	s_lower_bl_H_1           : 6.49379e-05
	s_upper_bl_H_1           : 6.48546e-05
Epoch: 677 | Train Loss: 0.0483357 | Test Loss: 0.0754349 | analysis_confidence: 0.0119992 | CL: 0.0257434 | ln_CD: 0.0728363 | CM: 0.00524101 | Top_Xtr: 0.0307689 | Bot_Xtr: 0.0341117
Loss contributors: 
	s_analysis_confidence    : 0.0569229
	s_ln_CD                  : 0.00736321
	s_CL                     : 0.0035279
	s_CM                     : 0.00210672
	s_Bot_Xtr                : 0.000641606
	s_Top_Xtr                : 0.000539098
	s_lower_bl_H_0           : 7.31412e-05
	s_upper_bl_H_0           : 6.84375e-05
	s_lower_bl_H_1           : 6.49349e-05
	s_upper_bl_H_1           : 6.48491e-05
Epoch: 678 | Train Loss: 0.0483346 | Test Loss: 0.0754411 | analysis_confidence: 0.0119971 | CL: 0.0257436 | ln_CD: 0.0728505 | CM: 0.00524106 | Top_Xtr: 0.0307694 | Bot_Xtr: 0.0341105
Loss contributors: 
	s_analysis_confidence    : 0.0569288
	s_ln_CD                  : 0.00736348
	s_CL                     : 0.00352793
	s_CM                     : 0.00210671
	s_Bot_Xtr                : 0.000641576
	s_Top_Xtr                : 0.000539091
	s_lower_bl_H_0           : 7.31411e-05
	s_upper_bl_H_0           : 6.84382e-05
	s_lower_bl_H_1           : 6.49358e-05
	s_upper_bl_H_1           : 6.48493e-05
Epoch: 679 | Train Loss: 0.0483344 | Test Loss: 0.075453 | analysis_confidence: 0.0120981 | CL: 0.0257423 | ln_CD: 0.0728404 | CM: 0.00524089 | Top_Xtr: 0.0307732 | Bot_Xtr: 0.0341115
Loss contributors: 
	s_analysis_confidence    : 0.0569413
	s_ln_CD                  : 0.0073631
	s_CL                     : 0.0035278
	s_CM                     : 0.00210669
	s_Bot_Xtr                : 0.000641569
	s_Top_Xtr                : 0.000539106
	s_lower_bl_H_0           : 7.31407e-05
	s_upper_bl_H_0           : 6.84373e-05
	s_lower_bl_H_1           : 6.49352e-05
	s_upper_bl_H_1           : 6.48486e-05
Epoch: 680 | Train Loss: 0.0483343 | Test Loss: 0.0754457 | analysis_confidence: 0.0120473 | CL: 0.0257415 | ln_CD: 0.0728609 | CM: 0.00524092 | Top_Xtr: 0.030772 | Bot_Xtr: 0.0341089
Loss contributors: 
	s_analysis_confidence    : 0.0569329
	s_ln_CD                  : 0.00736431
	s_CL                     : 0.00352772
	s_CM                     : 0.00210666
	s_Bot_Xtr                : 0.000641561
	s_Top_Xtr                : 0.000539097
	s_lower_bl_H_0           : 7.31414e-05
	s_upper_bl_H_0           : 6.84388e-05
	s_lower_bl_H_1           : 6.49369e-05
	s_upper_bl_H_1           : 6.48514e-05
Epoch: 681 | Train Loss: 0.0483347 | Test Loss: 0.0754476 | analysis_confidence: 0.0120397 | CL: 0.0257412 | ln_CD: 0.0728503 | CM: 0.005241 | Top_Xtr: 0.0307706 | Bot_Xtr: 0.0341112
Loss contributors: 
	s_analysis_confidence    : 0.0569351
	s_ln_CD                  : 0.00736386
	s_CL                     : 0.00352767
	s_CM                     : 0.00210668
	s_Bot_Xtr                : 0.000641599
	s_Top_Xtr                : 0.000539093
	s_lower_bl_H_0           : 7.31421e-05
	s_upper_bl_H_0           : 6.84398e-05
	s_lower_bl_H_1           : 6.49387e-05
	s_upper_bl_H_1           : 6.48513e-05
Epoch: 682 | Train Loss: 0.048335 | Test Loss: 0.0754487 | analysis_confidence: 0.0120298 | CL: 0.0257413 | ln_CD: 0.0728301 | CM: 0.00524102 | Top_Xtr: 0.0307719 | Bot_Xtr: 0.0341106
Loss contributors: 
	s_analysis_confidence    : 0.0569369
	s_ln_CD                  : 0.00736327
	s_CL                     : 0.00352768
	s_CM                     : 0.00210669
	s_Bot_Xtr                : 0.000641584
	s_Top_Xtr                : 0.000539099
	s_lower_bl_H_0           : 7.31398e-05
	s_upper_bl_H_0           : 6.84372e-05
	s_lower_bl_H_1           : 6.49348e-05
	s_upper_bl_H_1           : 6.48502e-05
Epoch: 683 | Train Loss: 0.0483381 | Test Loss: 0.075445 | analysis_confidence: 0.0120077 | CL: 0.0257453 | ln_CD: 0.0728418 | CM: 0.0052413 | Top_Xtr: 0.0307706 | Bot_Xtr: 0.0341104
Loss contributors: 
	s_analysis_confidence    : 0.0569319
	s_ln_CD                  : 0.00736398
	s_CL                     : 0.00352814
	s_CM                     : 0.00210682
	s_Bot_Xtr                : 0.000641597
	s_Top_Xtr                : 0.000539101
	s_lower_bl_H_0           : 7.31406e-05
	s_upper_bl_H_0           : 6.84373e-05
	s_lower_bl_H_1           : 6.49357e-05
	s_upper_bl_H_1           : 6.48484e-05
Epoch: 684 | Train Loss: 0.0483361 | Test Loss: 0.0754428 | analysis_confidence: 0.0120384 | CL: 0.0257448 | ln_CD: 0.07283 | CM: 0.00524123 | Top_Xtr: 0.0307765 | Bot_Xtr: 0.0341127
Loss contributors: 
	s_analysis_confidence    : 0.0569309
	s_ln_CD                  : 0.00736284
	s_CL                     : 0.00352806
	s_CM                     : 0.00210681
	s_Bot_Xtr                : 0.000641575
	s_Top_Xtr                : 0.000539101
	s_lower_bl_H_0           : 7.31396e-05
	s_upper_bl_H_0           : 6.84375e-05
	s_lower_bl_H_1           : 6.49351e-05
	s_upper_bl_H_1           : 6.48486e-05
Epoch: 685 | Train Loss: 0.0483363 | Test Loss: 0.0754482 | analysis_confidence: 0.0120489 | CL: 0.0257434 | ln_CD: 0.0728608 | CM: 0.00524123 | Top_Xtr: 0.0307708 | Bot_Xtr: 0.0341101
Loss contributors: 
	s_analysis_confidence    : 0.0569342
	s_ln_CD                  : 0.00736503
	s_CL                     : 0.00352794
	s_CM                     : 0.00210677
	s_Bot_Xtr                : 0.000641555
	s_Top_Xtr                : 0.000539088
	s_lower_bl_H_0           : 7.31424e-05
	s_upper_bl_H_0           : 6.84404e-05
	s_lower_bl_H_1           : 6.4937e-05
	s_upper_bl_H_1           : 6.48534e-05
Epoch: 686 | Train Loss: 0.0483355 | Test Loss: 0.0754493 | analysis_confidence: 0.0120208 | CL: 0.0257413 | ln_CD: 0.0728392 | CM: 0.00524102 | Top_Xtr: 0.0307704 | Bot_Xtr: 0.0341105
Loss contributors: 
	s_analysis_confidence    : 0.0569377
	s_ln_CD                  : 0.00736308
	s_CL                     : 0.00352768
	s_CM                     : 0.0021067
	s_Bot_Xtr                : 0.000641568
	s_Top_Xtr                : 0.00053911
	s_lower_bl_H_0           : 7.31383e-05
	s_upper_bl_H_0           : 6.84358e-05
	s_lower_bl_H_1           : 6.49333e-05
	s_upper_bl_H_1           : 6.48493e-05
Epoch: 687 | Train Loss: 0.0483357 | Test Loss: 0.0754427 | analysis_confidence: 0.0120147 | CL: 0.0257457 | ln_CD: 0.0728439 | CM: 0.00524119 | Top_Xtr: 0.030771 | Bot_Xtr: 0.0341103
Loss contributors: 
	s_analysis_confidence    : 0.0569303
	s_ln_CD                  : 0.00736343
	s_CL                     : 0.00352816
	s_CM                     : 0.00210678
	s_Bot_Xtr                : 0.000641572
	s_Top_Xtr                : 0.000539089
	s_lower_bl_H_0           : 7.31404e-05
	s_upper_bl_H_0           : 6.84367e-05
	s_lower_bl_H_1           : 6.49342e-05
	s_upper_bl_H_1           : 6.48494e-05
Epoch: 688 | Train Loss: 0.0483374 | Test Loss: 0.0754445 | analysis_confidence: 0.0120232 | CL: 0.0257425 | ln_CD: 0.0728442 | CM: 0.00524111 | Top_Xtr: 0.0307722 | Bot_Xtr: 0.034112
Loss contributors: 
	s_analysis_confidence    : 0.0569329
	s_ln_CD                  : 0.00736295
	s_CL                     : 0.00352784
	s_CM                     : 0.00210673
	s_Bot_Xtr                : 0.000641611
	s_Top_Xtr                : 0.000539083
	s_lower_bl_H_0           : 7.31423e-05
	s_upper_bl_H_0           : 6.84392e-05
	s_lower_bl_H_1           : 6.49358e-05
	s_upper_bl_H_1           : 6.48493e-05
Epoch: 689 | Train Loss: 0.0483363 | Test Loss: 0.0754417 | analysis_confidence: 0.011994 | CL: 0.0257419 | ln_CD: 0.0728361 | CM: 0.00524109 | Top_Xtr: 0.03077 | Bot_Xtr: 0.03411
Loss contributors: 
	s_analysis_confidence    : 0.0569297
	s_ln_CD                  : 0.00736349
	s_CL                     : 0.00352775
	s_CM                     : 0.00210672
	s_Bot_Xtr                : 0.000641594
	s_Top_Xtr                : 0.000539087
	s_lower_bl_H_0           : 7.31421e-05
	s_upper_bl_H_0           : 6.84384e-05
	s_lower_bl_H_1           : 6.49366e-05
	s_upper_bl_H_1           : 6.48483e-05
Epoch: 690 | Train Loss: 0.0483368 | Test Loss: 0.0754405 | analysis_confidence: 0.0120126 | CL: 0.0257436 | ln_CD: 0.0728492 | CM: 0.00524131 | Top_Xtr: 0.0307762 | Bot_Xtr: 0.0341141
Loss contributors: 
	s_analysis_confidence    : 0.0569283
	s_ln_CD                  : 0.00736321
	s_CL                     : 0.00352794
	s_CM                     : 0.00210681
	s_Bot_Xtr                : 0.0006416
	s_Top_Xtr                : 0.000539075
	s_lower_bl_H_0           : 7.3141e-05
	s_upper_bl_H_0           : 6.84383e-05
	s_lower_bl_H_1           : 6.49364e-05
	s_upper_bl_H_1           : 6.48485e-05
Epoch: 691 | Train Loss: 0.0483386 | Test Loss: 0.0754417 | analysis_confidence: 0.0120353 | CL: 0.0257423 | ln_CD: 0.0728399 | CM: 0.00524125 | Top_Xtr: 0.0307691 | Bot_Xtr: 0.0341122
Loss contributors: 
	s_analysis_confidence    : 0.0569297
	s_ln_CD                  : 0.00736313
	s_CL                     : 0.00352785
	s_CM                     : 0.0021068
	s_Bot_Xtr                : 0.000641679
	s_Top_Xtr                : 0.000539092
	s_lower_bl_H_0           : 7.31408e-05
	s_upper_bl_H_0           : 6.84383e-05
	s_lower_bl_H_1           : 6.49329e-05
	s_upper_bl_H_1           : 6.48474e-05
Epoch: 692 | Train Loss: 0.0483362 | Test Loss: 0.075449 | analysis_confidence: 0.0120306 | CL: 0.0257435 | ln_CD: 0.0728471 | CM: 0.00524128 | Top_Xtr: 0.0307698 | Bot_Xtr: 0.03411
Loss contributors: 
	s_analysis_confidence    : 0.0569367
	s_ln_CD                  : 0.0073633
	s_CL                     : 0.00352794
	s_CM                     : 0.0021068
	s_Bot_Xtr                : 0.000641617
	s_Top_Xtr                : 0.000539093
	s_lower_bl_H_0           : 7.31412e-05
	s_upper_bl_H_0           : 6.84373e-05
	s_lower_bl_H_1           : 6.49337e-05
	s_upper_bl_H_1           : 6.4849e-05
Epoch: 693 | Train Loss: 0.0483389 | Test Loss: 0.0754497 | analysis_confidence: 0.0120098 | CL: 0.0257404 | ln_CD: 0.0728615 | CM: 0.00524117 | Top_Xtr: 0.0307736 | Bot_Xtr: 0.0341112
Loss contributors: 
	s_analysis_confidence    : 0.0569374
	s_ln_CD                  : 0.00736364
	s_CL                     : 0.00352763
	s_CM                     : 0.00210673
	s_Bot_Xtr                : 0.000641601
	s_Top_Xtr                : 0.000539081
	s_lower_bl_H_0           : 7.31424e-05
	s_upper_bl_H_0           : 6.84383e-05
	s_lower_bl_H_1           : 6.49351e-05
	s_upper_bl_H_1           : 6.48502e-05
Epoch: 694 | Train Loss: 0.0483359 | Test Loss: 0.0754466 | analysis_confidence: 0.0120345 | CL: 0.0257431 | ln_CD: 0.072845 | CM: 0.00524128 | Top_Xtr: 0.0307713 | Bot_Xtr: 0.0341105
Loss contributors: 
	s_analysis_confidence    : 0.0569339
	s_ln_CD                  : 0.00736368
	s_CL                     : 0.0035279
	s_CM                     : 0.00210679
	s_Bot_Xtr                : 0.000641651
	s_Top_Xtr                : 0.000539089
	s_lower_bl_H_0           : 7.31434e-05
	s_upper_bl_H_0           : 6.84392e-05
	s_lower_bl_H_1           : 6.49369e-05
	s_upper_bl_H_1           : 6.48508e-05
Epoch: 695 | Train Loss: 0.0483376 | Test Loss: 0.0754441 | analysis_confidence: 0.0120138 | CL: 0.0257406 | ln_CD: 0.072835 | CM: 0.00524114 | Top_Xtr: 0.0307717 | Bot_Xtr: 0.0341119
Loss contributors: 
	s_analysis_confidence    : 0.0569323
	s_ln_CD                  : 0.00736315
	s_CL                     : 0.00352763
	s_CM                     : 0.00210673
	s_Bot_Xtr                : 0.000641664
	s_Top_Xtr                : 0.000539097
	s_lower_bl_H_0           : 7.31431e-05
	s_upper_bl_H_0           : 6.8438e-05
	s_lower_bl_H_1           : 6.49374e-05
	s_upper_bl_H_1           : 6.485e-05
Epoch: 696 | Train Loss: 0.0483374 | Test Loss: 0.0754462 | analysis_confidence: 0.0120411 | CL: 0.0257432 | ln_CD: 0.0728591 | CM: 0.00524139 | Top_Xtr: 0.0307717 | Bot_Xtr: 0.0341095
Loss contributors: 
	s_analysis_confidence    : 0.0569333
	s_ln_CD                  : 0.00736393
	s_CL                     : 0.00352791
	s_CM                     : 0.00210683
	s_Bot_Xtr                : 0.00064159
	s_Top_Xtr                : 0.000539098
	s_lower_bl_H_0           : 7.31444e-05
	s_upper_bl_H_0           : 6.84384e-05
	s_lower_bl_H_1           : 6.49364e-05
	s_upper_bl_H_1           : 6.48522e-05
Epoch: 697 | Train Loss: 0.0483368 | Test Loss: 0.0754488 | analysis_confidence: 0.0120284 | CL: 0.0257398 | ln_CD: 0.0728518 | CM: 0.00524122 | Top_Xtr: 0.0307729 | Bot_Xtr: 0.0341114
Loss contributors: 
	s_analysis_confidence    : 0.0569364
	s_ln_CD                  : 0.0073639
	s_CL                     : 0.00352753
	s_CM                     : 0.00210673
	s_Bot_Xtr                : 0.000641574
	s_Top_Xtr                : 0.000539082
	s_lower_bl_H_0           : 7.31455e-05
	s_upper_bl_H_0           : 6.84411e-05
	s_lower_bl_H_1           : 6.49395e-05
	s_upper_bl_H_1           : 6.48536e-05
Epoch: 698 | Train Loss: 0.0483372 | Test Loss: 0.0754507 | analysis_confidence: 0.0120591 | CL: 0.0257464 | ln_CD: 0.0728374 | CM: 0.00524161 | Top_Xtr: 0.0307682 | Bot_Xtr: 0.0341097
Loss contributors: 
	s_analysis_confidence    : 0.0569384
	s_ln_CD                  : 0.00736287
	s_CL                     : 0.00352821
	s_CM                     : 0.00210692
	s_Bot_Xtr                : 0.000641622
	s_Top_Xtr                : 0.00053911
	s_lower_bl_H_0           : 7.31425e-05
	s_upper_bl_H_0           : 6.84367e-05
	s_lower_bl_H_1           : 6.49353e-05
	s_upper_bl_H_1           : 6.4847e-05
Epoch: 699 | Train Loss: 0.0483383 | Test Loss: 0.0754435 | analysis_confidence: 0.0119903 | CL: 0.0257456 | ln_CD: 0.0728399 | CM: 0.00524164 | Top_Xtr: 0.0307695 | Bot_Xtr: 0.034111
Loss contributors: 
	s_analysis_confidence    : 0.0569313
	s_ln_CD                  : 0.00736303
	s_CL                     : 0.00352816
	s_CM                     : 0.00210692
	s_Bot_Xtr                : 0.000641603
	s_Top_Xtr                : 0.000539093
	s_lower_bl_H_0           : 7.31431e-05
	s_upper_bl_H_0           : 6.84366e-05
	s_lower_bl_H_1           : 6.49349e-05
	s_upper_bl_H_1           : 6.48473e-05
Epoch: 700 | Train Loss: 0.0483365 | Test Loss: 0.0754491 | analysis_confidence: 0.0120393 | CL: 0.0257417 | ln_CD: 0.072844 | CM: 0.00524114 | Top_Xtr: 0.0307746 | Bot_Xtr: 0.0341125
Loss contributors: 
	s_analysis_confidence    : 0.0569364
	s_ln_CD                  : 0.007364
	s_CL                     : 0.00352776
	s_CM                     : 0.00210673
	s_Bot_Xtr                : 0.000641588
	s_Top_Xtr                : 0.000539085
	s_lower_bl_H_0           : 7.31432e-05
	s_upper_bl_H_0           : 6.84382e-05
	s_lower_bl_H_1           : 6.49371e-05
	s_upper_bl_H_1           : 6.48502e-05
Epoch: 701 | Train Loss: 0.0483371 | Test Loss: 0.0754397 | analysis_confidence: 0.0120309 | CL: 0.0257449 | ln_CD: 0.0728324 | CM: 0.00524123 | Top_Xtr: 0.0307721 | Bot_Xtr: 0.0341109
Loss contributors: 
	s_analysis_confidence    : 0.0569274
	s_ln_CD                  : 0.00736335
	s_CL                     : 0.00352809
	s_CM                     : 0.0021068
	s_Bot_Xtr                : 0.000641589
	s_Top_Xtr                : 0.000539107
	s_lower_bl_H_0           : 7.31412e-05
	s_upper_bl_H_0           : 6.84366e-05
	s_lower_bl_H_1           : 6.49359e-05
	s_upper_bl_H_1           : 6.48481e-05
Epoch: 702 | Train Loss: 0.0483369 | Test Loss: 0.0754465 | analysis_confidence: 0.0119827 | CL: 0.0257471 | ln_CD: 0.0728513 | CM: 0.00524162 | Top_Xtr: 0.0307693 | Bot_Xtr: 0.034107
Loss contributors: 
	s_analysis_confidence    : 0.0569338
	s_ln_CD                  : 0.00736327
	s_CL                     : 0.00352828
	s_CM                     : 0.00210692
	s_Bot_Xtr                : 0.000641574
	s_Top_Xtr                : 0.000539134
	s_lower_bl_H_0           : 7.31424e-05
	s_upper_bl_H_0           : 6.84381e-05
	s_lower_bl_H_1           : 6.49348e-05
	s_upper_bl_H_1           : 6.48469e-05
Epoch: 703 | Train Loss: 0.0483378 | Test Loss: 0.075453 | analysis_confidence: 0.0120169 | CL: 0.0257469 | ln_CD: 0.0728557 | CM: 0.00524147 | Top_Xtr: 0.0307746 | Bot_Xtr: 0.0341102
Loss contributors: 
	s_analysis_confidence    : 0.0569402
	s_ln_CD                  : 0.00736355
	s_CL                     : 0.00352824
	s_CM                     : 0.00210686
	s_Bot_Xtr                : 0.000641564
	s_Top_Xtr                : 0.000539129
	s_lower_bl_H_0           : 7.3143e-05
	s_upper_bl_H_0           : 6.8439e-05
	s_lower_bl_H_1           : 6.4934e-05
	s_upper_bl_H_1           : 6.48479e-05
Epoch: 704 | Train Loss: 0.0483366 | Test Loss: 0.0754458 | analysis_confidence: 0.0120286 | CL: 0.0257486 | ln_CD: 0.0728474 | CM: 0.00524164 | Top_Xtr: 0.0307724 | Bot_Xtr: 0.0341102
Loss contributors: 
	s_analysis_confidence    : 0.0569338
	s_ln_CD                  : 0.00736265
	s_CL                     : 0.00352841
	s_CM                     : 0.00210693
	s_Bot_Xtr                : 0.000641531
	s_Top_Xtr                : 0.000539132
	s_lower_bl_H_0           : 7.31419e-05
	s_upper_bl_H_0           : 6.84366e-05
	s_lower_bl_H_1           : 6.4933e-05
	s_upper_bl_H_1           : 6.48469e-05
Epoch: 705 | Train Loss: 0.0483372 | Test Loss: 0.0754419 | analysis_confidence: 0.0120083 | CL: 0.0257442 | ln_CD: 0.0728398 | CM: 0.00524136 | Top_Xtr: 0.0307723 | Bot_Xtr: 0.0341111
Loss contributors: 
	s_analysis_confidence    : 0.0569296
	s_ln_CD                  : 0.00736329
	s_CL                     : 0.00352798
	s_CM                     : 0.00210682
	s_Bot_Xtr                : 0.000641559
	s_Top_Xtr                : 0.000539112
	s_lower_bl_H_0           : 7.31409e-05
	s_upper_bl_H_0           : 6.84366e-05
	s_lower_bl_H_1           : 6.49341e-05
	s_upper_bl_H_1           : 6.48466e-05
Epoch: 706 | Train Loss: 0.0483371 | Test Loss: 0.0754431 | analysis_confidence: 0.0120302 | CL: 0.0257443 | ln_CD: 0.0728327 | CM: 0.00524142 | Top_Xtr: 0.0307705 | Bot_Xtr: 0.0341102
Loss contributors: 
	s_analysis_confidence    : 0.0569308
	s_ln_CD                  : 0.00736323
	s_CL                     : 0.00352806
	s_CM                     : 0.00210685
	s_Bot_Xtr                : 0.000641592
	s_Top_Xtr                : 0.000539101
	s_lower_bl_H_0           : 7.31422e-05
	s_upper_bl_H_0           : 6.84373e-05
	s_lower_bl_H_1           : 6.49349e-05
	s_upper_bl_H_1           : 6.48494e-05
Epoch: 707 | Train Loss: 0.0483372 | Test Loss: 0.0754457 | analysis_confidence: 0.0120413 | CL: 0.0257427 | ln_CD: 0.0728477 | CM: 0.00524138 | Top_Xtr: 0.0307693 | Bot_Xtr: 0.0341092
Loss contributors: 
	s_analysis_confidence    : 0.0569327
	s_ln_CD                  : 0.00736399
	s_CL                     : 0.00352789
	s_CM                     : 0.00210682
	s_Bot_Xtr                : 0.000641583
	s_Top_Xtr                : 0.000539101
	s_lower_bl_H_0           : 7.3144e-05
	s_upper_bl_H_0           : 6.84398e-05
	s_lower_bl_H_1           : 6.49369e-05
	s_upper_bl_H_1           : 6.48514e-05
Epoch: 708 | Train Loss: 0.0483371 | Test Loss: 0.0754501 | analysis_confidence: 0.0120497 | CL: 0.0257455 | ln_CD: 0.0728494 | CM: 0.00524146 | Top_Xtr: 0.0307734 | Bot_Xtr: 0.0341104
Loss contributors: 
	s_analysis_confidence    : 0.0569373
	s_ln_CD                  : 0.00736365
	s_CL                     : 0.00352815
	s_CM                     : 0.00210686
	s_Bot_Xtr                : 0.000641585
	s_Top_Xtr                : 0.000539093
	s_lower_bl_H_0           : 7.31428e-05
	s_upper_bl_H_0           : 6.84389e-05
	s_lower_bl_H_1           : 6.49356e-05
	s_upper_bl_H_1           : 6.48501e-05
Epoch: 709 | Train Loss: 0.0483379 | Test Loss: 0.0754461 | analysis_confidence: 0.0120004 | CL: 0.025747 | ln_CD: 0.0728402 | CM: 0.00524157 | Top_Xtr: 0.0307695 | Bot_Xtr: 0.0341107
Loss contributors: 
	s_analysis_confidence    : 0.0569336
	s_ln_CD                  : 0.00736311
	s_CL                     : 0.00352834
	s_CM                     : 0.00210692
	s_Bot_Xtr                : 0.000641607
	s_Top_Xtr                : 0.000539085
	s_lower_bl_H_0           : 7.31427e-05
	s_upper_bl_H_0           : 6.84373e-05
	s_lower_bl_H_1           : 6.49344e-05
	s_upper_bl_H_1           : 6.48485e-05
Epoch: 710 | Train Loss: 0.0483415 | Test Loss: 0.0754385 | analysis_confidence: 0.0120174 | CL: 0.0257447 | ln_CD: 0.0728369 | CM: 0.00524148 | Top_Xtr: 0.0307726 | Bot_Xtr: 0.0341151
Loss contributors: 
	s_analysis_confidence    : 0.0569258
	s_ln_CD                  : 0.00736355
	s_CL                     : 0.00352809
	s_CM                     : 0.00210688
	s_Bot_Xtr                : 0.000641617
	s_Top_Xtr                : 0.000539072
	s_lower_bl_H_0           : 7.31433e-05
	s_upper_bl_H_0           : 6.84377e-05
	s_lower_bl_H_1           : 6.49378e-05
	s_upper_bl_H_1           : 6.48479e-05
Epoch: 711 | Train Loss: 0.0483368 | Test Loss: 0.0754521 | analysis_confidence: 0.012022 | CL: 0.0257452 | ln_CD: 0.0728529 | CM: 0.00524157 | Top_Xtr: 0.0307675 | Bot_Xtr: 0.03411
Loss contributors: 
	s_analysis_confidence    : 0.0569392
	s_ln_CD                  : 0.0073636
	s_CL                     : 0.00352818
	s_CM                     : 0.00210689
	s_Bot_Xtr                : 0.00064161
	s_Top_Xtr                : 0.000539073
	s_lower_bl_H_0           : 7.31444e-05
	s_upper_bl_H_0           : 6.84397e-05
	s_lower_bl_H_1           : 6.49371e-05
	s_upper_bl_H_1           : 6.48499e-05
Epoch: 712 | Train Loss: 0.048339 | Test Loss: 0.0754443 | analysis_confidence: 0.012035 | CL: 0.0257451 | ln_CD: 0.0728338 | CM: 0.0052414 | Top_Xtr: 0.0307718 | Bot_Xtr: 0.0341104
Loss contributors: 
	s_analysis_confidence    : 0.0569317
	s_ln_CD                  : 0.00736359
	s_CL                     : 0.00352812
	s_CM                     : 0.00210686
	s_Bot_Xtr                : 0.000641549
	s_Top_Xtr                : 0.000539053
	s_lower_bl_H_0           : 7.31419e-05
	s_upper_bl_H_0           : 6.84383e-05
	s_lower_bl_H_1           : 6.49346e-05
	s_upper_bl_H_1           : 6.48487e-05
Epoch: 713 | Train Loss: 0.0483376 | Test Loss: 0.0754507 | analysis_confidence: 0.0120207 | CL: 0.0257427 | ln_CD: 0.0728569 | CM: 0.00524134 | Top_Xtr: 0.0307732 | Bot_Xtr: 0.0341131
Loss contributors: 
	s_analysis_confidence    : 0.0569378
	s_ln_CD                  : 0.00736404
	s_CL                     : 0.00352787
	s_CM                     : 0.00210681
	s_Bot_Xtr                : 0.000641571
	s_Top_Xtr                : 0.000539058
	s_lower_bl_H_0           : 7.31436e-05
	s_upper_bl_H_0           : 6.84407e-05
	s_lower_bl_H_1           : 6.49354e-05
	s_upper_bl_H_1           : 6.48503e-05
Epoch: 714 | Train Loss: 0.0483383 | Test Loss: 0.0754419 | analysis_confidence: 0.0120286 | CL: 0.0257435 | ln_CD: 0.0728506 | CM: 0.00524132 | Top_Xtr: 0.0307737 | Bot_Xtr: 0.0341101
Loss contributors: 
	s_analysis_confidence    : 0.0569295
	s_ln_CD                  : 0.00736342
	s_CL                     : 0.00352798
	s_CM                     : 0.00210682
	s_Bot_Xtr                : 0.000641565
	s_Top_Xtr                : 0.000539077
	s_lower_bl_H_0           : 7.31442e-05
	s_upper_bl_H_0           : 6.84403e-05
	s_lower_bl_H_1           : 6.49349e-05
	s_upper_bl_H_1           : 6.48499e-05
Epoch: 715 | Train Loss: 0.0483377 | Test Loss: 0.0754499 | analysis_confidence: 0.0120549 | CL: 0.025743 | ln_CD: 0.072847 | CM: 0.0052414 | Top_Xtr: 0.030771 | Bot_Xtr: 0.0341101
Loss contributors: 
	s_analysis_confidence    : 0.0569372
	s_ln_CD                  : 0.00736374
	s_CL                     : 0.00352791
	s_CM                     : 0.00210682
	s_Bot_Xtr                : 0.000641584
	s_Top_Xtr                : 0.000539052
	s_lower_bl_H_0           : 7.3146e-05
	s_upper_bl_H_0           : 6.84416e-05
	s_lower_bl_H_1           : 6.49357e-05
	s_upper_bl_H_1           : 6.48513e-05
Epoch: 716 | Train Loss: 0.0483379 | Test Loss: 0.0754491 | analysis_confidence: 0.0120322 | CL: 0.0257426 | ln_CD: 0.0728433 | CM: 0.00524145 | Top_Xtr: 0.0307679 | Bot_Xtr: 0.0341099
Loss contributors: 
	s_analysis_confidence    : 0.0569364
	s_ln_CD                  : 0.00736374
	s_CL                     : 0.00352786
	s_CM                     : 0.00210684
	s_Bot_Xtr                : 0.00064163
	s_Top_Xtr                : 0.000539069
	s_lower_bl_H_0           : 7.31449e-05
	s_upper_bl_H_0           : 6.84415e-05
	s_lower_bl_H_1           : 6.49385e-05
	s_upper_bl_H_1           : 6.48503e-05
Epoch: 717 | Train Loss: 0.0483379 | Test Loss: 0.0754454 | analysis_confidence: 0.0119814 | CL: 0.0257465 | ln_CD: 0.0728447 | CM: 0.00524171 | Top_Xtr: 0.0307689 | Bot_Xtr: 0.0341099
Loss contributors: 
	s_analysis_confidence    : 0.0569336
	s_ln_CD                  : 0.00736261
	s_CL                     : 0.00352824
	s_CM                     : 0.00210696
	s_Bot_Xtr                : 0.000641575
	s_Top_Xtr                : 0.000539083
	s_lower_bl_H_0           : 7.31437e-05
	s_upper_bl_H_0           : 6.84395e-05
	s_lower_bl_H_1           : 6.49346e-05
	s_upper_bl_H_1           : 6.4846e-05
Epoch: 718 | Train Loss: 0.0483373 | Test Loss: 0.0754509 | analysis_confidence: 0.0120288 | CL: 0.0257431 | ln_CD: 0.0728489 | CM: 0.0052415 | Top_Xtr: 0.0307679 | Bot_Xtr: 0.0341109
Loss contributors: 
	s_analysis_confidence    : 0.0569387
	s_ln_CD                  : 0.00736324
	s_CL                     : 0.00352789
	s_CM                     : 0.00210684
	s_Bot_Xtr                : 0.000641581
	s_Top_Xtr                : 0.000539079
	s_lower_bl_H_0           : 7.31449e-05
	s_upper_bl_H_0           : 6.84415e-05
	s_lower_bl_H_1           : 6.49376e-05
	s_upper_bl_H_1           : 6.48514e-05
Epoch: 719 | Train Loss: 0.0483379 | Test Loss: 0.0754509 | analysis_confidence: 0.0120377 | CL: 0.0257446 | ln_CD: 0.0728385 | CM: 0.00524144 | Top_Xtr: 0.030771 | Bot_Xtr: 0.0341121
Loss contributors: 
	s_analysis_confidence    : 0.0569387
	s_ln_CD                  : 0.00736303
	s_CL                     : 0.00352807
	s_CM                     : 0.00210685
	s_Bot_Xtr                : 0.000641594
	s_Top_Xtr                : 0.000539076
	s_lower_bl_H_0           : 7.31457e-05
	s_upper_bl_H_0           : 6.84414e-05
	s_lower_bl_H_1           : 6.49387e-05
	s_upper_bl_H_1           : 6.48508e-05
Epoch: 720 | Train Loss: 0.04834 | Test Loss: 0.0754418 | analysis_confidence: 0.0119996 | CL: 0.0257462 | ln_CD: 0.0728405 | CM: 0.00524154 | Top_Xtr: 0.0307701 | Bot_Xtr: 0.0341098
Loss contributors: 
	s_analysis_confidence    : 0.05693
	s_ln_CD                  : 0.00736257
	s_CL                     : 0.00352824
	s_CM                     : 0.0021069
	s_Bot_Xtr                : 0.000641528
	s_Top_Xtr                : 0.000539068
	s_lower_bl_H_0           : 7.31444e-05
	s_upper_bl_H_0           : 6.84401e-05
	s_lower_bl_H_1           : 6.49359e-05
	s_upper_bl_H_1           : 6.48485e-05
Epoch: 721 | Train Loss: 0.0483385 | Test Loss: 0.0754469 | analysis_confidence: 0.0120224 | CL: 0.0257448 | ln_CD: 0.0728411 | CM: 0.00524152 | Top_Xtr: 0.0307702 | Bot_Xtr: 0.0341087
Loss contributors: 
	s_analysis_confidence    : 0.0569352
	s_ln_CD                  : 0.00736259
	s_CL                     : 0.00352809
	s_CM                     : 0.00210689
	s_Bot_Xtr                : 0.000641551
	s_Top_Xtr                : 0.000539075
	s_lower_bl_H_0           : 7.31443e-05
	s_upper_bl_H_0           : 6.84397e-05
	s_lower_bl_H_1           : 6.49365e-05
	s_upper_bl_H_1           : 6.48464e-05
Epoch: 722 | Train Loss: 0.0483387 | Test Loss: 0.075444 | analysis_confidence: 0.0120082 | CL: 0.0257489 | ln_CD: 0.072839 | CM: 0.00524175 | Top_Xtr: 0.03077 | Bot_Xtr: 0.0341101
Loss contributors: 
	s_analysis_confidence    : 0.0569315
	s_ln_CD                  : 0.00736291
	s_CL                     : 0.00352853
	s_CM                     : 0.00210698
	s_Bot_Xtr                : 0.000641549
	s_Top_Xtr                : 0.000539076
	s_lower_bl_H_0           : 7.31447e-05
	s_upper_bl_H_0           : 6.84399e-05
	s_lower_bl_H_1           : 6.49347e-05
	s_upper_bl_H_1           : 6.48467e-05
Epoch: 723 | Train Loss: 0.0483386 | Test Loss: 0.0754417 | analysis_confidence: 0.0119938 | CL: 0.025745 | ln_CD: 0.0728479 | CM: 0.00524171 | Top_Xtr: 0.030771 | Bot_Xtr: 0.0341106
Loss contributors: 
	s_analysis_confidence    : 0.0569292
	s_ln_CD                  : 0.00736328
	s_CL                     : 0.00352812
	s_CM                     : 0.00210693
	s_Bot_Xtr                : 0.000641596
	s_Top_Xtr                : 0.000539085
	s_lower_bl_H_0           : 7.31456e-05
	s_upper_bl_H_0           : 6.84425e-05
	s_lower_bl_H_1           : 6.49376e-05
	s_upper_bl_H_1           : 6.48504e-05
Epoch: 724 | Train Loss: 0.0483381 | Test Loss: 0.075445 | analysis_confidence: 0.0119862 | CL: 0.0257438 | ln_CD: 0.0728383 | CM: 0.00524154 | Top_Xtr: 0.0307728 | Bot_Xtr: 0.0341109
Loss contributors: 
	s_analysis_confidence    : 0.0569326
	s_ln_CD                  : 0.00736331
	s_CL                     : 0.00352799
	s_CM                     : 0.00210688
	s_Bot_Xtr                : 0.000641564
	s_Top_Xtr                : 0.000539078
	s_lower_bl_H_0           : 7.31457e-05
	s_upper_bl_H_0           : 6.8441e-05
	s_lower_bl_H_1           : 6.49373e-05
	s_upper_bl_H_1           : 6.4849e-05
Epoch: 725 | Train Loss: 0.0483384 | Test Loss: 0.0754525 | analysis_confidence: 0.0120452 | CL: 0.0257448 | ln_CD: 0.0728326 | CM: 0.00524141 | Top_Xtr: 0.0307707 | Bot_Xtr: 0.0341116
Loss contributors: 
	s_analysis_confidence    : 0.0569403
	s_ln_CD                  : 0.00736312
	s_CL                     : 0.00352814
	s_CM                     : 0.00210685
	s_Bot_Xtr                : 0.000641573
	s_Top_Xtr                : 0.000539076
	s_lower_bl_H_0           : 7.31436e-05
	s_upper_bl_H_0           : 6.84396e-05
	s_lower_bl_H_1           : 6.49352e-05
	s_upper_bl_H_1           : 6.48488e-05
Epoch: 726 | Train Loss: 0.0483392 | Test Loss: 0.0754448 | analysis_confidence: 0.0120087 | CL: 0.0257441 | ln_CD: 0.0728576 | CM: 0.00524164 | Top_Xtr: 0.030764 | Bot_Xtr: 0.0341091
Loss contributors: 
	s_analysis_confidence    : 0.0569322
	s_ln_CD                  : 0.00736346
	s_CL                     : 0.00352803
	s_CM                     : 0.00210693
	s_Bot_Xtr                : 0.00064163
	s_Top_Xtr                : 0.000539086
	s_lower_bl_H_0           : 7.3145e-05
	s_upper_bl_H_0           : 6.84401e-05
	s_lower_bl_H_1           : 6.49341e-05
	s_upper_bl_H_1           : 6.48472e-05
Epoch: 727 | Train Loss: 0.048338 | Test Loss: 0.0754461 | analysis_confidence: 0.0120071 | CL: 0.0257416 | ln_CD: 0.0728485 | CM: 0.0052415 | Top_Xtr: 0.0307695 | Bot_Xtr: 0.0341097
Loss contributors: 
	s_analysis_confidence    : 0.0569337
	s_ln_CD                  : 0.00736366
	s_CL                     : 0.00352777
	s_CM                     : 0.00210685
	s_Bot_Xtr                : 0.000641556
	s_Top_Xtr                : 0.000539064
	s_lower_bl_H_0           : 7.31438e-05
	s_upper_bl_H_0           : 6.84388e-05
	s_lower_bl_H_1           : 6.49366e-05
	s_upper_bl_H_1           : 6.48498e-05
Epoch: 728 | Train Loss: 0.0483389 | Test Loss: 0.0754488 | analysis_confidence: 0.0120444 | CL: 0.0257422 | ln_CD: 0.0728546 | CM: 0.0052414 | Top_Xtr: 0.0307712 | Bot_Xtr: 0.0341101
Loss contributors: 
	s_analysis_confidence    : 0.0569352
	s_ln_CD                  : 0.00736464
	s_CL                     : 0.00352783
	s_CM                     : 0.0021068
	s_Bot_Xtr                : 0.000641565
	s_Top_Xtr                : 0.000539041
	s_lower_bl_H_0           : 7.3146e-05
	s_upper_bl_H_0           : 6.84403e-05
	s_lower_bl_H_1           : 6.49399e-05
	s_upper_bl_H_1           : 6.48525e-05
Epoch: 729 | Train Loss: 0.0483394 | Test Loss: 0.0754527 | analysis_confidence: 0.0120224 | CL: 0.0257479 | ln_CD: 0.0728458 | CM: 0.00524169 | Top_Xtr: 0.0307673 | Bot_Xtr: 0.0341106
Loss contributors: 
	s_analysis_confidence    : 0.0569398
	s_ln_CD                  : 0.0073635
	s_CL                     : 0.00352841
	s_CM                     : 0.00210694
	s_Bot_Xtr                : 0.000641564
	s_Top_Xtr                : 0.00053904
	s_lower_bl_H_0           : 7.31445e-05
	s_upper_bl_H_0           : 6.8438e-05
	s_lower_bl_H_1           : 6.49361e-05
	s_upper_bl_H_1           : 6.4848e-05
Epoch: 730 | Train Loss: 0.0483415 | Test Loss: 0.0754491 | analysis_confidence: 0.0120184 | CL: 0.0257455 | ln_CD: 0.0728428 | CM: 0.00524158 | Top_Xtr: 0.0307694 | Bot_Xtr: 0.0341115
Loss contributors: 
	s_analysis_confidence    : 0.0569366
	s_ln_CD                  : 0.00736345
	s_CL                     : 0.00352813
	s_CM                     : 0.0021069
	s_Bot_Xtr                : 0.000641557
	s_Top_Xtr                : 0.000539043
	s_lower_bl_H_0           : 7.31457e-05
	s_upper_bl_H_0           : 6.84396e-05
	s_lower_bl_H_1           : 6.49352e-05
	s_upper_bl_H_1           : 6.48489e-05
Epoch: 731 | Train Loss: 0.0483391 | Test Loss: 0.0754525 | analysis_confidence: 0.0120527 | CL: 0.0257433 | ln_CD: 0.072839 | CM: 0.00524141 | Top_Xtr: 0.0307709 | Bot_Xtr: 0.034111
Loss contributors: 
	s_analysis_confidence    : 0.0569399
	s_ln_CD                  : 0.00736384
	s_CL                     : 0.00352792
	s_CM                     : 0.00210683
	s_Bot_Xtr                : 0.000641547
	s_Top_Xtr                : 0.00053904
	s_lower_bl_H_0           : 7.31442e-05
	s_upper_bl_H_0           : 6.84399e-05
	s_lower_bl_H_1           : 6.49353e-05
	s_upper_bl_H_1           : 6.48495e-05
Epoch: 732 | Train Loss: 0.0483394 | Test Loss: 0.0754439 | analysis_confidence: 0.0119898 | CL: 0.0257435 | ln_CD: 0.0728506 | CM: 0.00524153 | Top_Xtr: 0.0307705 | Bot_Xtr: 0.0341105
Loss contributors: 
	s_analysis_confidence    : 0.0569315
	s_ln_CD                  : 0.0073634
	s_CL                     : 0.00352798
	s_CM                     : 0.00210685
	s_Bot_Xtr                : 0.000641578
	s_Top_Xtr                : 0.000539054
	s_lower_bl_H_0           : 7.31478e-05
	s_upper_bl_H_0           : 6.84426e-05
	s_lower_bl_H_1           : 6.49387e-05
	s_upper_bl_H_1           : 6.48522e-05
Epoch: 733 | Train Loss: 0.0483412 | Test Loss: 0.0754464 | analysis_confidence: 0.0120102 | CL: 0.0257445 | ln_CD: 0.0728453 | CM: 0.00524161 | Top_Xtr: 0.0307697 | Bot_Xtr: 0.0341114
Loss contributors: 
	s_analysis_confidence    : 0.0569338
	s_ln_CD                  : 0.0073634
	s_CL                     : 0.0035281
	s_CM                     : 0.00210689
	s_Bot_Xtr                : 0.000641606
	s_Top_Xtr                : 0.000539046
	s_lower_bl_H_0           : 7.3147e-05
	s_upper_bl_H_0           : 6.84415e-05
	s_lower_bl_H_1           : 6.49377e-05
	s_upper_bl_H_1           : 6.48519e-05
Epoch: 734 | Train Loss: 0.0483405 | Test Loss: 0.0754511 | analysis_confidence: 0.0120441 | CL: 0.0257478 | ln_CD: 0.0728384 | CM: 0.00524175 | Top_Xtr: 0.0307663 | Bot_Xtr: 0.0341092
Loss contributors: 
	s_analysis_confidence    : 0.0569381
	s_ln_CD                  : 0.00736354
	s_CL                     : 0.00352842
	s_CM                     : 0.00210697
	s_Bot_Xtr                : 0.000641591
	s_Top_Xtr                : 0.000539044
	s_lower_bl_H_0           : 7.31444e-05
	s_upper_bl_H_0           : 6.84388e-05
	s_lower_bl_H_1           : 6.49374e-05
	s_upper_bl_H_1           : 6.4847e-05
Epoch: 735 | Train Loss: 0.0483393 | Test Loss: 0.0754551 | analysis_confidence: 0.0120012 | CL: 0.0257449 | ln_CD: 0.0728591 | CM: 0.00524173 | Top_Xtr: 0.0307704 | Bot_Xtr: 0.0341114
Loss contributors: 
	s_analysis_confidence    : 0.0569422
	s_ln_CD                  : 0.00736375
	s_CL                     : 0.00352809
	s_CM                     : 0.00210692
	s_Bot_Xtr                : 0.000641566
	s_Top_Xtr                : 0.000539039
	s_lower_bl_H_0           : 7.31477e-05
	s_upper_bl_H_0           : 6.84426e-05
	s_lower_bl_H_1           : 6.49388e-05
	s_upper_bl_H_1           : 6.48511e-05
Epoch: 736 | Train Loss: 0.0483393 | Test Loss: 0.0754491 | analysis_confidence: 0.012011 | CL: 0.0257436 | ln_CD: 0.0728523 | CM: 0.00524169 | Top_Xtr: 0.0307661 | Bot_Xtr: 0.0341107
Loss contributors: 
	s_analysis_confidence    : 0.056936
	s_ln_CD                  : 0.00736406
	s_CL                     : 0.00352799
	s_CM                     : 0.00210692
	s_Bot_Xtr                : 0.000641613
	s_Top_Xtr                : 0.000539061
	s_lower_bl_H_0           : 7.31461e-05
	s_upper_bl_H_0           : 6.84417e-05
	s_lower_bl_H_1           : 6.49393e-05
	s_upper_bl_H_1           : 6.48502e-05
Epoch: 737 | Train Loss: 0.0483417 | Test Loss: 0.0754506 | analysis_confidence: 0.0120133 | CL: 0.0257461 | ln_CD: 0.0728438 | CM: 0.00524189 | Top_Xtr: 0.0307664 | Bot_Xtr: 0.0341097
Loss contributors: 
	s_analysis_confidence    : 0.0569374
	s_ln_CD                  : 0.00736373
	s_CL                     : 0.00352824
	s_CM                     : 0.00210701
	s_Bot_Xtr                : 0.000641615
	s_Top_Xtr                : 0.00053906
	s_lower_bl_H_0           : 7.31455e-05
	s_upper_bl_H_0           : 6.84408e-05
	s_lower_bl_H_1           : 6.49362e-05
	s_upper_bl_H_1           : 6.48496e-05
Epoch: 738 | Train Loss: 0.0483399 | Test Loss: 0.0754466 | analysis_confidence: 0.0119907 | CL: 0.0257466 | ln_CD: 0.0728614 | CM: 0.00524184 | Top_Xtr: 0.0307696 | Bot_Xtr: 0.034111
Loss contributors: 
	s_analysis_confidence    : 0.0569332
	s_ln_CD                  : 0.00736406
	s_CL                     : 0.00352829
	s_CM                     : 0.00210699
	s_Bot_Xtr                : 0.000641603
	s_Top_Xtr                : 0.000539058
	s_lower_bl_H_0           : 7.31464e-05
	s_upper_bl_H_0           : 6.84426e-05
	s_lower_bl_H_1           : 6.49377e-05
	s_upper_bl_H_1           : 6.48505e-05
Epoch: 739 | Train Loss: 0.0483393 | Test Loss: 0.075454 | analysis_confidence: 0.0120287 | CL: 0.0257463 | ln_CD: 0.0728494 | CM: 0.00524176 | Top_Xtr: 0.0307693 | Bot_Xtr: 0.0341118
Loss contributors: 
	s_analysis_confidence    : 0.0569405
	s_ln_CD                  : 0.00736415
	s_CL                     : 0.00352824
	s_CM                     : 0.00210696
	s_Bot_Xtr                : 0.000641599
	s_Top_Xtr                : 0.000539047
	s_lower_bl_H_0           : 7.31442e-05
	s_upper_bl_H_0           : 6.84411e-05
	s_lower_bl_H_1           : 6.49366e-05
	s_upper_bl_H_1           : 6.4849e-05
Epoch: 740 | Train Loss: 0.0483406 | Test Loss: 0.0754483 | analysis_confidence: 0.012019 | CL: 0.0257434 | ln_CD: 0.0728472 | CM: 0.00524166 | Top_Xtr: 0.0307667 | Bot_Xtr: 0.0341105
Loss contributors: 
	s_analysis_confidence    : 0.0569355
	s_ln_CD                  : 0.00736373
	s_CL                     : 0.00352798
	s_CM                     : 0.00210692
	s_Bot_Xtr                : 0.000641597
	s_Top_Xtr                : 0.000539055
	s_lower_bl_H_0           : 7.31458e-05
	s_upper_bl_H_0           : 6.8442e-05
	s_lower_bl_H_1           : 6.49363e-05
	s_upper_bl_H_1           : 6.48507e-05
Epoch: 741 | Train Loss: 0.048342 | Test Loss: 0.0754469 | analysis_confidence: 0.0120156 | CL: 0.0257446 | ln_CD: 0.072851 | CM: 0.00524165 | Top_Xtr: 0.0307683 | Bot_Xtr: 0.0341114
Loss contributors: 
	s_analysis_confidence    : 0.0569343
	s_ln_CD                  : 0.00736341
	s_CL                     : 0.00352809
	s_CM                     : 0.00210693
	s_Bot_Xtr                : 0.000641584
	s_Top_Xtr                : 0.000539059
	s_lower_bl_H_0           : 7.3145e-05
	s_upper_bl_H_0           : 6.84418e-05
	s_lower_bl_H_1           : 6.49369e-05
	s_upper_bl_H_1           : 6.48501e-05
Epoch: 742 | Train Loss: 0.0483403 | Test Loss: 0.0754522 | analysis_confidence: 0.0120309 | CL: 0.0257455 | ln_CD: 0.0728417 | CM: 0.00524167 | Top_Xtr: 0.030768 | Bot_Xtr: 0.0341118
Loss contributors: 
	s_analysis_confidence    : 0.0569394
	s_ln_CD                  : 0.00736342
	s_CL                     : 0.00352817
	s_CM                     : 0.00210693
	s_Bot_Xtr                : 0.000641666
	s_Top_Xtr                : 0.000539109
	s_lower_bl_H_0           : 7.31441e-05
	s_upper_bl_H_0           : 6.84401e-05
	s_lower_bl_H_1           : 6.49382e-05
	s_upper_bl_H_1           : 6.48505e-05
Epoch: 743 | Train Loss: 0.04834 | Test Loss: 0.0754429 | analysis_confidence: 0.0120134 | CL: 0.0257438 | ln_CD: 0.0728662 | CM: 0.00524174 | Top_Xtr: 0.030768 | Bot_Xtr: 0.0341122
Loss contributors: 
	s_analysis_confidence    : 0.0569297
	s_ln_CD                  : 0.00736396
	s_CL                     : 0.00352794
	s_CM                     : 0.00210692
	s_Bot_Xtr                : 0.000641658
	s_Top_Xtr                : 0.000539072
	s_lower_bl_H_0           : 7.31462e-05
	s_upper_bl_H_0           : 6.84435e-05
	s_lower_bl_H_1           : 6.49399e-05
	s_upper_bl_H_1           : 6.48531e-05
Epoch: 744 | Train Loss: 0.0483432 | Test Loss: 0.0754564 | analysis_confidence: 0.0120152 | CL: 0.0257433 | ln_CD: 0.0728554 | CM: 0.00524159 | Top_Xtr: 0.0307655 | Bot_Xtr: 0.0341107
Loss contributors: 
	s_analysis_confidence    : 0.0569435
	s_ln_CD                  : 0.00736397
	s_CL                     : 0.0035279
	s_CM                     : 0.00210687
	s_Bot_Xtr                : 0.000641611
	s_Top_Xtr                : 0.000539056
	s_lower_bl_H_0           : 7.31461e-05
	s_upper_bl_H_0           : 6.84429e-05
	s_lower_bl_H_1           : 6.49383e-05
	s_upper_bl_H_1           : 6.48519e-05
Epoch: 745 | Train Loss: 0.0483429 | Test Loss: 0.0754596 | analysis_confidence: 0.0120515 | CL: 0.0257494 | ln_CD: 0.0728408 | CM: 0.00524192 | Top_Xtr: 0.0307689 | Bot_Xtr: 0.0341098
Loss contributors: 
	s_analysis_confidence    : 0.0569466
	s_ln_CD                  : 0.00736335
	s_CL                     : 0.00352854
	s_CM                     : 0.00210706
	s_Bot_Xtr                : 0.000641569
	s_Top_Xtr                : 0.000539066
	s_lower_bl_H_0           : 7.31422e-05
	s_upper_bl_H_0           : 6.84368e-05
	s_lower_bl_H_1           : 6.49356e-05
	s_upper_bl_H_1           : 6.48465e-05
Epoch: 746 | Train Loss: 0.0483407 | Test Loss: 0.0754492 | analysis_confidence: 0.0120269 | CL: 0.0257475 | ln_CD: 0.0728399 | CM: 0.00524188 | Top_Xtr: 0.0307676 | Bot_Xtr: 0.03411
Loss contributors: 
	s_analysis_confidence    : 0.0569361
	s_ln_CD                  : 0.00736356
	s_CL                     : 0.00352837
	s_CM                     : 0.00210701
	s_Bot_Xtr                : 0.000641618
	s_Top_Xtr                : 0.000539055
	s_lower_bl_H_0           : 7.31453e-05
	s_upper_bl_H_0           : 6.84402e-05
	s_lower_bl_H_1           : 6.49379e-05
	s_upper_bl_H_1           : 6.4851e-05
Epoch: 747 | Train Loss: 0.0483411 | Test Loss: 0.0754478 | analysis_confidence: 0.0120141 | CL: 0.0257481 | ln_CD: 0.0728551 | CM: 0.00524192 | Top_Xtr: 0.0307685 | Bot_Xtr: 0.0341107
Loss contributors: 
	s_analysis_confidence    : 0.0569345
	s_ln_CD                  : 0.00736371
	s_CL                     : 0.00352841
	s_CM                     : 0.00210703
	s_Bot_Xtr                : 0.000641622
	s_Top_Xtr                : 0.000539069
	s_lower_bl_H_0           : 7.31459e-05
	s_upper_bl_H_0           : 6.84412e-05
	s_lower_bl_H_1           : 6.49393e-05
	s_upper_bl_H_1           : 6.48505e-05
Epoch: 748 | Train Loss: 0.0483407 | Test Loss: 0.0754498 | analysis_confidence: 0.0120372 | CL: 0.0257456 | ln_CD: 0.0728457 | CM: 0.00524167 | Top_Xtr: 0.0307696 | Bot_Xtr: 0.0341119
Loss contributors: 
	s_analysis_confidence    : 0.056937
	s_ln_CD                  : 0.00736351
	s_CL                     : 0.00352818
	s_CM                     : 0.00210695
	s_Bot_Xtr                : 0.000641583
	s_Top_Xtr                : 0.000539049
	s_lower_bl_H_0           : 7.31465e-05
	s_upper_bl_H_0           : 6.84422e-05
	s_lower_bl_H_1           : 6.49388e-05
	s_upper_bl_H_1           : 6.48502e-05
Epoch: 749 | Train Loss: 0.0483411 | Test Loss: 0.075449 | analysis_confidence: 0.0120043 | CL: 0.0257463 | ln_CD: 0.0728547 | CM: 0.00524168 | Top_Xtr: 0.0307723 | Bot_Xtr: 0.0341107
Loss contributors: 
	s_analysis_confidence    : 0.0569362
	s_ln_CD                  : 0.00736347
	s_CL                     : 0.00352826
	s_CM                     : 0.00210694
	s_Bot_Xtr                : 0.000641551
	s_Top_Xtr                : 0.00053905
	s_lower_bl_H_0           : 7.31462e-05
	s_upper_bl_H_0           : 6.84428e-05
	s_lower_bl_H_1           : 6.49368e-05
	s_upper_bl_H_1           : 6.48501e-05
Epoch: 750 | Train Loss: 0.0483415 | Test Loss: 0.0754501 | analysis_confidence: 0.0119987 | CL: 0.0257489 | ln_CD: 0.0728589 | CM: 0.00524193 | Top_Xtr: 0.030768 | Bot_Xtr: 0.0341094
Loss contributors: 
	s_analysis_confidence    : 0.0569375
	s_ln_CD                  : 0.00736303
	s_CL                     : 0.00352848
	s_CM                     : 0.00210704
	s_Bot_Xtr                : 0.000641588
	s_Top_Xtr                : 0.000539093
	s_lower_bl_H_0           : 7.31447e-05
	s_upper_bl_H_0           : 6.84405e-05
	s_lower_bl_H_1           : 6.49344e-05
	s_upper_bl_H_1           : 6.48474e-05
Epoch: 751 | Train Loss: 0.0483422 | Test Loss: 0.0754584 | analysis_confidence: 0.0120226 | CL: 0.0257465 | ln_CD: 0.0728477 | CM: 0.00524178 | Top_Xtr: 0.0307699 | Bot_Xtr: 0.034111
Loss contributors: 
	s_analysis_confidence    : 0.056945
	s_ln_CD                  : 0.0073639
	s_CL                     : 0.00352825
	s_CM                     : 0.00210695
	s_Bot_Xtr                : 0.000641575
	s_Top_Xtr                : 0.000539066
	s_lower_bl_H_0           : 7.31468e-05
	s_upper_bl_H_0           : 6.84434e-05
	s_lower_bl_H_1           : 6.49373e-05
	s_upper_bl_H_1           : 6.48532e-05
Epoch: 752 | Train Loss: 0.0483414 | Test Loss: 0.0754485 | analysis_confidence: 0.0120173 | CL: 0.0257463 | ln_CD: 0.0728426 | CM: 0.00524168 | Top_Xtr: 0.0307703 | Bot_Xtr: 0.0341116
Loss contributors: 
	s_analysis_confidence    : 0.056936
	s_ln_CD                  : 0.00736314
	s_CL                     : 0.00352823
	s_CM                     : 0.00210694
	s_Bot_Xtr                : 0.000641597
	s_Top_Xtr                : 0.00053907
	s_lower_bl_H_0           : 7.31448e-05
	s_upper_bl_H_0           : 6.84399e-05
	s_lower_bl_H_1           : 6.4937e-05
	s_upper_bl_H_1           : 6.48483e-05
Epoch: 753 | Train Loss: 0.0483424 | Test Loss: 0.0754437 | analysis_confidence: 0.0120057 | CL: 0.0257477 | ln_CD: 0.0728498 | CM: 0.00524187 | Top_Xtr: 0.0307689 | Bot_Xtr: 0.0341122
Loss contributors: 
	s_analysis_confidence    : 0.0569312
	s_ln_CD                  : 0.00736297
	s_CL                     : 0.00352838
	s_CM                     : 0.00210701
	s_Bot_Xtr                : 0.000641634
	s_Top_Xtr                : 0.000539068
	s_lower_bl_H_0           : 7.31471e-05
	s_upper_bl_H_0           : 6.84425e-05
	s_lower_bl_H_1           : 6.49392e-05
	s_upper_bl_H_1           : 6.48498e-05
Epoch: 754 | Train Loss: 0.048343 | Test Loss: 0.0754518 | analysis_confidence: 0.0120127 | CL: 0.0257468 | ln_CD: 0.0728467 | CM: 0.00524192 | Top_Xtr: 0.0307714 | Bot_Xtr: 0.0341141
Loss contributors: 
	s_analysis_confidence    : 0.0569386
	s_ln_CD                  : 0.00736367
	s_CL                     : 0.00352827
	s_CM                     : 0.00210701
	s_Bot_Xtr                : 0.000641618
	s_Top_Xtr                : 0.000539036
	s_lower_bl_H_0           : 7.31481e-05
	s_upper_bl_H_0           : 6.84436e-05
	s_lower_bl_H_1           : 6.49378e-05
	s_upper_bl_H_1           : 6.48517e-05
Epoch: 755 | Train Loss: 0.0483415 | Test Loss: 0.0754484 | analysis_confidence: 0.011998 | CL: 0.0257467 | ln_CD: 0.0728441 | CM: 0.00524174 | Top_Xtr: 0.03077 | Bot_Xtr: 0.03411
Loss contributors: 
	s_analysis_confidence    : 0.056936
	s_ln_CD                  : 0.00736303
	s_CL                     : 0.00352827
	s_CM                     : 0.00210697
	s_Bot_Xtr                : 0.000641625
	s_Top_Xtr                : 0.000539068
	s_lower_bl_H_0           : 7.31475e-05
	s_upper_bl_H_0           : 6.84428e-05
	s_lower_bl_H_1           : 6.49388e-05
	s_upper_bl_H_1           : 6.48476e-05
Epoch: 756 | Train Loss: 0.0483434 | Test Loss: 0.0754544 | analysis_confidence: 0.0120139 | CL: 0.0257464 | ln_CD: 0.0728427 | CM: 0.00524171 | Top_Xtr: 0.0307728 | Bot_Xtr: 0.0341098
Loss contributors: 
	s_analysis_confidence    : 0.0569423
	s_ln_CD                  : 0.0073629
	s_CL                     : 0.00352825
	s_CM                     : 0.00210698
	s_Bot_Xtr                : 0.000641508
	s_Top_Xtr                : 0.000539054
	s_lower_bl_H_0           : 7.31449e-05
	s_upper_bl_H_0           : 6.84398e-05
	s_lower_bl_H_1           : 6.49358e-05
	s_upper_bl_H_1           : 6.48462e-05
Epoch: 757 | Train Loss: 0.0483418 | Test Loss: 0.0754494 | analysis_confidence: 0.0120134 | CL: 0.0257465 | ln_CD: 0.0728636 | CM: 0.0052417 | Top_Xtr: 0.030767 | Bot_Xtr: 0.0341118
Loss contributors: 
	s_analysis_confidence    : 0.0569363
	s_ln_CD                  : 0.00736386
	s_CL                     : 0.00352823
	s_CM                     : 0.00210694
	s_Bot_Xtr                : 0.000641618
	s_Top_Xtr                : 0.000539038
	s_lower_bl_H_0           : 7.31474e-05
	s_upper_bl_H_0           : 6.8442e-05
	s_lower_bl_H_1           : 6.49354e-05
	s_upper_bl_H_1           : 6.485e-05
Epoch: 758 | Train Loss: 0.0483437 | Test Loss: 0.0754576 | analysis_confidence: 0.0120548 | CL: 0.0257461 | ln_CD: 0.0728528 | CM: 0.00524164 | Top_Xtr: 0.030769 | Bot_Xtr: 0.0341097
Loss contributors: 
	s_analysis_confidence    : 0.0569438
	s_ln_CD                  : 0.00736445
	s_CL                     : 0.00352821
	s_CM                     : 0.00210691
	s_Bot_Xtr                : 0.000641533
	s_Top_Xtr                : 0.000539042
	s_lower_bl_H_0           : 7.31458e-05
	s_upper_bl_H_0           : 6.84421e-05
	s_lower_bl_H_1           : 6.49374e-05
	s_upper_bl_H_1           : 6.48515e-05
Epoch: 759 | Train Loss: 0.0483424 | Test Loss: 0.0754514 | analysis_confidence: 0.0119874 | CL: 0.0257475 | ln_CD: 0.0728388 | CM: 0.0052419 | Top_Xtr: 0.0307718 | Bot_Xtr: 0.0341086
Loss contributors: 
	s_analysis_confidence    : 0.0569388
	s_ln_CD                  : 0.0073632
	s_CL                     : 0.00352837
	s_CM                     : 0.002107
	s_Bot_Xtr                : 0.000641502
	s_Top_Xtr                : 0.00053906
	s_lower_bl_H_0           : 7.3145e-05
	s_upper_bl_H_0           : 6.84397e-05
	s_lower_bl_H_1           : 6.49344e-05
	s_upper_bl_H_1           : 6.48493e-05
Epoch: 760 | Train Loss: 0.0483422 | Test Loss: 0.0754562 | analysis_confidence: 0.012023 | CL: 0.0257448 | ln_CD: 0.0728497 | CM: 0.00524175 | Top_Xtr: 0.0307747 | Bot_Xtr: 0.0341098
Loss contributors: 
	s_analysis_confidence    : 0.0569431
	s_ln_CD                  : 0.00736382
	s_CL                     : 0.00352813
	s_CM                     : 0.00210694
	s_Bot_Xtr                : 0.00064153
	s_Top_Xtr                : 0.000539055
	s_lower_bl_H_0           : 7.31472e-05
	s_upper_bl_H_0           : 6.84425e-05
	s_lower_bl_H_1           : 6.4938e-05
	s_upper_bl_H_1           : 6.48526e-05
Epoch: 761 | Train Loss: 0.0483416 | Test Loss: 0.0754501 | analysis_confidence: 0.0119973 | CL: 0.0257434 | ln_CD: 0.0728701 | CM: 0.00524179 | Top_Xtr: 0.0307688 | Bot_Xtr: 0.0341104
Loss contributors: 
	s_analysis_confidence    : 0.0569359
	s_ln_CD                  : 0.00736501
	s_CL                     : 0.003528
	s_CM                     : 0.00210691
	s_Bot_Xtr                : 0.0006416
	s_Top_Xtr                : 0.000539027
	s_lower_bl_H_0           : 7.31482e-05
	s_upper_bl_H_0           : 6.84449e-05
	s_lower_bl_H_1           : 6.494e-05
	s_upper_bl_H_1           : 6.48553e-05
Epoch: 762 | Train Loss: 0.0483424 | Test Loss: 0.0754547 | analysis_confidence: 0.0120191 | CL: 0.0257487 | ln_CD: 0.0728658 | CM: 0.00524211 | Top_Xtr: 0.0307706 | Bot_Xtr: 0.0341097
Loss contributors: 
	s_analysis_confidence    : 0.0569406
	s_ln_CD                  : 0.00736424
	s_CL                     : 0.00352853
	s_CM                     : 0.00210708
	s_Bot_Xtr                : 0.000641592
	s_Top_Xtr                : 0.000539039
	s_lower_bl_H_0           : 7.31465e-05
	s_upper_bl_H_0           : 6.84421e-05
	s_lower_bl_H_1           : 6.49371e-05
	s_upper_bl_H_1           : 6.48498e-05
Epoch: 763 | Train Loss: 0.0483426 | Test Loss: 0.0754495 | analysis_confidence: 0.01198 | CL: 0.0257487 | ln_CD: 0.0728607 | CM: 0.00524219 | Top_Xtr: 0.0307687 | Bot_Xtr: 0.0341116
Loss contributors: 
	s_analysis_confidence    : 0.056936
	s_ln_CD                  : 0.00736378
	s_CL                     : 0.00352849
	s_CM                     : 0.0021071
	s_Bot_Xtr                : 0.00064157
	s_Top_Xtr                : 0.000539051
	s_lower_bl_H_0           : 7.31484e-05
	s_upper_bl_H_0           : 6.84443e-05
	s_lower_bl_H_1           : 6.49368e-05
	s_upper_bl_H_1           : 6.48498e-05
Epoch: 764 | Train Loss: 0.0483424 | Test Loss: 0.0754487 | analysis_confidence: 0.0119873 | CL: 0.0257448 | ln_CD: 0.0728415 | CM: 0.00524178 | Top_Xtr: 0.0307675 | Bot_Xtr: 0.0341107
Loss contributors: 
	s_analysis_confidence    : 0.0569351
	s_ln_CD                  : 0.00736431
	s_CL                     : 0.0035281
	s_CM                     : 0.00210694
	s_Bot_Xtr                : 0.000641603
	s_Top_Xtr                : 0.000539039
	s_lower_bl_H_0           : 7.3148e-05
	s_upper_bl_H_0           : 6.84452e-05
	s_lower_bl_H_1           : 6.49372e-05
	s_upper_bl_H_1           : 6.48522e-05
Epoch: 765 | Train Loss: 0.0483449 | Test Loss: 0.0754534 | analysis_confidence: 0.0120053 | CL: 0.0257465 | ln_CD: 0.0728505 | CM: 0.00524197 | Top_Xtr: 0.0307683 | Bot_Xtr: 0.0341105
Loss contributors: 
	s_analysis_confidence    : 0.0569407
	s_ln_CD                  : 0.00736318
	s_CL                     : 0.00352829
	s_CM                     : 0.00210703
	s_Bot_Xtr                : 0.000641586
	s_Top_Xtr                : 0.000539054
	s_lower_bl_H_0           : 7.31468e-05
	s_upper_bl_H_0           : 6.84424e-05
	s_lower_bl_H_1           : 6.49355e-05
	s_upper_bl_H_1           : 6.48484e-05
Epoch: 766 | Train Loss: 0.0483419 | Test Loss: 0.0754531 | analysis_confidence: 0.0120119 | CL: 0.0257429 | ln_CD: 0.072863 | CM: 0.00524169 | Top_Xtr: 0.0307678 | Bot_Xtr: 0.0341115
Loss contributors: 
	s_analysis_confidence    : 0.0569394
	s_ln_CD                  : 0.00736457
	s_CL                     : 0.00352794
	s_CM                     : 0.0021069
	s_Bot_Xtr                : 0.000641594
	s_Top_Xtr                : 0.000539039
	s_lower_bl_H_0           : 7.31486e-05
	s_upper_bl_H_0           : 6.84459e-05
	s_lower_bl_H_1           : 6.49394e-05
	s_upper_bl_H_1           : 6.48531e-05
Epoch: 767 | Train Loss: 0.0483435 | Test Loss: 0.0754508 | analysis_confidence: 0.0120383 | CL: 0.0257457 | ln_CD: 0.0728571 | CM: 0.00524177 | Top_Xtr: 0.0307699 | Bot_Xtr: 0.0341093
Loss contributors: 
	s_analysis_confidence    : 0.0569371
	s_ln_CD                  : 0.00736454
	s_CL                     : 0.00352817
	s_CM                     : 0.00210695
	s_Bot_Xtr                : 0.000641522
	s_Top_Xtr                : 0.000539044
	s_lower_bl_H_0           : 7.31465e-05
	s_upper_bl_H_0           : 6.84433e-05
	s_lower_bl_H_1           : 6.49378e-05
	s_upper_bl_H_1           : 6.48508e-05
Epoch: 768 | Train Loss: 0.0483426 | Test Loss: 0.0754597 | analysis_confidence: 0.0120158 | CL: 0.0257476 | ln_CD: 0.072853 | CM: 0.00524194 | Top_Xtr: 0.0307675 | Bot_Xtr: 0.0341108
Loss contributors: 
	s_analysis_confidence    : 0.0569461
	s_ln_CD                  : 0.00736414
	s_CL                     : 0.00352835
	s_CM                     : 0.00210701
	s_Bot_Xtr                : 0.000641564
	s_Top_Xtr                : 0.000539048
	s_lower_bl_H_0           : 7.3146e-05
	s_upper_bl_H_0           : 6.84414e-05
	s_lower_bl_H_1           : 6.49352e-05
	s_upper_bl_H_1           : 6.48499e-05
Epoch: 769 | Train Loss: 0.0483431 | Test Loss: 0.0754602 | analysis_confidence: 0.0120545 | CL: 0.0257454 | ln_CD: 0.0728458 | CM: 0.00524174 | Top_Xtr: 0.0307661 | Bot_Xtr: 0.0341106
Loss contributors: 
	s_analysis_confidence    : 0.0569466
	s_ln_CD                  : 0.00736429
	s_CL                     : 0.00352814
	s_CM                     : 0.00210693
	s_Bot_Xtr                : 0.000641597
	s_Top_Xtr                : 0.000539037
	s_lower_bl_H_0           : 7.31466e-05
	s_upper_bl_H_0           : 6.84434e-05
	s_lower_bl_H_1           : 6.49376e-05
	s_upper_bl_H_1           : 6.4853e-05
Epoch: 770 | Train Loss: 0.0483444 | Test Loss: 0.0754526 | analysis_confidence: 0.0120125 | CL: 0.0257442 | ln_CD: 0.0728437 | CM: 0.00524171 | Top_Xtr: 0.0307686 | Bot_Xtr: 0.0341117
Loss contributors: 
	s_analysis_confidence    : 0.0569397
	s_ln_CD                  : 0.00736379
	s_CL                     : 0.00352803
	s_CM                     : 0.00210694
	s_Bot_Xtr                : 0.000641567
	s_Top_Xtr                : 0.000539032
	s_lower_bl_H_0           : 7.31451e-05
	s_upper_bl_H_0           : 6.84414e-05
	s_lower_bl_H_1           : 6.49341e-05
	s_upper_bl_H_1           : 6.48499e-05
Epoch: 771 | Train Loss: 0.048345 | Test Loss: 0.0754512 | analysis_confidence: 0.0120206 | CL: 0.025747 | ln_CD: 0.0728474 | CM: 0.00524188 | Top_Xtr: 0.030766 | Bot_Xtr: 0.034112
Loss contributors: 
	s_analysis_confidence    : 0.0569379
	s_ln_CD                  : 0.00736378
	s_CL                     : 0.00352831
	s_CM                     : 0.00210702
	s_Bot_Xtr                : 0.000641614
	s_Top_Xtr                : 0.000539045
	s_lower_bl_H_0           : 7.31461e-05
	s_upper_bl_H_0           : 6.84418e-05
	s_lower_bl_H_1           : 6.49333e-05
	s_upper_bl_H_1           : 6.48502e-05
Epoch: 772 | Train Loss: 0.0483423 | Test Loss: 0.0754493 | analysis_confidence: 0.0120115 | CL: 0.0257454 | ln_CD: 0.072864 | CM: 0.00524195 | Top_Xtr: 0.0307663 | Bot_Xtr: 0.034111
Loss contributors: 
	s_analysis_confidence    : 0.0569355
	s_ln_CD                  : 0.00736432
	s_CL                     : 0.00352814
	s_CM                     : 0.002107
	s_Bot_Xtr                : 0.00064161
	s_Top_Xtr                : 0.000539037
	s_lower_bl_H_0           : 7.31491e-05
	s_upper_bl_H_0           : 6.84453e-05
	s_lower_bl_H_1           : 6.49396e-05
	s_upper_bl_H_1           : 6.48523e-05
Epoch: 773 | Train Loss: 0.0483456 | Test Loss: 0.0754639 | analysis_confidence: 0.0120402 | CL: 0.0257464 | ln_CD: 0.0728578 | CM: 0.00524187 | Top_Xtr: 0.0307703 | Bot_Xtr: 0.0341124
Loss contributors: 
	s_analysis_confidence    : 0.0569506
	s_ln_CD                  : 0.00736389
	s_CL                     : 0.00352824
	s_CM                     : 0.00210701
	s_Bot_Xtr                : 0.000641561
	s_Top_Xtr                : 0.000539037
	s_lower_bl_H_0           : 7.31452e-05
	s_upper_bl_H_0           : 6.84398e-05
	s_lower_bl_H_1           : 6.49366e-05
	s_upper_bl_H_1           : 6.48474e-05
Epoch: 774 | Train Loss: 0.0483431 | Test Loss: 0.0754505 | analysis_confidence: 0.0120357 | CL: 0.0257479 | ln_CD: 0.0728482 | CM: 0.00524197 | Top_Xtr: 0.0307662 | Bot_Xtr: 0.0341097
Loss contributors: 
	s_analysis_confidence    : 0.0569364
	s_ln_CD                  : 0.00736445
	s_CL                     : 0.00352841
	s_CM                     : 0.00210705
	s_Bot_Xtr                : 0.000641623
	s_Top_Xtr                : 0.000539031
	s_lower_bl_H_0           : 7.31445e-05
	s_upper_bl_H_0           : 6.84403e-05
	s_lower_bl_H_1           : 6.49357e-05
	s_upper_bl_H_1           : 6.48477e-05
Epoch: 775 | Train Loss: 0.0483429 | Test Loss: 0.0754476 | analysis_confidence: 0.0119707 | CL: 0.0257468 | ln_CD: 0.0728438 | CM: 0.00524195 | Top_Xtr: 0.0307683 | Bot_Xtr: 0.0341077
Loss contributors: 
	s_analysis_confidence    : 0.0569347
	s_ln_CD                  : 0.00736353
	s_CL                     : 0.00352828
	s_CM                     : 0.00210702
	s_Bot_Xtr                : 0.000641549
	s_Top_Xtr                : 0.00053903
	s_lower_bl_H_0           : 7.31468e-05
	s_upper_bl_H_0           : 6.84417e-05
	s_lower_bl_H_1           : 6.49364e-05
	s_upper_bl_H_1           : 6.48478e-05
Epoch: 776 | Train Loss: 0.048344 | Test Loss: 0.0754554 | analysis_confidence: 0.0120212 | CL: 0.0257495 | ln_CD: 0.0728409 | CM: 0.00524211 | Top_Xtr: 0.0307654 | Bot_Xtr: 0.0341112
Loss contributors: 
	s_analysis_confidence    : 0.0569426
	s_ln_CD                  : 0.00736308
	s_CL                     : 0.00352853
	s_CM                     : 0.00210709
	s_Bot_Xtr                : 0.000641617
	s_Top_Xtr                : 0.000539045
	s_lower_bl_H_0           : 7.31461e-05
	s_upper_bl_H_0           : 6.84404e-05
	s_lower_bl_H_1           : 6.49352e-05
	s_upper_bl_H_1           : 6.48464e-05
Epoch: 777 | Train Loss: 0.0483435 | Test Loss: 0.075453 | analysis_confidence: 0.0120113 | CL: 0.0257467 | ln_CD: 0.0728405 | CM: 0.00524188 | Top_Xtr: 0.0307659 | Bot_Xtr: 0.0341081
Loss contributors: 
	s_analysis_confidence    : 0.0569402
	s_ln_CD                  : 0.00736346
	s_CL                     : 0.00352831
	s_CM                     : 0.002107
	s_Bot_Xtr                : 0.000641585
	s_Top_Xtr                : 0.00053902
	s_lower_bl_H_0           : 7.31473e-05
	s_upper_bl_H_0           : 6.84418e-05
	s_lower_bl_H_1           : 6.49338e-05
	s_upper_bl_H_1           : 6.48483e-05
Epoch: 778 | Train Loss: 0.0483438 | Test Loss: 0.0754612 | analysis_confidence: 0.012042 | CL: 0.0257482 | ln_CD: 0.0728501 | CM: 0.00524195 | Top_Xtr: 0.0307644 | Bot_Xtr: 0.0341076
Loss contributors: 
	s_analysis_confidence    : 0.0569483
	s_ln_CD                  : 0.00736335
	s_CL                     : 0.00352846
	s_CM                     : 0.00210704
	s_Bot_Xtr                : 0.000641571
	s_Top_Xtr                : 0.000539029
	s_lower_bl_H_0           : 7.31465e-05
	s_upper_bl_H_0           : 6.84416e-05
	s_lower_bl_H_1           : 6.49354e-05
	s_upper_bl_H_1           : 6.48483e-05
Epoch: 779 | Train Loss: 0.0483431 | Test Loss: 0.0754485 | analysis_confidence: 0.0119825 | CL: 0.0257468 | ln_CD: 0.0728536 | CM: 0.00524193 | Top_Xtr: 0.0307675 | Bot_Xtr: 0.0341107
Loss contributors: 
	s_analysis_confidence    : 0.0569356
	s_ln_CD                  : 0.00736345
	s_CL                     : 0.0035283
	s_CM                     : 0.00210699
	s_Bot_Xtr                : 0.000641607
	s_Top_Xtr                : 0.000539018
	s_lower_bl_H_0           : 7.31483e-05
	s_upper_bl_H_0           : 6.84428e-05
	s_lower_bl_H_1           : 6.49384e-05
	s_upper_bl_H_1           : 6.4849e-05
Epoch: 780 | Train Loss: 0.0483432 | Test Loss: 0.0754446 | analysis_confidence: 0.0120273 | CL: 0.0257478 | ln_CD: 0.0728466 | CM: 0.00524201 | Top_Xtr: 0.0307672 | Bot_Xtr: 0.0341124
Loss contributors: 
	s_analysis_confidence    : 0.0569311
	s_ln_CD                  : 0.00736383
	s_CL                     : 0.00352842
	s_CM                     : 0.00210702
	s_Bot_Xtr                : 0.00064164
	s_Top_Xtr                : 0.000539017
	s_lower_bl_H_0           : 7.31493e-05
	s_upper_bl_H_0           : 6.84436e-05
	s_lower_bl_H_1           : 6.49392e-05
	s_upper_bl_H_1           : 6.48539e-05
Epoch: 781 | Train Loss: 0.0483463 | Test Loss: 0.0754577 | analysis_confidence: 0.0120458 | CL: 0.0257427 | ln_CD: 0.07286 | CM: 0.00524174 | Top_Xtr: 0.0307677 | Bot_Xtr: 0.0341118
Loss contributors: 
	s_analysis_confidence    : 0.0569439
	s_ln_CD                  : 0.00736467
	s_CL                     : 0.00352791
	s_CM                     : 0.00210689
	s_Bot_Xtr                : 0.000641576
	s_Top_Xtr                : 0.000539011
	s_lower_bl_H_0           : 7.31512e-05
	s_upper_bl_H_0           : 6.84483e-05
	s_lower_bl_H_1           : 6.49418e-05
	s_upper_bl_H_1           : 6.48564e-05
Epoch: 782 | Train Loss: 0.0483443 | Test Loss: 0.0754517 | analysis_confidence: 0.012042 | CL: 0.0257461 | ln_CD: 0.072846 | CM: 0.00524183 | Top_Xtr: 0.030766 | Bot_Xtr: 0.0341106
Loss contributors: 
	s_analysis_confidence    : 0.0569379
	s_ln_CD                  : 0.0073644
	s_CL                     : 0.0035282
	s_CM                     : 0.00210695
	s_Bot_Xtr                : 0.000641611
	s_Top_Xtr                : 0.000539025
	s_lower_bl_H_0           : 7.31478e-05
	s_upper_bl_H_0           : 6.8444e-05
	s_lower_bl_H_1           : 6.49377e-05
	s_upper_bl_H_1           : 6.48514e-05
Epoch: 783 | Train Loss: 0.0483436 | Test Loss: 0.0754498 | analysis_confidence: 0.0119882 | CL: 0.0257492 | ln_CD: 0.0728514 | CM: 0.00524208 | Top_Xtr: 0.0307675 | Bot_Xtr: 0.034109
Loss contributors: 
	s_analysis_confidence    : 0.0569368
	s_ln_CD                  : 0.00736327
	s_CL                     : 0.00352853
	s_CM                     : 0.00210707
	s_Bot_Xtr                : 0.000641594
	s_Top_Xtr                : 0.000539053
	s_lower_bl_H_0           : 7.31465e-05
	s_upper_bl_H_0           : 6.84421e-05
	s_lower_bl_H_1           : 6.4935e-05
	s_upper_bl_H_1           : 6.48466e-05
Epoch: 784 | Train Loss: 0.0483443 | Test Loss: 0.0754601 | analysis_confidence: 0.0120315 | CL: 0.0257432 | ln_CD: 0.0728649 | CM: 0.00524195 | Top_Xtr: 0.0307698 | Bot_Xtr: 0.03411
Loss contributors: 
	s_analysis_confidence    : 0.0569458
	s_ln_CD                  : 0.0073651
	s_CL                     : 0.00352793
	s_CM                     : 0.00210693
	s_Bot_Xtr                : 0.000641545
	s_Top_Xtr                : 0.00053901
	s_lower_bl_H_0           : 7.31505e-05
	s_upper_bl_H_0           : 6.84483e-05
	s_lower_bl_H_1           : 6.49409e-05
	s_upper_bl_H_1           : 6.48569e-05
Epoch: 785 | Train Loss: 0.048344 | Test Loss: 0.0754601 | analysis_confidence: 0.0120563 | CL: 0.0257495 | ln_CD: 0.0728441 | CM: 0.00524202 | Top_Xtr: 0.0307694 | Bot_Xtr: 0.0341077
Loss contributors: 
	s_analysis_confidence    : 0.0569472
	s_ln_CD                  : 0.00736323
	s_CL                     : 0.00352858
	s_CM                     : 0.00210705
	s_Bot_Xtr                : 0.000641499
	s_Top_Xtr                : 0.000539041
	s_lower_bl_H_0           : 7.31453e-05
	s_upper_bl_H_0           : 6.84408e-05
	s_lower_bl_H_1           : 6.49357e-05
	s_upper_bl_H_1           : 6.4848e-05
Epoch: 786 | Train Loss: 0.0483443 | Test Loss: 0.0754595 | analysis_confidence: 0.0120226 | CL: 0.0257479 | ln_CD: 0.072857 | CM: 0.00524218 | Top_Xtr: 0.0307694 | Bot_Xtr: 0.0341087
Loss contributors: 
	s_analysis_confidence    : 0.0569454
	s_ln_CD                  : 0.00736439
	s_CL                     : 0.00352844
	s_CM                     : 0.00210709
	s_Bot_Xtr                : 0.000641571
	s_Top_Xtr                : 0.000539031
	s_lower_bl_H_0           : 7.31459e-05
	s_upper_bl_H_0           : 6.84428e-05
	s_lower_bl_H_1           : 6.49348e-05
	s_upper_bl_H_1           : 6.48493e-05
Epoch: 787 | Train Loss: 0.048345 | Test Loss: 0.0754575 | analysis_confidence: 0.0119909 | CL: 0.0257459 | ln_CD: 0.0728652 | CM: 0.0052421 | Top_Xtr: 0.0307651 | Bot_Xtr: 0.0341087
Loss contributors: 
	s_analysis_confidence    : 0.056944
	s_ln_CD                  : 0.0073641
	s_CL                     : 0.00352819
	s_CM                     : 0.00210702
	s_Bot_Xtr                : 0.000641595
	s_Top_Xtr                : 0.000539026
	s_lower_bl_H_0           : 7.31481e-05
	s_upper_bl_H_0           : 6.8446e-05
	s_lower_bl_H_1           : 6.49352e-05
	s_upper_bl_H_1           : 6.48521e-05
Epoch: 788 | Train Loss: 0.0483441 | Test Loss: 0.0754624 | analysis_confidence: 0.0120231 | CL: 0.0257496 | ln_CD: 0.0728607 | CM: 0.0052423 | Top_Xtr: 0.0307668 | Bot_Xtr: 0.0341089
Loss contributors: 
	s_analysis_confidence    : 0.0569481
	s_ln_CD                  : 0.00736453
	s_CL                     : 0.00352857
	s_CM                     : 0.00210712
	s_Bot_Xtr                : 0.00064157
	s_Top_Xtr                : 0.000539014
	s_lower_bl_H_0           : 7.31464e-05
	s_upper_bl_H_0           : 6.84426e-05
	s_lower_bl_H_1           : 6.49345e-05
	s_upper_bl_H_1           : 6.48496e-05
Epoch: 789 | Train Loss: 0.0483468 | Test Loss: 0.0754534 | analysis_confidence: 0.0120009 | CL: 0.0257508 | ln_CD: 0.0728586 | CM: 0.00524242 | Top_Xtr: 0.0307676 | Bot_Xtr: 0.0341094
Loss contributors: 
	s_analysis_confidence    : 0.0569397
	s_ln_CD                  : 0.00736374
	s_CL                     : 0.00352865
	s_CM                     : 0.00210716
	s_Bot_Xtr                : 0.000641551
	s_Top_Xtr                : 0.000539029
	s_lower_bl_H_0           : 7.31474e-05
	s_upper_bl_H_0           : 6.84437e-05
	s_lower_bl_H_1           : 6.49376e-05
	s_upper_bl_H_1           : 6.48494e-05
Epoch: 790 | Train Loss: 0.0483455 | Test Loss: 0.0754522 | analysis_confidence: 0.0120139 | CL: 0.0257521 | ln_CD: 0.072844 | CM: 0.00524247 | Top_Xtr: 0.0307669 | Bot_Xtr: 0.0341081
Loss contributors: 
	s_analysis_confidence    : 0.0569387
	s_ln_CD                  : 0.00736344
	s_CL                     : 0.00352882
	s_CM                     : 0.00210721
	s_Bot_Xtr                : 0.000641482
	s_Top_Xtr                : 0.000539025
	s_lower_bl_H_0           : 7.31467e-05
	s_upper_bl_H_0           : 6.84417e-05
	s_lower_bl_H_1           : 6.49349e-05
	s_upper_bl_H_1           : 6.48489e-05
Epoch: 791 | Train Loss: 0.0483463 | Test Loss: 0.0754535 | analysis_confidence: 0.0120544 | CL: 0.0257515 | ln_CD: 0.0728561 | CM: 0.00524234 | Top_Xtr: 0.0307665 | Bot_Xtr: 0.034109
Loss contributors: 
	s_analysis_confidence    : 0.0569394
	s_ln_CD                  : 0.00736408
	s_CL                     : 0.00352875
	s_CM                     : 0.00210716
	s_Bot_Xtr                : 0.00064156
	s_Top_Xtr                : 0.00053903
	s_lower_bl_H_0           : 7.31475e-05
	s_upper_bl_H_0           : 6.84427e-05
	s_lower_bl_H_1           : 6.49361e-05
	s_upper_bl_H_1           : 6.48496e-05
Epoch: 792 | Train Loss: 0.0483444 | Test Loss: 0.0754521 | analysis_confidence: 0.0120387 | CL: 0.0257459 | ln_CD: 0.0728447 | CM: 0.00524211 | Top_Xtr: 0.0307671 | Bot_Xtr: 0.0341103
Loss contributors: 
	s_analysis_confidence    : 0.0569393
	s_ln_CD                  : 0.00736356
	s_CL                     : 0.00352814
	s_CM                     : 0.00210703
	s_Bot_Xtr                : 0.000641583
	s_Top_Xtr                : 0.000539025
	s_lower_bl_H_0           : 7.31483e-05
	s_upper_bl_H_0           : 6.84437e-05
	s_lower_bl_H_1           : 6.49385e-05
	s_upper_bl_H_1           : 6.48517e-05
Epoch: 793 | Train Loss: 0.0483454 | Test Loss: 0.0754511 | analysis_confidence: 0.0119492 | CL: 0.0257503 | ln_CD: 0.0728635 | CM: 0.00524246 | Top_Xtr: 0.0307672 | Bot_Xtr: 0.0341093
Loss contributors: 
	s_analysis_confidence    : 0.0569375
	s_ln_CD                  : 0.00736374
	s_CL                     : 0.00352859
	s_CM                     : 0.00210716
	s_Bot_Xtr                : 0.000641601
	s_Top_Xtr                : 0.000539013
	s_lower_bl_H_0           : 7.31486e-05
	s_upper_bl_H_0           : 6.84434e-05
	s_lower_bl_H_1           : 6.49363e-05
	s_upper_bl_H_1           : 6.48502e-05
Epoch: 794 | Train Loss: 0.0483448 | Test Loss: 0.0754516 | analysis_confidence: 0.0120259 | CL: 0.0257497 | ln_CD: 0.0728646 | CM: 0.00524235 | Top_Xtr: 0.0307676 | Bot_Xtr: 0.0341113
Loss contributors: 
	s_analysis_confidence    : 0.0569376
	s_ln_CD                  : 0.00736421
	s_CL                     : 0.00352854
	s_CM                     : 0.00210714
	s_Bot_Xtr                : 0.000641582
	s_Top_Xtr                : 0.000539031
	s_lower_bl_H_0           : 7.31488e-05
	s_upper_bl_H_0           : 6.84434e-05
	s_lower_bl_H_1           : 6.4937e-05
	s_upper_bl_H_1           : 6.48517e-05
Epoch: 795 | Train Loss: 0.0483453 | Test Loss: 0.0754601 | analysis_confidence: 0.0120463 | CL: 0.0257496 | ln_CD: 0.0728536 | CM: 0.00524238 | Top_Xtr: 0.0307639 | Bot_Xtr: 0.0341101
Loss contributors: 
	s_analysis_confidence    : 0.0569463
	s_ln_CD                  : 0.0073639
	s_CL                     : 0.00352853
	s_CM                     : 0.00210715
	s_Bot_Xtr                : 0.000641603
	s_Top_Xtr                : 0.000539029
	s_lower_bl_H_0           : 7.31477e-05
	s_upper_bl_H_0           : 6.84425e-05
	s_lower_bl_H_1           : 6.49363e-05
	s_upper_bl_H_1           : 6.48514e-05
Epoch: 796 | Train Loss: 0.0483464 | Test Loss: 0.07546 | analysis_confidence: 0.0120249 | CL: 0.025751 | ln_CD: 0.0728593 | CM: 0.00524246 | Top_Xtr: 0.030765 | Bot_Xtr: 0.0341095
Loss contributors: 
	s_analysis_confidence    : 0.0569458
	s_ln_CD                  : 0.00736414
	s_CL                     : 0.00352868
	s_CM                     : 0.00210718
	s_Bot_Xtr                : 0.000641616
	s_Top_Xtr                : 0.000539025
	s_lower_bl_H_0           : 7.31487e-05
	s_upper_bl_H_0           : 6.84441e-05
	s_lower_bl_H_1           : 6.49386e-05
	s_upper_bl_H_1           : 6.48516e-05
Epoch: 797 | Train Loss: 0.0483447 | Test Loss: 0.0754506 | analysis_confidence: 0.0120356 | CL: 0.0257469 | ln_CD: 0.0728417 | CM: 0.00524223 | Top_Xtr: 0.0307674 | Bot_Xtr: 0.034109
Loss contributors: 
	s_analysis_confidence    : 0.0569376
	s_ln_CD                  : 0.0073635
	s_CL                     : 0.00352827
	s_CM                     : 0.0021071
	s_Bot_Xtr                : 0.000641544
	s_Top_Xtr                : 0.000539017
	s_lower_bl_H_0           : 7.31477e-05
	s_upper_bl_H_0           : 6.84435e-05
	s_lower_bl_H_1           : 6.49367e-05
	s_upper_bl_H_1           : 6.48498e-05
Epoch: 798 | Train Loss: 0.0483464 | Test Loss: 0.0754592 | analysis_confidence: 0.0120447 | CL: 0.0257489 | ln_CD: 0.0728445 | CM: 0.00524232 | Top_Xtr: 0.0307687 | Bot_Xtr: 0.0341072
Loss contributors: 
	s_analysis_confidence    : 0.0569458
	s_ln_CD                  : 0.00736364
	s_CL                     : 0.00352851
	s_CM                     : 0.00210715
	s_Bot_Xtr                : 0.000641549
	s_Top_Xtr                : 0.000539027
	s_lower_bl_H_0           : 7.31475e-05
	s_upper_bl_H_0           : 6.84429e-05
	s_lower_bl_H_1           : 6.49372e-05
	s_upper_bl_H_1           : 6.48486e-05
Epoch: 799 | Train Loss: 0.0483454 | Test Loss: 0.075448 | analysis_confidence: 0.0119941 | CL: 0.0257479 | ln_CD: 0.0728504 | CM: 0.00524221 | Top_Xtr: 0.0307698 | Bot_Xtr: 0.0341095
Loss contributors: 
	s_analysis_confidence    : 0.056935
	s_ln_CD                  : 0.00736344
	s_CL                     : 0.00352837
	s_CM                     : 0.00210709
	s_Bot_Xtr                : 0.000641543
	s_Top_Xtr                : 0.000539013
	s_lower_bl_H_0           : 7.31472e-05
	s_upper_bl_H_0           : 6.84425e-05
	s_lower_bl_H_1           : 6.49362e-05
	s_upper_bl_H_1           : 6.48489e-05
Epoch: 800 | Train Loss: 0.0483474 | Test Loss: 0.0754572 | analysis_confidence: 0.0119962 | CL: 0.0257482 | ln_CD: 0.0728425 | CM: 0.00524218 | Top_Xtr: 0.0307645 | Bot_Xtr: 0.0341088
Loss contributors: 
	s_analysis_confidence    : 0.0569442
	s_ln_CD                  : 0.00736342
	s_CL                     : 0.00352845
	s_CM                     : 0.00210708
	s_Bot_Xtr                : 0.000641573
	s_Top_Xtr                : 0.000539016
	s_lower_bl_H_0           : 7.31484e-05
	s_upper_bl_H_0           : 6.84443e-05
	s_lower_bl_H_1           : 6.49371e-05
	s_upper_bl_H_1           : 6.48499e-05
Epoch: 801 | Train Loss: 0.0483471 | Test Loss: 0.0754576 | analysis_confidence: 0.012023 | CL: 0.0257507 | ln_CD: 0.0728431 | CM: 0.00524226 | Top_Xtr: 0.0307654 | Bot_Xtr: 0.0341098
Loss contributors: 
	s_analysis_confidence    : 0.056944
	s_ln_CD                  : 0.00736368
	s_CL                     : 0.0035287
	s_CM                     : 0.00210713
	s_Bot_Xtr                : 0.00064158
	s_Top_Xtr                : 0.000538994
	s_lower_bl_H_0           : 7.31477e-05
	s_upper_bl_H_0           : 6.84441e-05
	s_lower_bl_H_1           : 6.49356e-05
	s_upper_bl_H_1           : 6.48503e-05
Epoch: 802 | Train Loss: 0.0483462 | Test Loss: 0.0754631 | analysis_confidence: 0.0120019 | CL: 0.0257497 | ln_CD: 0.0728499 | CM: 0.00524229 | Top_Xtr: 0.0307646 | Bot_Xtr: 0.0341081
Loss contributors: 
	s_analysis_confidence    : 0.0569498
	s_ln_CD                  : 0.00736346
	s_CL                     : 0.00352862
	s_CM                     : 0.00210711
	s_Bot_Xtr                : 0.000641555
	s_Top_Xtr                : 0.000539009
	s_lower_bl_H_0           : 7.31484e-05
	s_upper_bl_H_0           : 6.84455e-05
	s_lower_bl_H_1           : 6.49386e-05
	s_upper_bl_H_1           : 6.48501e-05
Epoch: 803 | Train Loss: 0.0483457 | Test Loss: 0.0754502 | analysis_confidence: 0.0120064 | CL: 0.0257469 | ln_CD: 0.0728442 | CM: 0.00524215 | Top_Xtr: 0.0307676 | Bot_Xtr: 0.0341106
Loss contributors: 
	s_analysis_confidence    : 0.0569364
	s_ln_CD                  : 0.00736429
	s_CL                     : 0.00352831
	s_CM                     : 0.00210704
	s_Bot_Xtr                : 0.000641591
	s_Top_Xtr                : 0.000538987
	s_lower_bl_H_0           : 7.31485e-05
	s_upper_bl_H_0           : 6.84465e-05
	s_lower_bl_H_1           : 6.49367e-05
	s_upper_bl_H_1           : 6.48528e-05
Epoch: 804 | Train Loss: 0.0483457 | Test Loss: 0.0754489 | analysis_confidence: 0.0119702 | CL: 0.0257482 | ln_CD: 0.0728507 | CM: 0.00524216 | Top_Xtr: 0.0307667 | Bot_Xtr: 0.0341075
Loss contributors: 
	s_analysis_confidence    : 0.0569362
	s_ln_CD                  : 0.00736318
	s_CL                     : 0.00352845
	s_CM                     : 0.00210707
	s_Bot_Xtr                : 0.000641549
	s_Top_Xtr                : 0.000539004
	s_lower_bl_H_0           : 7.31497e-05
	s_upper_bl_H_0           : 6.84461e-05
	s_lower_bl_H_1           : 6.49358e-05
	s_upper_bl_H_1           : 6.48498e-05
Epoch: 805 | Train Loss: 0.0483463 | Test Loss: 0.0754488 | analysis_confidence: 0.012019 | CL: 0.0257496 | ln_CD: 0.0728501 | CM: 0.00524217 | Top_Xtr: 0.0307647 | Bot_Xtr: 0.0341102
Loss contributors: 
	s_analysis_confidence    : 0.0569352
	s_ln_CD                  : 0.00736387
	s_CL                     : 0.00352861
	s_CM                     : 0.00210709
	s_Bot_Xtr                : 0.000641573
	s_Top_Xtr                : 0.000538987
	s_lower_bl_H_0           : 7.31499e-05
	s_upper_bl_H_0           : 6.84465e-05
	s_lower_bl_H_1           : 6.49359e-05
	s_upper_bl_H_1           : 6.48493e-05
Epoch: 806 | Train Loss: 0.0483467 | Test Loss: 0.0754472 | analysis_confidence: 0.0120023 | CL: 0.0257457 | ln_CD: 0.072854 | CM: 0.00524204 | Top_Xtr: 0.030764 | Bot_Xtr: 0.0341115
Loss contributors: 
	s_analysis_confidence    : 0.0569335
	s_ln_CD                  : 0.00736419
	s_CL                     : 0.00352823
	s_CM                     : 0.00210701
	s_Bot_Xtr                : 0.0006416
	s_Top_Xtr                : 0.000538986
	s_lower_bl_H_0           : 7.31496e-05
	s_upper_bl_H_0           : 6.84467e-05
	s_lower_bl_H_1           : 6.49371e-05
	s_upper_bl_H_1           : 6.48516e-05
Epoch: 807 | Train Loss: 0.0483467 | Test Loss: 0.0754616 | analysis_confidence: 0.012019 | CL: 0.0257461 | ln_CD: 0.0728444 | CM: 0.00524202 | Top_Xtr: 0.0307639 | Bot_Xtr: 0.0341079
Loss contributors: 
	s_analysis_confidence    : 0.0569487
	s_ln_CD                  : 0.0073636
	s_CL                     : 0.00352826
	s_CM                     : 0.002107
	s_Bot_Xtr                : 0.000641588
	s_Top_Xtr                : 0.000538988
	s_lower_bl_H_0           : 7.31483e-05
	s_upper_bl_H_0           : 6.84442e-05
	s_lower_bl_H_1           : 6.49363e-05
	s_upper_bl_H_1           : 6.48502e-05
Epoch: 808 | Train Loss: 0.0483474 | Test Loss: 0.0754583 | analysis_confidence: 0.012061 | CL: 0.0257454 | ln_CD: 0.0728526 | CM: 0.00524197 | Top_Xtr: 0.0307636 | Bot_Xtr: 0.0341109
Loss contributors: 
	s_analysis_confidence    : 0.0569446
	s_ln_CD                  : 0.00736431
	s_CL                     : 0.00352817
	s_CM                     : 0.00210697
	s_Bot_Xtr                : 0.000641609
	s_Top_Xtr                : 0.000538992
	s_lower_bl_H_0           : 7.31488e-05
	s_upper_bl_H_0           : 6.8444e-05
	s_lower_bl_H_1           : 6.4938e-05
	s_upper_bl_H_1           : 6.48527e-05
Epoch: 809 | Train Loss: 0.0483482 | Test Loss: 0.0754587 | analysis_confidence: 0.0120479 | CL: 0.0257488 | ln_CD: 0.0728507 | CM: 0.00524231 | Top_Xtr: 0.0307637 | Bot_Xtr: 0.034113
Loss contributors: 
	s_analysis_confidence    : 0.0569455
	s_ln_CD                  : 0.0073634
	s_CL                     : 0.00352849
	s_CM                     : 0.00210711
	s_Bot_Xtr                : 0.000641632
	s_Top_Xtr                : 0.000539009
	s_lower_bl_H_0           : 7.31497e-05
	s_upper_bl_H_0           : 6.84447e-05
	s_lower_bl_H_1           : 6.49384e-05
	s_upper_bl_H_1           : 6.48515e-05
Epoch: 810 | Train Loss: 0.0483465 | Test Loss: 0.0754538 | analysis_confidence: 0.0119917 | CL: 0.0257475 | ln_CD: 0.0728467 | CM: 0.00524223 | Top_Xtr: 0.0307629 | Bot_Xtr: 0.0341086
Loss contributors: 
	s_analysis_confidence    : 0.0569408
	s_ln_CD                  : 0.00736346
	s_CL                     : 0.00352837
	s_CM                     : 0.00210707
	s_Bot_Xtr                : 0.000641612
	s_Top_Xtr                : 0.000539001
	s_lower_bl_H_0           : 7.31486e-05
	s_upper_bl_H_0           : 6.84445e-05
	s_lower_bl_H_1           : 6.49347e-05
	s_upper_bl_H_1           : 6.48515e-05
Epoch: 811 | Train Loss: 0.0483463 | Test Loss: 0.0754596 | analysis_confidence: 0.0120383 | CL: 0.0257499 | ln_CD: 0.0728503 | CM: 0.00524241 | Top_Xtr: 0.0307665 | Bot_Xtr: 0.034111
Loss contributors: 
	s_analysis_confidence    : 0.056946
	s_ln_CD                  : 0.00736363
	s_CL                     : 0.00352864
	s_CM                     : 0.00210717
	s_Bot_Xtr                : 0.000641599
	s_Top_Xtr                : 0.000538963
	s_lower_bl_H_0           : 7.31493e-05
	s_upper_bl_H_0           : 6.84444e-05
	s_lower_bl_H_1           : 6.49383e-05
	s_upper_bl_H_1           : 6.48507e-05
Epoch: 812 | Train Loss: 0.0483464 | Test Loss: 0.0754588 | analysis_confidence: 0.0120391 | CL: 0.0257502 | ln_CD: 0.0728536 | CM: 0.00524238 | Top_Xtr: 0.0307611 | Bot_Xtr: 0.034109
Loss contributors: 
	s_analysis_confidence    : 0.0569455
	s_ln_CD                  : 0.00736347
	s_CL                     : 0.00352863
	s_CM                     : 0.00210717
	s_Bot_Xtr                : 0.000641611
	s_Top_Xtr                : 0.000539006
	s_lower_bl_H_0           : 7.31479e-05
	s_upper_bl_H_0           : 6.84427e-05
	s_lower_bl_H_1           : 6.49344e-05
	s_upper_bl_H_1           : 6.48479e-05
Epoch: 813 | Train Loss: 0.0483498 | Test Loss: 0.0754539 | analysis_confidence: 0.0120427 | CL: 0.0257467 | ln_CD: 0.0728587 | CM: 0.00524225 | Top_Xtr: 0.0307669 | Bot_Xtr: 0.03411
Loss contributors: 
	s_analysis_confidence    : 0.05694
	s_ln_CD                  : 0.00736446
	s_CL                     : 0.00352826
	s_CM                     : 0.00210708
	s_Bot_Xtr                : 0.000641551
	s_Top_Xtr                : 0.000538998
	s_lower_bl_H_0           : 7.31487e-05
	s_upper_bl_H_0           : 6.84449e-05
	s_lower_bl_H_1           : 6.4937e-05
	s_upper_bl_H_1           : 6.48513e-05
Epoch: 814 | Train Loss: 0.0483469 | Test Loss: 0.0754573 | analysis_confidence: 0.0120188 | CL: 0.0257496 | ln_CD: 0.072856 | CM: 0.00524236 | Top_Xtr: 0.0307662 | Bot_Xtr: 0.0341116
Loss contributors: 
	s_analysis_confidence    : 0.0569436
	s_ln_CD                  : 0.0073639
	s_CL                     : 0.00352854
	s_CM                     : 0.00210714
	s_Bot_Xtr                : 0.000641549
	s_Top_Xtr                : 0.000539003
	s_lower_bl_H_0           : 7.31505e-05
	s_upper_bl_H_0           : 6.84454e-05
	s_lower_bl_H_1           : 6.49373e-05
	s_upper_bl_H_1           : 6.48509e-05
Epoch: 815 | Train Loss: 0.0483478 | Test Loss: 0.0754564 | analysis_confidence: 0.0120166 | CL: 0.0257522 | ln_CD: 0.0728613 | CM: 0.00524257 | Top_Xtr: 0.0307655 | Bot_Xtr: 0.0341147
Loss contributors: 
	s_analysis_confidence    : 0.056942
	s_ln_CD                  : 0.00736408
	s_CL                     : 0.00352882
	s_CM                     : 0.0021072
	s_Bot_Xtr                : 0.000641597
	s_Top_Xtr                : 0.000538995
	s_lower_bl_H_0           : 7.31505e-05
	s_upper_bl_H_0           : 6.84461e-05
	s_lower_bl_H_1           : 6.49386e-05
	s_upper_bl_H_1           : 6.48522e-05
Epoch: 816 | Train Loss: 0.0483473 | Test Loss: 0.0754556 | analysis_confidence: 0.0120049 | CL: 0.025751 | ln_CD: 0.0728443 | CM: 0.00524239 | Top_Xtr: 0.0307669 | Bot_Xtr: 0.0341129
Loss contributors: 
	s_analysis_confidence    : 0.0569418
	s_ln_CD                  : 0.00736373
	s_CL                     : 0.0035287
	s_CM                     : 0.00210715
	s_Bot_Xtr                : 0.000641573
	s_Top_Xtr                : 0.000539022
	s_lower_bl_H_0           : 7.31491e-05
	s_upper_bl_H_0           : 6.84446e-05
	s_lower_bl_H_1           : 6.49378e-05
	s_upper_bl_H_1           : 6.48509e-05
Epoch: 817 | Train Loss: 0.0483484 | Test Loss: 0.0754582 | analysis_confidence: 0.0119975 | CL: 0.0257506 | ln_CD: 0.0728474 | CM: 0.00524244 | Top_Xtr: 0.0307672 | Bot_Xtr: 0.0341129
Loss contributors: 
	s_analysis_confidence    : 0.056945
	s_ln_CD                  : 0.00736326
	s_CL                     : 0.00352866
	s_CM                     : 0.00210717
	s_Bot_Xtr                : 0.000641608
	s_Top_Xtr                : 0.000539016
	s_lower_bl_H_0           : 7.31496e-05
	s_upper_bl_H_0           : 6.84435e-05
	s_lower_bl_H_1           : 6.4936e-05
	s_upper_bl_H_1           : 6.48499e-05
Epoch: 818 | Train Loss: 0.0483472 | Test Loss: 0.0754642 | analysis_confidence: 0.0120505 | CL: 0.0257522 | ln_CD: 0.0728497 | CM: 0.00524257 | Top_Xtr: 0.0307676 | Bot_Xtr: 0.0341099
Loss contributors: 
	s_analysis_confidence    : 0.0569506
	s_ln_CD                  : 0.00736344
	s_CL                     : 0.00352885
	s_CM                     : 0.00210724
	s_Bot_Xtr                : 0.000641542
	s_Top_Xtr                : 0.000538996
	s_lower_bl_H_0           : 7.31486e-05
	s_upper_bl_H_0           : 6.84431e-05
	s_lower_bl_H_1           : 6.49358e-05
	s_upper_bl_H_1           : 6.48495e-05
Epoch: 819 | Train Loss: 0.0483496 | Test Loss: 0.0754582 | analysis_confidence: 0.0120145 | CL: 0.0257508 | ln_CD: 0.0728469 | CM: 0.00524239 | Top_Xtr: 0.0307686 | Bot_Xtr: 0.0341092
Loss contributors: 
	s_analysis_confidence    : 0.0569452
	s_ln_CD                  : 0.00736301
	s_CL                     : 0.00352869
	s_CM                     : 0.00210718
	s_Bot_Xtr                : 0.000641567
	s_Top_Xtr                : 0.000539015
	s_lower_bl_H_0           : 7.31483e-05
	s_upper_bl_H_0           : 6.84432e-05
	s_lower_bl_H_1           : 6.49354e-05
	s_upper_bl_H_1           : 6.4848e-05
Epoch: 820 | Train Loss: 0.0483479 | Test Loss: 0.0754528 | analysis_confidence: 0.0120063 | CL: 0.0257474 | ln_CD: 0.072863 | CM: 0.00524228 | Top_Xtr: 0.030764 | Bot_Xtr: 0.0341082
Loss contributors: 
	s_analysis_confidence    : 0.0569392
	s_ln_CD                  : 0.00736392
	s_CL                     : 0.00352835
	s_CM                     : 0.0021071
	s_Bot_Xtr                : 0.000641607
	s_Top_Xtr                : 0.000539018
	s_lower_bl_H_0           : 7.31514e-05
	s_upper_bl_H_0           : 6.84473e-05
	s_lower_bl_H_1           : 6.49377e-05
	s_upper_bl_H_1           : 6.48534e-05
Epoch: 821 | Train Loss: 0.0483475 | Test Loss: 0.0754566 | analysis_confidence: 0.0119905 | CL: 0.02575 | ln_CD: 0.0728691 | CM: 0.00524249 | Top_Xtr: 0.0307673 | Bot_Xtr: 0.0341123
Loss contributors: 
	s_analysis_confidence    : 0.0569426
	s_ln_CD                  : 0.00736403
	s_CL                     : 0.00352861
	s_CM                     : 0.00210719
	s_Bot_Xtr                : 0.000641579
	s_Top_Xtr                : 0.000538995
	s_lower_bl_H_0           : 7.31504e-05
	s_upper_bl_H_0           : 6.84464e-05
	s_lower_bl_H_1           : 6.49363e-05
	s_upper_bl_H_1           : 6.48502e-05
Epoch: 822 | Train Loss: 0.0483469 | Test Loss: 0.0754567 | analysis_confidence: 0.0120304 | CL: 0.0257464 | ln_CD: 0.0728559 | CM: 0.00524222 | Top_Xtr: 0.0307663 | Bot_Xtr: 0.0341097
Loss contributors: 
	s_analysis_confidence    : 0.0569427
	s_ln_CD                  : 0.00736447
	s_CL                     : 0.00352821
	s_CM                     : 0.00210705
	s_Bot_Xtr                : 0.000641534
	s_Top_Xtr                : 0.000538992
	s_lower_bl_H_0           : 7.31519e-05
	s_upper_bl_H_0           : 6.84486e-05
	s_lower_bl_H_1           : 6.49381e-05
	s_upper_bl_H_1           : 6.48553e-05
Epoch: 823 | Train Loss: 0.0483476 | Test Loss: 0.0754695 | analysis_confidence: 0.0120515 | CL: 0.0257507 | ln_CD: 0.0728566 | CM: 0.00524241 | Top_Xtr: 0.030763 | Bot_Xtr: 0.0341106
Loss contributors: 
	s_analysis_confidence    : 0.0569549
	s_ln_CD                  : 0.00736475
	s_CL                     : 0.00352864
	s_CM                     : 0.00210715
	s_Bot_Xtr                : 0.000641598
	s_Top_Xtr                : 0.000538992
	s_lower_bl_H_0           : 7.31499e-05
	s_upper_bl_H_0           : 6.84457e-05
	s_lower_bl_H_1           : 6.49355e-05
	s_upper_bl_H_1           : 6.485e-05
Epoch: 824 | Train Loss: 0.0483481 | Test Loss: 0.0754569 | analysis_confidence: 0.0120032 | CL: 0.0257538 | ln_CD: 0.0728513 | CM: 0.00524261 | Top_Xtr: 0.0307637 | Bot_Xtr: 0.0341091
Loss contributors: 
	s_analysis_confidence    : 0.0569435
	s_ln_CD                  : 0.00736316
	s_CL                     : 0.00352899
	s_CM                     : 0.00210726
	s_Bot_Xtr                : 0.000641559
	s_Top_Xtr                : 0.000539008
	s_lower_bl_H_0           : 7.31499e-05
	s_upper_bl_H_0           : 6.84435e-05
	s_lower_bl_H_1           : 6.49344e-05
	s_upper_bl_H_1           : 6.48473e-05
Epoch: 825 | Train Loss: 0.048348 | Test Loss: 0.0754585 | analysis_confidence: 0.0120524 | CL: 0.0257509 | ln_CD: 0.0728706 | CM: 0.00524254 | Top_Xtr: 0.0307653 | Bot_Xtr: 0.034109
Loss contributors: 
	s_analysis_confidence    : 0.0569439
	s_ln_CD                  : 0.00736456
	s_CL                     : 0.00352872
	s_CM                     : 0.00210719
	s_Bot_Xtr                : 0.000641574
	s_Top_Xtr                : 0.000538988
	s_lower_bl_H_0           : 7.31501e-05
	s_upper_bl_H_0           : 6.84457e-05
	s_lower_bl_H_1           : 6.49366e-05
	s_upper_bl_H_1           : 6.48523e-05
Epoch: 826 | Train Loss: 0.0483484 | Test Loss: 0.0754584 | analysis_confidence: 0.01202 | CL: 0.0257524 | ln_CD: 0.0728435 | CM: 0.0052425 | Top_Xtr: 0.0307653 | Bot_Xtr: 0.0341098
Loss contributors: 
	s_analysis_confidence    : 0.0569447
	s_ln_CD                  : 0.00736352
	s_CL                     : 0.00352886
	s_CM                     : 0.00210722
	s_Bot_Xtr                : 0.000641618
	s_Top_Xtr                : 0.000539001
	s_lower_bl_H_0           : 7.31488e-05
	s_upper_bl_H_0           : 6.84444e-05
	s_lower_bl_H_1           : 6.49359e-05
	s_upper_bl_H_1           : 6.48483e-05
Epoch: 827 | Train Loss: 0.0483479 | Test Loss: 0.0754691 | analysis_confidence: 0.0120292 | CL: 0.0257516 | ln_CD: 0.0728559 | CM: 0.00524262 | Top_Xtr: 0.0307645 | Bot_Xtr: 0.0341072
Loss contributors: 
	s_analysis_confidence    : 0.0569551
	s_ln_CD                  : 0.00736391
	s_CL                     : 0.00352873
	s_CM                     : 0.00210723
	s_Bot_Xtr                : 0.000641534
	s_Top_Xtr                : 0.000538997
	s_lower_bl_H_0           : 7.31511e-05
	s_upper_bl_H_0           : 6.84457e-05
	s_lower_bl_H_1           : 6.4938e-05
	s_upper_bl_H_1           : 6.48506e-05
Epoch: 828 | Train Loss: 0.0483475 | Test Loss: 0.0754578 | analysis_confidence: 0.012041 | CL: 0.025751 | ln_CD: 0.072852 | CM: 0.00524259 | Top_Xtr: 0.0307676 | Bot_Xtr: 0.034111
Loss contributors: 
	s_analysis_confidence    : 0.056944
	s_ln_CD                  : 0.00736371
	s_CL                     : 0.00352873
	s_CM                     : 0.00210723
	s_Bot_Xtr                : 0.000641546
	s_Top_Xtr                : 0.000538962
	s_lower_bl_H_0           : 7.31507e-05
	s_upper_bl_H_0           : 6.84456e-05
	s_lower_bl_H_1           : 6.49374e-05
	s_upper_bl_H_1           : 6.4852e-05
Epoch: 829 | Train Loss: 0.0483485 | Test Loss: 0.0754595 | analysis_confidence: 0.0120185 | CL: 0.025747 | ln_CD: 0.0728669 | CM: 0.00524248 | Top_Xtr: 0.0307669 | Bot_Xtr: 0.0341117
Loss contributors: 
	s_analysis_confidence    : 0.0569453
	s_ln_CD                  : 0.00736455
	s_CL                     : 0.00352826
	s_CM                     : 0.00210713
	s_Bot_Xtr                : 0.000641558
	s_Top_Xtr                : 0.000538968
	s_lower_bl_H_0           : 7.31534e-05
	s_upper_bl_H_0           : 6.84499e-05
	s_lower_bl_H_1           : 6.49417e-05
	s_upper_bl_H_1           : 6.48547e-05
Epoch: 830 | Train Loss: 0.0483511 | Test Loss: 0.075462 | analysis_confidence: 0.0120139 | CL: 0.0257509 | ln_CD: 0.0728559 | CM: 0.00524246 | Top_Xtr: 0.0307635 | Bot_Xtr: 0.0341087
Loss contributors: 
	s_analysis_confidence    : 0.0569477
	s_ln_CD                  : 0.00736428
	s_CL                     : 0.00352865
	s_CM                     : 0.00210716
	s_Bot_Xtr                : 0.000641604
	s_Top_Xtr                : 0.000538994
	s_lower_bl_H_0           : 7.31515e-05
	s_upper_bl_H_0           : 6.84477e-05
	s_lower_bl_H_1           : 6.49387e-05
	s_upper_bl_H_1           : 6.48526e-05
Epoch: 831 | Train Loss: 0.048348 | Test Loss: 0.0754677 | analysis_confidence: 0.0120775 | CL: 0.0257506 | ln_CD: 0.0728564 | CM: 0.00524248 | Top_Xtr: 0.0307644 | Bot_Xtr: 0.0341091
Loss contributors: 
	s_analysis_confidence    : 0.0569538
	s_ln_CD                  : 0.0073639
	s_CL                     : 0.00352864
	s_CM                     : 0.00210718
	s_Bot_Xtr                : 0.000641612
	s_Top_Xtr                : 0.000538995
	s_lower_bl_H_0           : 7.31518e-05
	s_upper_bl_H_0           : 6.84489e-05
	s_lower_bl_H_1           : 6.49378e-05
	s_upper_bl_H_1           : 6.48532e-05
Epoch: 832 | Train Loss: 0.0483486 | Test Loss: 0.075457 | analysis_confidence: 0.0120283 | CL: 0.0257537 | ln_CD: 0.0728566 | CM: 0.00524263 | Top_Xtr: 0.0307654 | Bot_Xtr: 0.034108
Loss contributors: 
	s_analysis_confidence    : 0.0569433
	s_ln_CD                  : 0.00736339
	s_CL                     : 0.00352898
	s_CM                     : 0.00210727
	s_Bot_Xtr                : 0.000641558
	s_Top_Xtr                : 0.000538993
	s_lower_bl_H_0           : 7.31521e-05
	s_upper_bl_H_0           : 6.84476e-05
	s_lower_bl_H_1           : 6.49374e-05
	s_upper_bl_H_1           : 6.48506e-05
Epoch: 833 | Train Loss: 0.0483516 | Test Loss: 0.0754569 | analysis_confidence: 0.0119753 | CL: 0.0257506 | ln_CD: 0.0728449 | CM: 0.00524252 | Top_Xtr: 0.0307658 | Bot_Xtr: 0.0341058
Loss contributors: 
	s_analysis_confidence    : 0.0569433
	s_ln_CD                  : 0.00736385
	s_CL                     : 0.00352863
	s_CM                     : 0.00210721
	s_Bot_Xtr                : 0.000641487
	s_Top_Xtr                : 0.000538991
	s_lower_bl_H_0           : 7.31493e-05
	s_upper_bl_H_0           : 6.84441e-05
	s_lower_bl_H_1           : 6.49346e-05
	s_upper_bl_H_1           : 6.48493e-05
Epoch: 834 | Train Loss: 0.0483496 | Test Loss: 0.07546 | analysis_confidence: 0.0120454 | CL: 0.0257507 | ln_CD: 0.0728543 | CM: 0.00524242 | Top_Xtr: 0.0307657 | Bot_Xtr: 0.03411
Loss contributors: 
	s_analysis_confidence    : 0.0569458
	s_ln_CD                  : 0.00736414
	s_CL                     : 0.00352864
	s_CM                     : 0.00210717
	s_Bot_Xtr                : 0.000641613
	s_Top_Xtr                : 0.000539009
	s_lower_bl_H_0           : 7.31507e-05
	s_upper_bl_H_0           : 6.84469e-05
	s_lower_bl_H_1           : 6.49391e-05
	s_upper_bl_H_1           : 6.48536e-05
Epoch: 835 | Train Loss: 0.0483488 | Test Loss: 0.075461 | analysis_confidence: 0.0120643 | CL: 0.02575 | ln_CD: 0.0728619 | CM: 0.00524244 | Top_Xtr: 0.030769 | Bot_Xtr: 0.0341106
Loss contributors: 
	s_analysis_confidence    : 0.0569466
	s_ln_CD                  : 0.00736441
	s_CL                     : 0.00352857
	s_CM                     : 0.00210716
	s_Bot_Xtr                : 0.000641564
	s_Top_Xtr                : 0.000538993
	s_lower_bl_H_0           : 7.31519e-05
	s_upper_bl_H_0           : 6.84479e-05
	s_lower_bl_H_1           : 6.49393e-05
	s_upper_bl_H_1           : 6.48533e-05
Epoch: 836 | Train Loss: 0.0483489 | Test Loss: 0.0754648 | analysis_confidence: 0.0120537 | CL: 0.0257507 | ln_CD: 0.0728512 | CM: 0.00524242 | Top_Xtr: 0.0307666 | Bot_Xtr: 0.0341108
Loss contributors: 
	s_analysis_confidence    : 0.0569509
	s_ln_CD                  : 0.00736394
	s_CL                     : 0.00352867
	s_CM                     : 0.00210718
	s_Bot_Xtr                : 0.000641584
	s_Top_Xtr                : 0.000538986
	s_lower_bl_H_0           : 7.31493e-05
	s_upper_bl_H_0           : 6.84459e-05
	s_lower_bl_H_1           : 6.49364e-05
	s_upper_bl_H_1           : 6.48515e-05
Epoch: 837 | Train Loss: 0.0483512 | Test Loss: 0.0754553 | analysis_confidence: 0.0120273 | CL: 0.0257481 | ln_CD: 0.072851 | CM: 0.0052424 | Top_Xtr: 0.0307658 | Bot_Xtr: 0.0341101
Loss contributors: 
	s_analysis_confidence    : 0.0569412
	s_ln_CD                  : 0.00736437
	s_CL                     : 0.00352841
	s_CM                     : 0.00210714
	s_Bot_Xtr                : 0.000641649
	s_Top_Xtr                : 0.000538992
	s_lower_bl_H_0           : 7.31508e-05
	s_upper_bl_H_0           : 6.84485e-05
	s_lower_bl_H_1           : 6.49399e-05
	s_upper_bl_H_1           : 6.48518e-05
Epoch: 838 | Train Loss: 0.0483486 | Test Loss: 0.0754605 | analysis_confidence: 0.0120223 | CL: 0.0257501 | ln_CD: 0.0728563 | CM: 0.00524234 | Top_Xtr: 0.0307649 | Bot_Xtr: 0.0341097
Loss contributors: 
	s_analysis_confidence    : 0.0569463
	s_ln_CD                  : 0.00736426
	s_CL                     : 0.00352861
	s_CM                     : 0.00210712
	s_Bot_Xtr                : 0.000641608
	s_Top_Xtr                : 0.000538977
	s_lower_bl_H_0           : 7.3151e-05
	s_upper_bl_H_0           : 6.84481e-05
	s_lower_bl_H_1           : 6.49378e-05
	s_upper_bl_H_1           : 6.48524e-05
Epoch: 839 | Train Loss: 0.0483503 | Test Loss: 0.0754552 | analysis_confidence: 0.0120038 | CL: 0.0257506 | ln_CD: 0.0728562 | CM: 0.00524232 | Top_Xtr: 0.0307685 | Bot_Xtr: 0.0341094
Loss contributors: 
	s_analysis_confidence    : 0.0569419
	s_ln_CD                  : 0.00736347
	s_CL                     : 0.00352864
	s_CM                     : 0.00210714
	s_Bot_Xtr                : 0.000641533
	s_Top_Xtr                : 0.000538979
	s_lower_bl_H_0           : 7.3151e-05
	s_upper_bl_H_0           : 6.84462e-05
	s_lower_bl_H_1           : 6.49363e-05
	s_upper_bl_H_1           : 6.48501e-05
Epoch: 840 | Train Loss: 0.0483498 | Test Loss: 0.0754612 | analysis_confidence: 0.0120391 | CL: 0.0257515 | ln_CD: 0.0728586 | CM: 0.00524247 | Top_Xtr: 0.0307671 | Bot_Xtr: 0.034111
Loss contributors: 
	s_analysis_confidence    : 0.0569477
	s_ln_CD                  : 0.00736339
	s_CL                     : 0.00352872
	s_CM                     : 0.00210719
	s_Bot_Xtr                : 0.00064158
	s_Top_Xtr                : 0.000538982
	s_lower_bl_H_0           : 7.31533e-05
	s_upper_bl_H_0           : 6.84491e-05
	s_lower_bl_H_1           : 6.49387e-05
	s_upper_bl_H_1           : 6.48521e-05
Epoch: 841 | Train Loss: 0.0483491 | Test Loss: 0.0754563 | analysis_confidence: 0.0120123 | CL: 0.0257499 | ln_CD: 0.072858 | CM: 0.00524253 | Top_Xtr: 0.0307639 | Bot_Xtr: 0.03411
Loss contributors: 
	s_analysis_confidence    : 0.056943
	s_ln_CD                  : 0.00736338
	s_CL                     : 0.00352861
	s_CM                     : 0.0021072
	s_Bot_Xtr                : 0.000641608
	s_Top_Xtr                : 0.000538986
	s_lower_bl_H_0           : 7.31536e-05
	s_upper_bl_H_0           : 6.84494e-05
	s_lower_bl_H_1           : 6.49376e-05
	s_upper_bl_H_1           : 6.48523e-05
Epoch: 842 | Train Loss: 0.0483491 | Test Loss: 0.0754611 | analysis_confidence: 0.0120153 | CL: 0.0257495 | ln_CD: 0.0728683 | CM: 0.00524249 | Top_Xtr: 0.0307631 | Bot_Xtr: 0.0341113
Loss contributors: 
	s_analysis_confidence    : 0.0569467
	s_ln_CD                  : 0.00736466
	s_CL                     : 0.00352853
	s_CM                     : 0.00210719
	s_Bot_Xtr                : 0.000641592
	s_Top_Xtr                : 0.000538977
	s_lower_bl_H_0           : 7.31522e-05
	s_upper_bl_H_0           : 6.84478e-05
	s_lower_bl_H_1           : 6.49366e-05
	s_upper_bl_H_1           : 6.48525e-05
Epoch: 843 | Train Loss: 0.0483505 | Test Loss: 0.0754653 | analysis_confidence: 0.0120331 | CL: 0.0257496 | ln_CD: 0.0728491 | CM: 0.00524237 | Top_Xtr: 0.0307624 | Bot_Xtr: 0.0341098
Loss contributors: 
	s_analysis_confidence    : 0.0569516
	s_ln_CD                  : 0.00736393
	s_CL                     : 0.0035285
	s_CM                     : 0.00210714
	s_Bot_Xtr                : 0.000641606
	s_Top_Xtr                : 0.000538986
	s_lower_bl_H_0           : 7.315e-05
	s_upper_bl_H_0           : 6.84461e-05
	s_lower_bl_H_1           : 6.49354e-05
	s_upper_bl_H_1           : 6.48511e-05
Epoch: 844 | Train Loss: 0.048349 | Test Loss: 0.0754559 | analysis_confidence: 0.0119965 | CL: 0.0257522 | ln_CD: 0.072857 | CM: 0.00524261 | Top_Xtr: 0.0307636 | Bot_Xtr: 0.0341092
Loss contributors: 
	s_analysis_confidence    : 0.0569422
	s_ln_CD                  : 0.00736364
	s_CL                     : 0.00352879
	s_CM                     : 0.00210723
	s_Bot_Xtr                : 0.000641574
	s_Top_Xtr                : 0.000538974
	s_lower_bl_H_0           : 7.31525e-05
	s_upper_bl_H_0           : 6.84473e-05
	s_lower_bl_H_1           : 6.49366e-05
	s_upper_bl_H_1           : 6.48525e-05
Epoch: 845 | Train Loss: 0.0483503 | Test Loss: 0.0754605 | analysis_confidence: 0.0120093 | CL: 0.0257531 | ln_CD: 0.0728567 | CM: 0.00524272 | Top_Xtr: 0.0307636 | Bot_Xtr: 0.0341112
Loss contributors: 
	s_analysis_confidence    : 0.0569463
	s_ln_CD                  : 0.00736389
	s_CL                     : 0.00352894
	s_CM                     : 0.00210728
	s_Bot_Xtr                : 0.000641593
	s_Top_Xtr                : 0.000538952
	s_lower_bl_H_0           : 7.31524e-05
	s_upper_bl_H_0           : 6.84474e-05
	s_lower_bl_H_1           : 6.49365e-05
	s_upper_bl_H_1           : 6.48506e-05
Epoch: 846 | Train Loss: 0.0483537 | Test Loss: 0.0754591 | analysis_confidence: 0.0120347 | CL: 0.0257514 | ln_CD: 0.0728577 | CM: 0.00524261 | Top_Xtr: 0.0307632 | Bot_Xtr: 0.0341078
Loss contributors: 
	s_analysis_confidence    : 0.056945
	s_ln_CD                  : 0.00736396
	s_CL                     : 0.00352878
	s_CM                     : 0.00210725
	s_Bot_Xtr                : 0.000641554
	s_Top_Xtr                : 0.000538973
	s_lower_bl_H_0           : 7.31529e-05
	s_upper_bl_H_0           : 6.84484e-05
	s_lower_bl_H_1           : 6.49371e-05
	s_upper_bl_H_1           : 6.48518e-05
Epoch: 847 | Train Loss: 0.0483497 | Test Loss: 0.0754571 | analysis_confidence: 0.0120009 | CL: 0.0257491 | ln_CD: 0.0728696 | CM: 0.00524252 | Top_Xtr: 0.0307619 | Bot_Xtr: 0.0341091
Loss contributors: 
	s_analysis_confidence    : 0.0569424
	s_ln_CD                  : 0.00736473
	s_CL                     : 0.00352853
	s_CM                     : 0.00210717
	s_Bot_Xtr                : 0.000641585
	s_Top_Xtr                : 0.000538955
	s_lower_bl_H_0           : 7.31544e-05
	s_upper_bl_H_0           : 6.84508e-05
	s_lower_bl_H_1           : 6.49386e-05
	s_upper_bl_H_1           : 6.48557e-05
Epoch: 848 | Train Loss: 0.0483509 | Test Loss: 0.0754596 | analysis_confidence: 0.0120023 | CL: 0.0257508 | ln_CD: 0.0728644 | CM: 0.00524255 | Top_Xtr: 0.0307665 | Bot_Xtr: 0.0341095
Loss contributors: 
	s_analysis_confidence    : 0.0569456
	s_ln_CD                  : 0.0073641
	s_CL                     : 0.00352868
	s_CM                     : 0.00210719
	s_Bot_Xtr                : 0.000641556
	s_Top_Xtr                : 0.000538954
	s_lower_bl_H_0           : 7.31537e-05
	s_upper_bl_H_0           : 6.84497e-05
	s_lower_bl_H_1           : 6.49372e-05
	s_upper_bl_H_1           : 6.48513e-05
Epoch: 849 | Train Loss: 0.0483505 | Test Loss: 0.0754607 | analysis_confidence: 0.0120298 | CL: 0.0257513 | ln_CD: 0.0728559 | CM: 0.00524271 | Top_Xtr: 0.0307627 | Bot_Xtr: 0.0341093
Loss contributors: 
	s_analysis_confidence    : 0.0569464
	s_ln_CD                  : 0.00736406
	s_CL                     : 0.00352876
	s_CM                     : 0.00210725
	s_Bot_Xtr                : 0.000641543
	s_Top_Xtr                : 0.000538964
	s_lower_bl_H_0           : 7.31534e-05
	s_upper_bl_H_0           : 6.84496e-05
	s_lower_bl_H_1           : 6.4938e-05
	s_upper_bl_H_1           : 6.48531e-05
Epoch: 850 | Train Loss: 0.048351 | Test Loss: 0.0754573 | analysis_confidence: 0.0120496 | CL: 0.0257497 | ln_CD: 0.0728505 | CM: 0.00524249 | Top_Xtr: 0.0307678 | Bot_Xtr: 0.03411
Loss contributors: 
	s_analysis_confidence    : 0.0569439
	s_ln_CD                  : 0.0073635
	s_CL                     : 0.00352862
	s_CM                     : 0.00210718
	s_Bot_Xtr                : 0.000641517
	s_Top_Xtr                : 0.000538967
	s_lower_bl_H_0           : 7.31529e-05
	s_upper_bl_H_0           : 6.84489e-05
	s_lower_bl_H_1           : 6.49368e-05
	s_upper_bl_H_1           : 6.48531e-05
Epoch: 851 | Train Loss: 0.0483503 | Test Loss: 0.0754614 | analysis_confidence: 0.012016 | CL: 0.0257467 | ln_CD: 0.0728715 | CM: 0.00524244 | Top_Xtr: 0.0307678 | Bot_Xtr: 0.0341097
Loss contributors: 
	s_analysis_confidence    : 0.0569472
	s_ln_CD                  : 0.00736463
	s_CL                     : 0.0035283
	s_CM                     : 0.00210712
	s_Bot_Xtr                : 0.000641563
	s_Top_Xtr                : 0.000538949
	s_lower_bl_H_0           : 7.31547e-05
	s_upper_bl_H_0           : 6.84513e-05
	s_lower_bl_H_1           : 6.49394e-05
	s_upper_bl_H_1           : 6.48549e-05
Epoch: 852 | Train Loss: 0.0483522 | Test Loss: 0.0754531 | analysis_confidence: 0.0120164 | CL: 0.0257488 | ln_CD: 0.0728578 | CM: 0.0052425 | Top_Xtr: 0.0307645 | Bot_Xtr: 0.0341097
Loss contributors: 
	s_analysis_confidence    : 0.0569391
	s_ln_CD                  : 0.00736414
	s_CL                     : 0.00352853
	s_CM                     : 0.00210715
	s_Bot_Xtr                : 0.000641618
	s_Top_Xtr                : 0.000538965
	s_lower_bl_H_0           : 7.31548e-05
	s_upper_bl_H_0           : 6.84505e-05
	s_lower_bl_H_1           : 6.494e-05
	s_upper_bl_H_1           : 6.4854e-05
Epoch: 853 | Train Loss: 0.0483508 | Test Loss: 0.0754598 | analysis_confidence: 0.0120184 | CL: 0.0257508 | ln_CD: 0.0728534 | CM: 0.00524265 | Top_Xtr: 0.030766 | Bot_Xtr: 0.0341108
Loss contributors: 
	s_analysis_confidence    : 0.0569461
	s_ln_CD                  : 0.00736361
	s_CL                     : 0.00352872
	s_CM                     : 0.00210721
	s_Bot_Xtr                : 0.000641581
	s_Top_Xtr                : 0.000538951
	s_lower_bl_H_0           : 7.31537e-05
	s_upper_bl_H_0           : 6.84496e-05
	s_lower_bl_H_1           : 6.49391e-05
	s_upper_bl_H_1           : 6.48517e-05
Epoch: 854 | Train Loss: 0.0483504 | Test Loss: 0.0754605 | analysis_confidence: 0.0120074 | CL: 0.0257511 | ln_CD: 0.0728485 | CM: 0.0052427 | Top_Xtr: 0.0307655 | Bot_Xtr: 0.0341119
Loss contributors: 
	s_analysis_confidence    : 0.0569469
	s_ln_CD                  : 0.00736336
	s_CL                     : 0.00352873
	s_CM                     : 0.00210722
	s_Bot_Xtr                : 0.000641621
	s_Top_Xtr                : 0.00053896
	s_lower_bl_H_0           : 7.31533e-05
	s_upper_bl_H_0           : 6.84492e-05
	s_lower_bl_H_1           : 6.49404e-05
	s_upper_bl_H_1           : 6.48518e-05
Epoch: 855 | Train Loss: 0.0483517 | Test Loss: 0.0754694 | analysis_confidence: 0.012058 | CL: 0.0257511 | ln_CD: 0.0728586 | CM: 0.00524279 | Top_Xtr: 0.0307661 | Bot_Xtr: 0.0341104
Loss contributors: 
	s_analysis_confidence    : 0.0569555
	s_ln_CD                  : 0.00736367
	s_CL                     : 0.00352876
	s_CM                     : 0.00210726
	s_Bot_Xtr                : 0.000641583
	s_Top_Xtr                : 0.000538957
	s_lower_bl_H_0           : 7.31531e-05
	s_upper_bl_H_0           : 6.84485e-05
	s_lower_bl_H_1           : 6.49393e-05
	s_upper_bl_H_1           : 6.48537e-05
Epoch: 856 | Train Loss: 0.048351 | Test Loss: 0.075463 | analysis_confidence: 0.0120388 | CL: 0.025751 | ln_CD: 0.0728717 | CM: 0.00524269 | Top_Xtr: 0.0307643 | Bot_Xtr: 0.0341113
Loss contributors: 
	s_analysis_confidence    : 0.056948
	s_ln_CD                  : 0.00736483
	s_CL                     : 0.00352875
	s_CM                     : 0.00210723
	s_Bot_Xtr                : 0.000641599
	s_Top_Xtr                : 0.000538952
	s_lower_bl_H_0           : 7.3154e-05
	s_upper_bl_H_0           : 6.84502e-05
	s_lower_bl_H_1           : 6.4939e-05
	s_upper_bl_H_1           : 6.48535e-05
Epoch: 857 | Train Loss: 0.048351 | Test Loss: 0.0754674 | analysis_confidence: 0.0120491 | CL: 0.025752 | ln_CD: 0.0728447 | CM: 0.00524278 | Top_Xtr: 0.0307626 | Bot_Xtr: 0.0341093
Loss contributors: 
	s_analysis_confidence    : 0.0569536
	s_ln_CD                  : 0.00736349
	s_CL                     : 0.00352885
	s_CM                     : 0.00210727
	s_Bot_Xtr                : 0.000641595
	s_Top_Xtr                : 0.000538968
	s_lower_bl_H_0           : 7.31536e-05
	s_upper_bl_H_0           : 6.84478e-05
	s_lower_bl_H_1           : 6.49394e-05
	s_upper_bl_H_1           : 6.48527e-05
Epoch: 858 | Train Loss: 0.0483496 | Test Loss: 0.0754523 | analysis_confidence: 0.0119907 | CL: 0.0257492 | ln_CD: 0.0728732 | CM: 0.00524257 | Top_Xtr: 0.030762 | Bot_Xtr: 0.0341097
Loss contributors: 
	s_analysis_confidence    : 0.0569373
	s_ln_CD                  : 0.00736506
	s_CL                     : 0.00352852
	s_CM                     : 0.00210716
	s_Bot_Xtr                : 0.000641642
	s_Top_Xtr                : 0.000538981
	s_lower_bl_H_0           : 7.31538e-05
	s_upper_bl_H_0           : 6.84501e-05
	s_lower_bl_H_1           : 6.49378e-05
	s_upper_bl_H_1           : 6.4854e-05
Epoch: 859 | Train Loss: 0.0483527 | Test Loss: 0.0754574 | analysis_confidence: 0.0120079 | CL: 0.0257492 | ln_CD: 0.0728576 | CM: 0.00524258 | Top_Xtr: 0.0307642 | Bot_Xtr: 0.0341088
Loss contributors: 
	s_analysis_confidence    : 0.0569433
	s_ln_CD                  : 0.00736428
	s_CL                     : 0.00352852
	s_CM                     : 0.00210716
	s_Bot_Xtr                : 0.000641566
	s_Top_Xtr                : 0.000538958
	s_lower_bl_H_0           : 7.3153e-05
	s_upper_bl_H_0           : 6.84501e-05
	s_lower_bl_H_1           : 6.49372e-05
	s_upper_bl_H_1           : 6.48549e-05
Epoch: 860 | Train Loss: 0.0483505 | Test Loss: 0.0754633 | analysis_confidence: 0.0119854 | CL: 0.0257509 | ln_CD: 0.0728633 | CM: 0.00524273 | Top_Xtr: 0.0307657 | Bot_Xtr: 0.0341111
Loss contributors: 
	s_analysis_confidence    : 0.0569488
	s_ln_CD                  : 0.00736432
	s_CL                     : 0.00352869
	s_CM                     : 0.00210724
	s_Bot_Xtr                : 0.000641578
	s_Top_Xtr                : 0.000538968
	s_lower_bl_H_0           : 7.31525e-05
	s_upper_bl_H_0           : 6.84471e-05
	s_lower_bl_H_1           : 6.49404e-05
	s_upper_bl_H_1           : 6.4853e-05
Epoch: 861 | Train Loss: 0.0483509 | Test Loss: 0.0754729 | analysis_confidence: 0.0120367 | CL: 0.0257516 | ln_CD: 0.0728539 | CM: 0.00524274 | Top_Xtr: 0.0307644 | Bot_Xtr: 0.0341064
Loss contributors: 
	s_analysis_confidence    : 0.056959
	s_ln_CD                  : 0.00736395
	s_CL                     : 0.00352876
	s_CM                     : 0.00210725
	s_Bot_Xtr                : 0.000641526
	s_Top_Xtr                : 0.000538943
	s_lower_bl_H_0           : 7.31532e-05
	s_upper_bl_H_0           : 6.84486e-05
	s_lower_bl_H_1           : 6.49363e-05
	s_upper_bl_H_1           : 6.48525e-05
Epoch: 862 | Train Loss: 0.0483523 | Test Loss: 0.0754649 | analysis_confidence: 0.0119942 | CL: 0.0257528 | ln_CD: 0.0728684 | CM: 0.00524284 | Top_Xtr: 0.0307641 | Bot_Xtr: 0.0341096
Loss contributors: 
	s_analysis_confidence    : 0.056951
	s_ln_CD                  : 0.00736356
	s_CL                     : 0.00352888
	s_CM                     : 0.00210728
	s_Bot_Xtr                : 0.000641535
	s_Top_Xtr                : 0.000538961
	s_lower_bl_H_0           : 7.31535e-05
	s_upper_bl_H_0           : 6.84488e-05
	s_lower_bl_H_1           : 6.49372e-05
	s_upper_bl_H_1           : 6.48517e-05
Epoch: 863 | Train Loss: 0.0483542 | Test Loss: 0.0754663 | analysis_confidence: 0.012024 | CL: 0.0257459 | ln_CD: 0.0728615 | CM: 0.00524249 | Top_Xtr: 0.0307656 | Bot_Xtr: 0.03411
Loss contributors: 
	s_analysis_confidence    : 0.0569525
	s_ln_CD                  : 0.00736431
	s_CL                     : 0.00352819
	s_CM                     : 0.00210711
	s_Bot_Xtr                : 0.000641589
	s_Top_Xtr                : 0.000538937
	s_lower_bl_H_0           : 7.31551e-05
	s_upper_bl_H_0           : 6.84507e-05
	s_lower_bl_H_1           : 6.49391e-05
	s_upper_bl_H_1           : 6.48561e-05
Epoch: 864 | Train Loss: 0.0483514 | Test Loss: 0.0754622 | analysis_confidence: 0.0119797 | CL: 0.0257496 | ln_CD: 0.072861 | CM: 0.00524275 | Top_Xtr: 0.0307653 | Bot_Xtr: 0.0341092
Loss contributors: 
	s_analysis_confidence    : 0.0569486
	s_ln_CD                  : 0.00736369
	s_CL                     : 0.00352854
	s_CM                     : 0.00210723
	s_Bot_Xtr                : 0.00064158
	s_Top_Xtr                : 0.000538964
	s_lower_bl_H_0           : 7.31541e-05
	s_upper_bl_H_0           : 6.84501e-05
	s_lower_bl_H_1           : 6.49382e-05
	s_upper_bl_H_1           : 6.48532e-05
Epoch: 865 | Train Loss: 0.0483513 | Test Loss: 0.0754707 | analysis_confidence: 0.0120399 | CL: 0.0257522 | ln_CD: 0.0728623 | CM: 0.00524291 | Top_Xtr: 0.0307656 | Bot_Xtr: 0.0341097
Loss contributors: 
	s_analysis_confidence    : 0.0569562
	s_ln_CD                  : 0.00736426
	s_CL                     : 0.0035288
	s_CM                     : 0.0021073
	s_Bot_Xtr                : 0.000641605
	s_Top_Xtr                : 0.000538959
	s_lower_bl_H_0           : 7.31524e-05
	s_upper_bl_H_0           : 6.84497e-05
	s_lower_bl_H_1           : 6.49375e-05
	s_upper_bl_H_1           : 6.48533e-05
Epoch: 866 | Train Loss: 0.048352 | Test Loss: 0.0754748 | analysis_confidence: 0.012038 | CL: 0.0257559 | ln_CD: 0.0728709 | CM: 0.00524301 | Top_Xtr: 0.0307663 | Bot_Xtr: 0.03411
Loss contributors: 
	s_analysis_confidence    : 0.0569604
	s_ln_CD                  : 0.00736375
	s_CL                     : 0.0035292
	s_CM                     : 0.00210737
	s_Bot_Xtr                : 0.000641564
	s_Top_Xtr                : 0.000538979
	s_lower_bl_H_0           : 7.31518e-05
	s_upper_bl_H_0           : 6.84479e-05
	s_lower_bl_H_1           : 6.4936e-05
	s_upper_bl_H_1           : 6.48504e-05
Epoch: 867 | Train Loss: 0.0483524 | Test Loss: 0.0754667 | analysis_confidence: 0.0120293 | CL: 0.0257522 | ln_CD: 0.0728534 | CM: 0.00524284 | Top_Xtr: 0.0307635 | Bot_Xtr: 0.0341097
Loss contributors: 
	s_analysis_confidence    : 0.0569528
	s_ln_CD                  : 0.00736374
	s_CL                     : 0.00352878
	s_CM                     : 0.00210728
	s_Bot_Xtr                : 0.0006416
	s_Top_Xtr                : 0.000538976
	s_lower_bl_H_0           : 7.31526e-05
	s_upper_bl_H_0           : 6.84492e-05
	s_lower_bl_H_1           : 6.49381e-05
	s_upper_bl_H_1           : 6.48537e-05
^CTraceback (most recent call last):
  File "/home/faiza/Documents/NeuralFoil/training/train.py", line 275, in <module>
    loss.backward()
  File "/home/faiza/Documents/NeuralFoil/venv/lib/python3.10/site-packages/torch/_tensor.py", line 521, in backward
    torch.autograd.backward(
  File "/home/faiza/Documents/NeuralFoil/venv/lib/python3.10/site-packages/torch/autograd/__init__.py", line 289, in backward
    _engine_run_backward(
  File "/home/faiza/Documents/NeuralFoil/venv/lib/python3.10/site-packages/torch/autograd/graph.py", line 769, in _engine_run_backward
    return Variable._execution_engine.run_backward(  # Calls into the C++ engine to run the backward pass
KeyboardInterrupt

[?2004h(venv) ]0;faiza@birdlab-arl: ~/Documents/NeuralFoil[01;32mfaiza@birdlab-arl[00m:[01;34m~/Documents/NeuralFoil[00m$ python training/convert_all_pth_files_[K_to_npz.py
[?2004lConverting /home/faiza/Documents/NeuralFoil/training/nn-xlarge.pth to /home/faiza/Documents/NeuralFoil/training/nn-xlarge.npz
/home/faiza/Documents/NeuralFoil/training/convert_all_pth_files_to_npz.py:16: FutureWarning: You are using `torch.load` with `weights_only=False` (the current default value), which uses the default pickle module implicitly. It is possible to construct malicious pickle data which will execute arbitrary code during unpickling (See https://github.com/pytorch/pytorch/blob/main/SECURITY.md#untrusted-models for more details). In a future release, the default value for `weights_only` will be flipped to `True`. This limits the functions that could be executed during unpickling. Arbitrary objects will no longer be allowed to be loaded via this mode unless they are explicitly allowlisted by the user via `torch.serialization.add_safe_globals`. We recommend you start setting `weights_only=True` for any use case where you don't have full control of the loaded file. Please open an issue on GitHub for any issues related to this experimental feature.
  state_dict = torch.load(pth_file)["model_state_dict"]
Converting /home/faiza/Documents/NeuralFoil/training/nn-large.pth to /home/faiza/Documents/NeuralFoil/training/nn-large.npz
Converting /home/faiza/Documents/NeuralFoil/training/nn-xxxlarge.pth to /home/faiza/Documents/NeuralFoil/training/nn-xxxlarge.npz
Converting /home/faiza/Documents/NeuralFoil/training/nn-xxsmall.pth to /home/faiza/Documents/NeuralFoil/training/nn-xxsmall.npz
Converting /home/faiza/Documents/NeuralFoil/training/nn-xsmall.pth to /home/faiza/Documents/NeuralFoil/training/nn-xsmall.npz
Converting /home/faiza/Documents/NeuralFoil/training/nn-avian-v2.pth to /home/faiza/Documents/NeuralFoil/training/nn-avian-v2.npz
Converting /home/faiza/Documents/NeuralFoil/training/nn-avian.pth to /home/faiza/Document